[2m2026-05-01T01:32:03.322799Z[0m [32m INFO[0m [2mphantom_core[0m[2m:[0m PHANTOM Core v1.0.0 starting...
[2m2026-05-01T01:32:03.323219Z[0m [32m INFO[0m [2mphantom_core[0m[2m:[0m Config loaded from: ./data
[2m2026-05-01T01:32:03.330981Z[0m [32m INFO[0m [2mphantom_core::db::migrations[0m[2m:[0m Database migrations applied
[2m2026-05-01T01:32:03.331022Z[0m [32m INFO[0m [2mphantom_core[0m[2m:[0m Database initialized
[2m2026-05-01T01:32:03.331036Z[0m [32m INFO[0m [2mphantom_core[0m[2m:[0m PHANTOM Core running on port 8000
[2m2026-05-01T01:32:03.331265Z[0m [32m INFO[0m [2mphantom_core::api[0m[2m:[0m API listening on 0.0.0.0:8000
[2m2026-05-01T01:32:05.404723Z[0m [32m INFO[0m [2mphantom_core[0m[2m:[0m PHANTOM Core v1.0.0 starting...
[2m2026-05-01T01:32:05.405217Z[0m [32m INFO[0m [2mphantom_core[0m[2m:[0m Config loaded from: ./data
[2m2026-05-01T01:32:05.406452Z[0m [32m INFO[0m [2mphantom_core::db::migrations[0m[2m:[0m Database migrations applied
[2m2026-05-01T01:32:05.406465Z[0m [32m INFO[0m [2mphantom_core[0m[2m:[0m Database initialized
[2m2026-05-01T01:32:05.406472Z[0m [32m INFO[0m [2mphantom_core[0m[2m:[0m PHANTOM Core running on port 8000
[2m2026-05-01T01:32:05.406586Z[0m [32m INFO[0m [2mphantom_core::api[0m[2m:[0m API listening on 0.0.0.0:8000
[2m2026-05-01T01:32:09.488396Z[0m [32m INFO[0m [2mphantom_core[0m[2m:[0m PHANTOM Core v1.0.0 starting...
[2m2026-05-01T01:32:09.488614Z[0m [32m INFO[0m [2mphantom_core[0m[2m:[0m Config loaded from: ./data
[2m2026-05-01T01:32:09.489996Z[0m [32m INFO[0m [2mphantom_core::db::migrations[0m[2m:[0m Database migrations applied
[2m2026-05-01T01:32:09.490009Z[0m [32m INFO[0m [2mphantom_core[0m[2m:[0m Database initialized
[2m2026-05-01T01:32:09.490015Z[0m [32m INFO[0m [2mphantom_core[0m[2m:[0m PHANTOM Core running on port 8000
[2m2026-05-01T01:32:09.490140Z[0m [32m INFO[0m [2mphantom_core::api[0m[2m:[0m API listening on 0.0.0.0:8000
[2m2026-05-01T01:32:17.566531Z[0m [32m INFO[0m [2mphantom_core[0m[2m:[0m PHANTOM Core v1.0.0 starting...
[2m2026-05-01T01:32:17.566758Z[0m [32m INFO[0m [2mphantom_core[0m[2m:[0m Config loaded from: ./data
[2m2026-05-01T01:32:17.567966Z[0m [32m INFO[0m [2mphantom_core::db::migrations[0m[2m:[0m Database migrations applied
[2m2026-05-01T01:32:17.567978Z[0m [32m INFO[0m [2mphantom_core[0m[2m:[0m Database initialized
[2m2026-05-01T01:32:17.567984Z[0m [32m INFO[0m [2mphantom_core[0m[2m:[0m PHANTOM Core running on port 8000
[2m2026-05-01T01:32:17.568110Z[0m [32m INFO[0m [2mphantom_core::api[0m[2m:[0m API listening on 0.0.0.0:8000
[2m2026-05-01T01:32:33.654223Z[0m [32m INFO[0m [2mphantom_core[0m[2m:[0m PHANTOM Core v1.0.0 starting...
[2m2026-05-01T01:32:33.654485Z[0m [32m INFO[0m [2mphantom_core[0m[2m:[0m Config loaded from: ./data
[2m2026-05-01T01:32:33.656008Z[0m [32m INFO[0m [2mphantom_core::db::migrations[0m[2m:[0m Database migrations applied
[2m2026-05-01T01:32:33.656022Z[0m [32m INFO[0m [2mphantom_core[0m[2m:[0m Database initialized
[2m2026-05-01T01:32:33.656028Z[0m [32m INFO[0m [2mphantom_core[0m[2m:[0m PHANTOM Core running on port 8000
[2m2026-05-01T01:32:33.656149Z[0m [32m INFO[0m [2mphantom_core::api[0m[2m:[0m API listening on 0.0.0.0:8000
[2m2026-05-01T01:33:05.730949Z[0m [32m INFO[0m [2mphantom_core[0m[2m:[0m PHANTOM Core v1.0.0 starting...
[2m2026-05-01T01:33:05.731166Z[0m [32m INFO[0m [2mphantom_core[0m[2m:[0m Config loaded from: ./data
[2m2026-05-01T01:33:05.732371Z[0m [32m INFO[0m [2mphantom_core::db::migrations[0m[2m:[0m Database migrations applied
[2m2026-05-01T01:33:05.732383Z[0m [32m INFO[0m [2mphantom_core[0m[2m:[0m Database initialized
[2m2026-05-01T01:33:05.732389Z[0m [32m INFO[0m [2mphantom_core[0m[2m:[0m PHANTOM Core running on port 8000
[2m2026-05-01T01:33:05.732503Z[0m [32m INFO[0m [2mphantom_core::api[0m[2m:[0m API listening on 0.0.0.0:8000
[2m2026-05-01T01:34:09.812521Z[0m [32m INFO[0m [2mphantom_core[0m[2m:[0m PHANTOM Core v1.0.0 starting...
[2m2026-05-01T01:34:09.812748Z[0m [32m INFO[0m [2mphantom_core[0m[2m:[0m Config loaded from: ./data
[2m2026-05-01T01:34:09.814123Z[0m [32m INFO[0m [2mphantom_core::db::migrations[0m[2m:[0m Database migrations applied
[2m2026-05-01T01:34:09.814136Z[0m [32m INFO[0m [2mphantom_core[0m[2m:[0m Database initialized
[2m2026-05-01T01:34:09.814142Z[0m [32m INFO[0m [2mphantom_core[0m[2m:[0m PHANTOM Core running on port 8000
[2m2026-05-01T01:34:09.814258Z[0m [32m INFO[0m [2mphantom_core::api[0m[2m:[0m API listening on 0.0.0.0:8000
[2m2026-05-01T01:36:17.898388Z[0m [32m INFO[0m [2mphantom_core[0m[2m:[0m PHANTOM Core v1.0.0 starting...
[2m2026-05-01T01:36:17.898664Z[0m [32m INFO[0m [2mphantom_core[0m[2m:[0m Config loaded from: ./data
[2m2026-05-01T01:36:17.905233Z[0m [32m INFO[0m [2mphantom_core::db::migrations[0m[2m:[0m Database migrations applied
[2m2026-05-01T01:36:17.905250Z[0m [32m INFO[0m [2mphantom_core[0m[2m:[0m Database initialized
[2m2026-05-01T01:36:17.905256Z[0m [32m INFO[0m [2mphantom_core[0m[2m:[0m PHANTOM Core running on port 8000
[2m2026-05-01T01:36:17.905382Z[0m [32m INFO[0m [2mphantom_core::api[0m[2m:[0m API listening on 0.0.0.0:8000
[2m2026-05-01T01:40:34.069363Z[0m [32m INFO[0m [2mphantom_core[0m[2m:[0m PHANTOM Core v1.0.0 starting...
[2m2026-05-01T01:40:34.070482Z[0m [32m INFO[0m [2mphantom_core[0m[2m:[0m Config loaded from: ./data
[2m2026-05-01T01:40:34.090713Z[0m [32m INFO[0m [2mphantom_core::db::migrations[0m[2m:[0m Database migrations applied
[2m2026-05-01T01:40:34.090759Z[0m [32m INFO[0m [2mphantom_core[0m[2m:[0m Database initialized
[2m2026-05-01T01:40:34.090766Z[0m [32m INFO[0m [2mphantom_core[0m[2m:[0m PHANTOM Core running on port 8000
[2m2026-05-01T01:40:34.090957Z[0m [32m INFO[0m [2mphantom_core::api[0m[2m:[0m API listening on 0.0.0.0:8000
[2m2026-05-01T06:57:04.181053Z[0m [32m INFO[0m [2mphantom_core[0m[2m:[0m PHANTOM Core v1.0.0 starting...
[2m2026-05-01T06:57:04.181623Z[0m [32m INFO[0m [2mphantom_core[0m[2m:[0m Config loaded from: ./data
[2m2026-05-01T06:57:04.198247Z[0m [32m INFO[0m [2mphantom_core::db::migrations[0m[2m:[0m Database migrations applied
[2m2026-05-01T06:57:04.198272Z[0m [32m INFO[0m [2mphantom_core[0m[2m:[0m Database initialized
[2m2026-05-01T06:57:04.198279Z[0m [32m INFO[0m [2mphantom_core[0m[2m:[0m PHANTOM Core running on port 8000
[2m2026-05-01T06:57:04.198503Z[0m [32m INFO[0m [2mphantom_core::api[0m[2m:[0m API listening on 0.0.0.0:8000
[2m2026-05-01T07:34:12.891204Z[0m [32m INFO[0m [2mphantom_core[0m[2m:[0m PHANTOM Core v1.0.0 starting...
[2m2026-05-01T07:34:12.939714Z[0m [32m INFO[0m [2mphantom_core[0m[2m:[0m Config loaded from: ./data
[2m2026-05-01T07:34:13.267339Z[0m [32m INFO[0m [2mphantom_core::db::migrations[0m[2m:[0m Database migrations applied
[2m2026-05-01T07:34:13.267362Z[0m [32m INFO[0m [2mphantom_core[0m[2m:[0m Database initialized
[2m2026-05-01T07:34:13.267369Z[0m [32m INFO[0m [2mphantom_core[0m[2m:[0m PHANTOM Core running on port 8000
[2m2026-05-01T07:34:13.332612Z[0m [32m INFO[0m [2mphantom_core::api[0m[2m:[0m API listening on 0.0.0.0:8000
[2m2026-05-01T08:13:08.700011Z[0m [32m INFO[0m [2mphantom_core::api::routes::devices[0m[2m:[0m Heartbeat from 84d8a5fd-a7e2-4b81-85f5-6492c856b201
[2m2026-05-01T08:13:38.711105Z[0m [32m INFO[0m [2mphantom_core::api::routes::devices[0m[2m:[0m Heartbeat from 84d8a5fd-a7e2-4b81-85f5-6492c856b201
[2m2026-05-01T08:14:08.728580Z[0m [32m INFO[0m [2mphantom_core::api::routes::devices[0m[2m:[0m Heartbeat from 84d8a5fd-a7e2-4b81-85f5-6492c856b201
[2m2026-05-01T08:14:38.745164Z[0m [32m INFO[0m [2mphantom_core::api::routes::devices[0m[2m:[0m Heartbeat from 84d8a5fd-a7e2-4b81-85f5-6492c856b201
[2m2026-05-01T08:15:08.761947Z[0m [32m INFO[0m [2mphantom_core::api::routes::devices[0m[2m:[0m Heartbeat from 84d8a5fd-a7e2-4b81-85f5-6492c856b201
[2m2026-05-01T08:15:38.778282Z[0m [32m INFO[0m [2mphantom_core::api::routes::devices[0m[2m:[0m Heartbeat from 84d8a5fd-a7e2-4b81-85f5-6492c856b201
[2m2026-05-01T08:16:08.780262Z[0m [32m INFO[0m [2mphantom_core::api::routes::devices[0m[2m:[0m Heartbeat from 84d8a5fd-a7e2-4b81-85f5-6492c856b201
[2m2026-05-01T08:16:38.796099Z[0m [32m INFO[0m [2mphantom_core::api::routes::devices[0m[2m:[0m Heartbeat from 84d8a5fd-a7e2-4b81-85f5-6492c856b201
[2m2026-05-01T08:17:08.812932Z[0m [32m INFO[0m [2mphantom_core::api::routes::devices[0m[2m:[0m Heartbeat from 84d8a5fd-a7e2-4b81-85f5-6492c856b201
[2m2026-05-01T08:17:38.829600Z[0m [32m INFO[0m [2mphantom_core::api::routes::devices[0m[2m:[0m Heartbeat from 84d8a5fd-a7e2-4b81-85f5-6492c856b201
[2m2026-05-01T08:18:08.831339Z[0m [32m INFO[0m [2mphantom_core::api::routes::devices[0m[2m:[0m Heartbeat from 84d8a5fd-a7e2-4b81-85f5-6492c856b201
[2m2026-05-01T08:18:38.845897Z[0m [32m INFO[0m [2mphantom_core::api::routes::devices[0m[2m:[0m Heartbeat from 84d8a5fd-a7e2-4b81-85f5-6492c856b201
[2m2026-05-01T08:19:14.089941Z[0m [32m INFO[0m [2mphantom_core::api::routes::devices[0m[2m:[0m Heartbeat from 84d8a5fd-a7e2-4b81-85f5-6492c856b201
[2m2026-05-01T08:19:44.096191Z[0m [32m INFO[0m [2mphantom_core::api::routes::devices[0m[2m:[0m Heartbeat from 84d8a5fd-a7e2-4b81-85f5-6492c856b201
[2m2026-05-01T08:20:14.100885Z[0m [32m INFO[0m [2mphantom_core::api::routes::devices[0m[2m:[0m Heartbeat from 84d8a5fd-a7e2-4b81-85f5-6492c856b201
[2m2026-05-01T08:20:44.113853Z[0m [32m INFO[0m [2mphantom_core::api::routes::devices[0m[2m:[0m Heartbeat from 84d8a5fd-a7e2-4b81-85f5-6492c856b201
[2m2026-05-01T08:21:14.132760Z[0m [32m INFO[0m [2mphantom_core::api::routes::devices[0m[2m:[0m Heartbeat from 84d8a5fd-a7e2-4b81-85f5-6492c856b201
[2m2026-05-01T08:21:44.148310Z[0m [32m INFO[0m [2mphantom_core::api::routes::devices[0m[2m:[0m Heartbeat from 84d8a5fd-a7e2-4b81-85f5-6492c856b201
[2m2026-05-01T08:22:14.153501Z[0m [32m INFO[0m [2mphantom_core::api::routes::devices[0m[2m:[0m Heartbeat from 84d8a5fd-a7e2-4b81-85f5-6492c856b201
[2m2026-05-01T08:22:44.159632Z[0m [32m INFO[0m [2mphantom_core::api::routes::devices[0m[2m:[0m Heartbeat from 84d8a5fd-a7e2-4b81-85f5-6492c856b201
[2m2026-05-01T08:23:14.165305Z[0m [32m INFO[0m [2mphantom_core::api::routes::devices[0m[2m:[0m Heartbeat from 84d8a5fd-a7e2-4b81-85f5-6492c856b201
[2m2026-05-01T08:23:44.183011Z[0m [32m INFO[0m [2mphantom_core::api::routes::devices[0m[2m:[0m Heartbeat from 84d8a5fd-a7e2-4b81-85f5-6492c856b201
[2m2026-05-01T08:24:14.199018Z[0m [32m INFO[0m [2mphantom_core::api::routes::devices[0m[2m:[0m Heartbeat from 84d8a5fd-a7e2-4b81-85f5-6492c856b201
[2m2026-05-01T08:24:44.222452Z[0m [32m INFO[0m [2mphantom_core::api::routes::devices[0m[2m:[0m Heartbeat from 84d8a5fd-a7e2-4b81-85f5-6492c856b201
[2m2026-05-01T08:25:14.265121Z[0m [32m INFO[0m [2mphantom_core::api::routes::devices[0m[2m:[0m Heartbeat from 84d8a5fd-a7e2-4b81-85f5-6492c856b201
[2m2026-05-01T08:25:44.283035Z[0m [32m INFO[0m [2mphantom_core::api::routes::devices[0m[2m:[0m Heartbeat from 84d8a5fd-a7e2-4b81-85f5-6492c856b201
[2m2026-05-01T08:26:19.107002Z[0m [32m INFO[0m [2mphantom_core::api::routes::devices[0m[2m:[0m Heartbeat from 84d8a5fd-a7e2-4b81-85f5-6492c856b201
[2m2026-05-01T08:26:49.119954Z[0m [32m INFO[0m [2mphantom_core::api::routes::devices[0m[2m:[0m Heartbeat from 84d8a5fd-a7e2-4b81-85f5-6492c856b201
[2m2026-05-01T08:27:19.130765Z[0m [32m INFO[0m [2mphantom_core::api::routes::devices[0m[2m:[0m Heartbeat from 84d8a5fd-a7e2-4b81-85f5-6492c856b201
[2m2026-05-01T08:27:59.260992Z[0m [32m INFO[0m [2mphantom_core::api::routes::devices[0m[2m:[0m Heartbeat from 84d8a5fd-a7e2-4b81-85f5-6492c856b201
[2m2026-05-01T08:28:29.268001Z[0m [32m INFO[0m [2mphantom_core::api::routes::devices[0m[2m:[0m Heartbeat from 84d8a5fd-a7e2-4b81-85f5-6492c856b201
[2m2026-05-01T08:28:59.301000Z[0m [32m INFO[0m [2mphantom_core::api::routes::devices[0m[2m:[0m Heartbeat from 84d8a5fd-a7e2-4b81-85f5-6492c856b201
[2m2026-05-01T08:29:29.323589Z[0m [32m INFO[0m [2mphantom_core::api::routes::devices[0m[2m:[0m Heartbeat from 84d8a5fd-a7e2-4b81-85f5-6492c856b201
[2m2026-05-01T08:29:59.332147Z[0m [32m INFO[0m [2mphantom_core::api::routes::devices[0m[2m:[0m Heartbeat from 84d8a5fd-a7e2-4b81-85f5-6492c856b201
[2m2026-05-01T08:30:29.343588Z[0m [32m INFO[0m [2mphantom_core::api::routes::devices[0m[2m:[0m Heartbeat from 84d8a5fd-a7e2-4b81-85f5-6492c856b201
[2m2026-05-01T08:30:59.357950Z[0m [32m INFO[0m [2mphantom_core::api::routes::devices[0m[2m:[0m Heartbeat from 84d8a5fd-a7e2-4b81-85f5-6492c856b201
[2m2026-05-01T08:31:29.359679Z[0m [32m INFO[0m [2mphantom_core::api::routes::devices[0m[2m:[0m Heartbeat from 84d8a5fd-a7e2-4b81-85f5-6492c856b201
[2m2026-05-01T08:31:59.371310Z[0m [32m INFO[0m [2mphantom_core::api::routes::devices[0m[2m:[0m Heartbeat from 84d8a5fd-a7e2-4b81-85f5-6492c856b201
[2m2026-05-01T08:32:29.377259Z[0m [32m INFO[0m [2mphantom_core::api::routes::devices[0m[2m:[0m Heartbeat from 84d8a5fd-a7e2-4b81-85f5-6492c856b201
[2m2026-05-01T08:32:59.381862Z[0m [32m INFO[0m [2mphantom_core::api::routes::devices[0m[2m:[0m Heartbeat from 84d8a5fd-a7e2-4b81-85f5-6492c856b201
[2m2026-05-01T08:33:29.398044Z[0m [32m INFO[0m [2mphantom_core::api::routes::devices[0m[2m:[0m Heartbeat from 84d8a5fd-a7e2-4b81-85f5-6492c856b201
[2m2026-05-01T08:33:59.404295Z[0m [32m INFO[0m [2mphantom_core::api::routes::devices[0m[2m:[0m Heartbeat from 84d8a5fd-a7e2-4b81-85f5-6492c856b201
[2m2026-05-01T08:34:31.074234Z[0m [32m INFO[0m [2mphantom_core::api::routes::devices[0m[2m:[0m Heartbeat from 84d8a5fd-a7e2-4b81-85f5-6492c856b201
[2m2026-05-01T08:35:01.085726Z[0m [32m INFO[0m [2mphantom_core::api::routes::devices[0m[2m:[0m Heartbeat from 84d8a5fd-a7e2-4b81-85f5-6492c856b201
[2m2026-05-01T08:35:31.089455Z[0m [32m INFO[0m [2mphantom_core::api::routes::devices[0m[2m:[0m Heartbeat from 84d8a5fd-a7e2-4b81-85f5-6492c856b201
[2m2026-05-01T08:36:02.476964Z[0m [32m INFO[0m [2mphantom_core::api::routes::devices[0m[2m:[0m Heartbeat from 84d8a5fd-a7e2-4b81-85f5-6492c856b201
[2m2026-05-01T08:36:32.495374Z[0m [32m INFO[0m [2mphantom_core::api::routes::devices[0m[2m:[0m Heartbeat from 84d8a5fd-a7e2-4b81-85f5-6492c856b201
[2m2026-05-01T08:37:02.506408Z[0m [32m INFO[0m [2mphantom_core::api::routes::devices[0m[2m:[0m Heartbeat from 84d8a5fd-a7e2-4b81-85f5-6492c856b201
[2m2026-05-01T08:37:32.522317Z[0m [32m INFO[0m [2mphantom_core::api::routes::devices[0m[2m:[0m Heartbeat from 84d8a5fd-a7e2-4b81-85f5-6492c856b201
[2m2026-05-01T08:38:02.545892Z[0m [32m INFO[0m [2mphantom_core::api::routes::devices[0m[2m:[0m Heartbeat from 84d8a5fd-a7e2-4b81-85f5-6492c856b201
[2m2026-05-01T08:39:03.662150Z[0m [32m INFO[0m [2mphantom_core::api::routes::devices[0m[2m:[0m Heartbeat from 84d8a5fd-a7e2-4b81-85f5-6492c856b201
[2m2026-05-01T08:39:33.674391Z[0m [32m INFO[0m [2mphantom_core::api::routes::devices[0m[2m:[0m Heartbeat from 84d8a5fd-a7e2-4b81-85f5-6492c856b201
[2m2026-05-01T08:40:14.798612Z[0m [32m INFO[0m [2mphantom_core::api::routes::devices[0m[2m:[0m Heartbeat from 84d8a5fd-a7e2-4b81-85f5-6492c856b201
[2m2026-05-01T08:40:44.808442Z[0m [32m INFO[0m [2mphantom_core::api::routes::devices[0m[2m:[0m Heartbeat from 84d8a5fd-a7e2-4b81-85f5-6492c856b201
[2m2026-05-01T08:41:28.806251Z[0m [32m INFO[0m [2mphantom_core::api::routes::devices[0m[2m:[0m Heartbeat from 84d8a5fd-a7e2-4b81-85f5-6492c856b201
[2m2026-05-01T08:41:58.819716Z[0m [32m INFO[0m [2mphantom_core::api::routes::devices[0m[2m:[0m Heartbeat from 84d8a5fd-a7e2-4b81-85f5-6492c856b201
[2m2026-05-01T08:42:28.836880Z[0m [32m INFO[0m [2mphantom_core::api::routes::devices[0m[2m:[0m Heartbeat from 84d8a5fd-a7e2-4b81-85f5-6492c856b201
[2m2026-05-01T08:42:59.125327Z[0m [32m INFO[0m [2mphantom_core::api::routes::devices[0m[2m:[0m Heartbeat from 84d8a5fd-a7e2-4b81-85f5-6492c856b201
[2m2026-05-01T08:43:29.142388Z[0m [32m INFO[0m [2mphantom_core::api::routes::devices[0m[2m:[0m Heartbeat from 84d8a5fd-a7e2-4b81-85f5-6492c856b201
[2m2026-05-01T08:44:03.550814Z[0m [32m INFO[0m [2mphantom_core::api::routes::devices[0m[2m:[0m Heartbeat from 84d8a5fd-a7e2-4b81-85f5-6492c856b201
[2m2026-05-01T08:44:33.568523Z[0m [32m INFO[0m [2mphantom_core::api::routes::devices[0m[2m:[0m Heartbeat from 84d8a5fd-a7e2-4b81-85f5-6492c856b201
[2m2026-05-01T08:45:09.596998Z[0m [32m INFO[0m [2mphantom_core::api::routes::devices[0m[2m:[0m Heartbeat from 84d8a5fd-a7e2-4b81-85f5-6492c856b201
[2m2026-05-01T08:45:39.613791Z[0m [32m INFO[0m [2mphantom_core::api::routes::devices[0m[2m:[0m Heartbeat from 84d8a5fd-a7e2-4b81-85f5-6492c856b201
[2m2026-05-01T08:46:09.617442Z[0m [32m INFO[0m [2mphantom_core::api::routes::devices[0m[2m:[0m Heartbeat from 84d8a5fd-a7e2-4b81-85f5-6492c856b201
[2m2026-05-01T08:46:39.628988Z[0m [32m INFO[0m [2mphantom_core::api::routes::devices[0m[2m:[0m Heartbeat from 84d8a5fd-a7e2-4b81-85f5-6492c856b201
[2m2026-05-01T08:47:09.633847Z[0m [32m INFO[0m [2mphantom_core::api::routes::devices[0m[2m:[0m Heartbeat from 84d8a5fd-a7e2-4b81-85f5-6492c856b201
[2m2026-05-01T08:47:39.649018Z[0m [32m INFO[0m [2mphantom_core::api::routes::devices[0m[2m:[0m Heartbeat from 84d8a5fd-a7e2-4b81-85f5-6492c856b201
[2m2026-05-01T08:48:09.656523Z[0m [32m INFO[0m [2mphantom_core::api::routes::devices[0m[2m:[0m Heartbeat from 84d8a5fd-a7e2-4b81-85f5-6492c856b201
[2m2026-05-01T08:48:39.665474Z[0m [32m INFO[0m [2mphantom_core::api::routes::devices[0m[2m:[0m Heartbeat from 84d8a5fd-a7e2-4b81-85f5-6492c856b201
[2m2026-05-01T08:49:09.681207Z[0m [32m INFO[0m [2mphantom_core::api::routes::devices[0m[2m:[0m Heartbeat from 84d8a5fd-a7e2-4b81-85f5-6492c856b201
[2m2026-05-01T08:49:39.683727Z[0m [32m INFO[0m [2mphantom_core::api::routes::devices[0m[2m:[0m Heartbeat from 84d8a5fd-a7e2-4b81-85f5-6492c856b201
[2m2026-05-01T08:50:11.961483Z[0m [32m INFO[0m [2mphantom_core::api::routes::devices[0m[2m:[0m Heartbeat from 84d8a5fd-a7e2-4b81-85f5-6492c856b201
[2m2026-05-01T08:50:41.977554Z[0m [32m INFO[0m [2mphantom_core::api::routes::devices[0m[2m:[0m Heartbeat from 84d8a5fd-a7e2-4b81-85f5-6492c856b201
[2m2026-05-01T08:51:11.998101Z[0m [32m INFO[0m [2mphantom_core::api::routes::devices[0m[2m:[0m Heartbeat from 84d8a5fd-a7e2-4b81-85f5-6492c856b201
[2m2026-05-01T08:51:42.011309Z[0m [32m INFO[0m [2mphantom_core::api::routes::devices[0m[2m:[0m Heartbeat from 84d8a5fd-a7e2-4b81-85f5-6492c856b201
[2m2026-05-01T08:52:12.027978Z[0m [32m INFO[0m [2mphantom_core::api::routes::devices[0m[2m:[0m Heartbeat from 84d8a5fd-a7e2-4b81-85f5-6492c856b201
[2m2026-05-01T08:52:42.041543Z[0m [32m INFO[0m [2mphantom_core::api::routes::devices[0m[2m:[0m Heartbeat from 84d8a5fd-a7e2-4b81-85f5-6492c856b201
[2m2026-05-01T08:53:12.064204Z[0m [32m INFO[0m [2mphantom_core::api::routes::devices[0m[2m:[0m Heartbeat from 84d8a5fd-a7e2-4b81-85f5-6492c856b201
[2m2026-05-01T08:53:42.081115Z[0m [32m INFO[0m [2mphantom_core::api::routes::devices[0m[2m:[0m Heartbeat from 84d8a5fd-a7e2-4b81-85f5-6492c856b201
[2m2026-05-01T08:54:28.757683Z[0m [32m INFO[0m [2mphantom_core::api::routes::devices[0m[2m:[0m Heartbeat from 84d8a5fd-a7e2-4b81-85f5-6492c856b201
[2m2026-05-01T08:56:25.006968Z[0m [32m INFO[0m [2mphantom_core::api::routes::devices[0m[2m:[0m Heartbeat from 84d8a5fd-a7e2-4b81-85f5-6492c856b201
[2m2026-05-01T08:56:55.022647Z[0m [32m INFO[0m [2mphantom_core::api::routes::devices[0m[2m:[0m Heartbeat from 84d8a5fd-a7e2-4b81-85f5-6492c856b201
[2m2026-05-01T08:57:25.030080Z[0m [32m INFO[0m [2mphantom_core::api::routes::devices[0m[2m:[0m Heartbeat from 84d8a5fd-a7e2-4b81-85f5-6492c856b201
[2m2026-05-01T08:57:55.847721Z[0m [32m INFO[0m [2mphantom_core::api::routes::devices[0m[2m:[0m Heartbeat from 84d8a5fd-a7e2-4b81-85f5-6492c856b201
[2m2026-05-01T08:58:25.860820Z[0m [32m INFO[0m [2mphantom_core::api::routes::devices[0m[2m:[0m Heartbeat from 84d8a5fd-a7e2-4b81-85f5-6492c856b201
[2m2026-05-01T08:58:55.864462Z[0m [32m INFO[0m [2mphantom_core::api::routes::devices[0m[2m:[0m Heartbeat from 84d8a5fd-a7e2-4b81-85f5-6492c856b201
[2m2026-05-01T08:59:25.876942Z[0m [32m INFO[0m [2mphantom_core::api::routes::devices[0m[2m:[0m Heartbeat from 84d8a5fd-a7e2-4b81-85f5-6492c856b201
[2m2026-05-01T08:59:55.892973Z[0m [32m INFO[0m [2mphantom_core::api::routes::devices[0m[2m:[0m Heartbeat from 84d8a5fd-a7e2-4b81-85f5-6492c856b201
[2m2026-05-01T09:00:25.897710Z[0m [32m INFO[0m [2mphantom_core::api::routes::devices[0m[2m:[0m Heartbeat from 84d8a5fd-a7e2-4b81-85f5-6492c856b201
[2m2026-05-01T09:00:55.901903Z[0m [32m INFO[0m [2mphantom_core::api::routes::devices[0m[2m:[0m Heartbeat from 84d8a5fd-a7e2-4b81-85f5-6492c856b201
[2m2026-05-01T09:01:25.915876Z[0m [32m INFO[0m [2mphantom_core::api::routes::devices[0m[2m:[0m Heartbeat from 84d8a5fd-a7e2-4b81-85f5-6492c856b201
[2m2026-05-01T09:02:18.547981Z[0m [32m INFO[0m [2mphantom_core::api::routes::devices[0m[2m:[0m Heartbeat from 84d8a5fd-a7e2-4b81-85f5-6492c856b201
[2m2026-05-01T09:02:48.566953Z[0m [32m INFO[0m [2mphantom_core::api::routes::devices[0m[2m:[0m Heartbeat from 84d8a5fd-a7e2-4b81-85f5-6492c856b201
[2m2026-05-01T09:03:18.582598Z[0m [32m INFO[0m [2mphantom_core::api::routes::devices[0m[2m:[0m Heartbeat from 84d8a5fd-a7e2-4b81-85f5-6492c856b201
[2m2026-05-01T09:03:48.588392Z[0m [32m INFO[0m [2mphantom_core::api::routes::devices[0m[2m:[0m Heartbeat from 84d8a5fd-a7e2-4b81-85f5-6492c856b201
[2m2026-05-01T09:04:18.598204Z[0m [32m INFO[0m [2mphantom_core::api::routes::devices[0m[2m:[0m Heartbeat from 84d8a5fd-a7e2-4b81-85f5-6492c856b201
[2m2026-05-01T09:04:48.612094Z[0m [32m INFO[0m [2mphantom_core::api::routes::devices[0m[2m:[0m Heartbeat from 84d8a5fd-a7e2-4b81-85f5-6492c856b201
[2m2026-05-01T09:05:18.617038Z[0m [32m INFO[0m [2mphantom_core::api::routes::devices[0m[2m:[0m Heartbeat from 84d8a5fd-a7e2-4b81-85f5-6492c856b201
[2m2026-05-01T09:05:48.629432Z[0m [32m INFO[0m [2mphantom_core::api::routes::devices[0m[2m:[0m Heartbeat from 84d8a5fd-a7e2-4b81-85f5-6492c856b201
[2m2026-05-01T09:06:18.648760Z[0m [32m INFO[0m [2mphantom_core::api::routes::devices[0m[2m:[0m Heartbeat from 84d8a5fd-a7e2-4b81-85f5-6492c856b201
[2m2026-05-01T09:06:50.948005Z[0m [32m INFO[0m [2mphantom_core::api::routes::devices[0m[2m:[0m Heartbeat from 84d8a5fd-a7e2-4b81-85f5-6492c856b201
[2m2026-05-01T09:07:20.962598Z[0m [32m INFO[0m [2mphantom_core::api::routes::devices[0m[2m:[0m Heartbeat from 84d8a5fd-a7e2-4b81-85f5-6492c856b201
[2m2026-05-01T09:08:20.204836Z[0m [32m INFO[0m [2mphantom_core::api::routes::devices[0m[2m:[0m Heartbeat from 84d8a5fd-a7e2-4b81-85f5-6492c856b201
[2m2026-05-01T09:10:22.029908Z[0m [32m INFO[0m [2mphantom_core::api::routes::devices[0m[2m:[0m Heartbeat from 84d8a5fd-a7e2-4b81-85f5-6492c856b201
[2m2026-05-01T09:10:55.266448Z[0m [32m INFO[0m [2mphantom_core::api::routes::devices[0m[2m:[0m Heartbeat from 84d8a5fd-a7e2-4b81-85f5-6492c856b201
[2m2026-05-01T09:11:25.280334Z[0m [32m INFO[0m [2mphantom_core::api::routes::devices[0m[2m:[0m Heartbeat from 84d8a5fd-a7e2-4b81-85f5-6492c856b201
[2m2026-05-01T09:11:55.296839Z[0m [32m INFO[0m [2mphantom_core::api::routes::devices[0m[2m:[0m Heartbeat from 84d8a5fd-a7e2-4b81-85f5-6492c856b201
[2m2026-05-01T09:12:25.305854Z[0m [32m INFO[0m [2mphantom_core::api::routes::devices[0m[2m:[0m Heartbeat from 84d8a5fd-a7e2-4b81-85f5-6492c856b201
[2m2026-05-01T09:12:55.325728Z[0m [32m INFO[0m [2mphantom_core::api::routes::devices[0m[2m:[0m Heartbeat from 84d8a5fd-a7e2-4b81-85f5-6492c856b201
[2m2026-05-01T09:13:25.329235Z[0m [32m INFO[0m [2mphantom_core::api::routes::devices[0m[2m:[0m Heartbeat from 84d8a5fd-a7e2-4b81-85f5-6492c856b201
[2m2026-05-01T09:13:55.342297Z[0m [32m INFO[0m [2mphantom_core::api::routes::devices[0m[2m:[0m Heartbeat from 84d8a5fd-a7e2-4b81-85f5-6492c856b201
[2m2026-05-01T09:14:25.356798Z[0m [32m INFO[0m [2mphantom_core::api::routes::devices[0m[2m:[0m Heartbeat from 84d8a5fd-a7e2-4b81-85f5-6492c856b201
[2m2026-05-01T09:14:55.360779Z[0m [32m INFO[0m [2mphantom_core::api::routes::devices[0m[2m:[0m Heartbeat from 84d8a5fd-a7e2-4b81-85f5-6492c856b201
[2m2026-05-01T09:15:25.369124Z[0m [32m INFO[0m [2mphantom_core::api::routes::devices[0m[2m:[0m Heartbeat from 84d8a5fd-a7e2-4b81-85f5-6492c856b201
[2m2026-05-01T09:15:55.382945Z[0m [32m INFO[0m [2mphantom_core::api::routes::devices[0m[2m:[0m Heartbeat from 84d8a5fd-a7e2-4b81-85f5-6492c856b201
[2m2026-05-01T09:16:25.390755Z[0m [32m INFO[0m [2mphantom_core::api::routes::devices[0m[2m:[0m Heartbeat from 84d8a5fd-a7e2-4b81-85f5-6492c856b201
[2m2026-05-01T09:17:00.779095Z[0m [32m INFO[0m [2mphantom_core::api::routes::devices[0m[2m:[0m Heartbeat from 84d8a5fd-a7e2-4b81-85f5-6492c856b201
[2m2026-05-01T09:17:30.792908Z[0m [32m INFO[0m [2mphantom_core::api::routes::devices[0m[2m:[0m Heartbeat from 84d8a5fd-a7e2-4b81-85f5-6492c856b201
[2m2026-05-01T09:18:08.648189Z[0m [32m INFO[0m [2mphantom_core::api::routes::devices[0m[2m:[0m Heartbeat from 84d8a5fd-a7e2-4b81-85f5-6492c856b201
[2m2026-05-01T09:18:38.665599Z[0m [32m INFO[0m [2mphantom_core::api::routes::devices[0m[2m:[0m Heartbeat from 84d8a5fd-a7e2-4b81-85f5-6492c856b201
[2m2026-05-01T09:19:09.629689Z[0m [32m INFO[0m [2mphantom_core::api::routes::devices[0m[2m:[0m Heartbeat from 84d8a5fd-a7e2-4b81-85f5-6492c856b201
[2m2026-05-01T09:19:39.648977Z[0m [32m INFO[0m [2mphantom_core::api::routes::devices[0m[2m:[0m Heartbeat from 84d8a5fd-a7e2-4b81-85f5-6492c856b201
[2m2026-05-01T09:20:09.673689Z[0m [32m INFO[0m [2mphantom_core::api::routes::devices[0m[2m:[0m Heartbeat from 84d8a5fd-a7e2-4b81-85f5-6492c856b201
[2m2026-05-01T09:20:39.687590Z[0m [32m INFO[0m [2mphantom_core::api::routes::devices[0m[2m:[0m Heartbeat from 84d8a5fd-a7e2-4b81-85f5-6492c856b201
[2m2026-05-01T09:21:09.696231Z[0m [32m INFO[0m [2mphantom_core::api::routes::devices[0m[2m:[0m Heartbeat from 84d8a5fd-a7e2-4b81-85f5-6492c856b201
[2m2026-05-01T09:21:39.701968Z[0m [32m INFO[0m [2mphantom_core::api::routes::devices[0m[2m:[0m Heartbeat from 84d8a5fd-a7e2-4b81-85f5-6492c856b201
[2m2026-05-01T09:22:53.949768Z[0m [32m INFO[0m [2mphantom_core::api::routes::devices[0m[2m:[0m Heartbeat from 84d8a5fd-a7e2-4b81-85f5-6492c856b201
[2m2026-05-01T09:23:23.956338Z[0m [32m INFO[0m [2mphantom_core::api::routes::devices[0m[2m:[0m Heartbeat from 84d8a5fd-a7e2-4b81-85f5-6492c856b201
[2m2026-05-01T09:24:02.243492Z[0m [32m INFO[0m [2mphantom_core::api::routes::devices[0m[2m:[0m Heartbeat from 84d8a5fd-a7e2-4b81-85f5-6492c856b201
[2m2026-05-01T09:24:32.260086Z[0m [32m INFO[0m [2mphantom_core::api::routes::devices[0m[2m:[0m Heartbeat from 84d8a5fd-a7e2-4b81-85f5-6492c856b201
[2m2026-05-01T09:25:09.620433Z[0m [32m INFO[0m [2mphantom_core::api::routes::devices[0m[2m:[0m Heartbeat from 84d8a5fd-a7e2-4b81-85f5-6492c856b201
[2m2026-05-01T09:25:39.629319Z[0m [32m INFO[0m [2mphantom_core::api::routes::devices[0m[2m:[0m Heartbeat from 84d8a5fd-a7e2-4b81-85f5-6492c856b201
[2m2026-05-01T09:26:13.851248Z[0m [32m INFO[0m [2mphantom_core::api::routes::devices[0m[2m:[0m Heartbeat from 84d8a5fd-a7e2-4b81-85f5-6492c856b201
[2m2026-05-01T09:26:43.860705Z[0m [32m INFO[0m [2mphantom_core::api::routes::devices[0m[2m:[0m Heartbeat from 84d8a5fd-a7e2-4b81-85f5-6492c856b201
[2m2026-05-01T09:27:13.876911Z[0m [32m INFO[0m [2mphantom_core::api::routes::devices[0m[2m:[0m Heartbeat from 84d8a5fd-a7e2-4b81-85f5-6492c856b201
[2m2026-05-01T09:27:43.894190Z[0m [32m INFO[0m [2mphantom_core::api::routes::devices[0m[2m:[0m Heartbeat from 84d8a5fd-a7e2-4b81-85f5-6492c856b201
[2m2026-05-01T09:28:13.924530Z[0m [32m INFO[0m [2mphantom_core::api::routes::devices[0m[2m:[0m Heartbeat from 84d8a5fd-a7e2-4b81-85f5-6492c856b201
[2m2026-05-01T09:28:44.002191Z[0m [32m INFO[0m [2mphantom_core::api::routes::devices[0m[2m:[0m Heartbeat from 84d8a5fd-a7e2-4b81-85f5-6492c856b201
[2m2026-05-01T09:29:14.009807Z[0m [32m INFO[0m [2mphantom_core::api::routes::devices[0m[2m:[0m Heartbeat from 84d8a5fd-a7e2-4b81-85f5-6492c856b201
[2m2026-05-01T09:29:44.022476Z[0m [32m INFO[0m [2mphantom_core::api::routes::devices[0m[2m:[0m Heartbeat from 84d8a5fd-a7e2-4b81-85f5-6492c856b201
[2m2026-05-01T09:30:14.028573Z[0m [32m INFO[0m [2mphantom_core::api::routes::devices[0m[2m:[0m Heartbeat from 84d8a5fd-a7e2-4b81-85f5-6492c856b201
[2m2026-05-01T09:30:44.040606Z[0m [32m INFO[0m [2mphantom_core::api::routes::devices[0m[2m:[0m Heartbeat from 84d8a5fd-a7e2-4b81-85f5-6492c856b201
[2m2026-05-01T09:31:14.054562Z[0m [32m INFO[0m [2mphantom_core::api::routes::devices[0m[2m:[0m Heartbeat from 84d8a5fd-a7e2-4b81-85f5-6492c856b201
[2m2026-05-01T09:31:44.059463Z[0m [32m INFO[0m [2mphantom_core::api::routes::devices[0m[2m:[0m Heartbeat from 84d8a5fd-a7e2-4b81-85f5-6492c856b201
[2m2026-05-01T09:32:21.132145Z[0m [32m INFO[0m [2mphantom_core::api::routes::devices[0m[2m:[0m Heartbeat from 84d8a5fd-a7e2-4b81-85f5-6492c856b201
[2m2026-05-01T09:33:08.210287Z[0m [32m INFO[0m [2mphantom_core::api::routes::devices[0m[2m:[0m Heartbeat from 84d8a5fd-a7e2-4b81-85f5-6492c856b201
[2m2026-05-01T09:33:38.224551Z[0m [32m INFO[0m [2mphantom_core::api::routes::devices[0m[2m:[0m Heartbeat from 84d8a5fd-a7e2-4b81-85f5-6492c856b201
[2m2026-05-01T09:34:08.226922Z[0m [32m INFO[0m [2mphantom_core::api::routes::devices[0m[2m:[0m Heartbeat from 84d8a5fd-a7e2-4b81-85f5-6492c856b201
[2m2026-05-01T09:34:38.232563Z[0m [32m INFO[0m [2mphantom_core::api::routes::devices[0m[2m:[0m Heartbeat from 84d8a5fd-a7e2-4b81-85f5-6492c856b201
[2m2026-05-01T09:35:08.242854Z[0m [32m INFO[0m [2mphantom_core::api::routes::devices[0m[2m:[0m Heartbeat from 84d8a5fd-a7e2-4b81-85f5-6492c856b201
[2m2026-05-01T09:35:38.248641Z[0m [32m INFO[0m [2mphantom_core::api::routes::devices[0m[2m:[0m Heartbeat from 84d8a5fd-a7e2-4b81-85f5-6492c856b201
[2m2026-05-01T09:36:08.258798Z[0m [32m INFO[0m [2mphantom_core::api::routes::devices[0m[2m:[0m Heartbeat from 84d8a5fd-a7e2-4b81-85f5-6492c856b201
[2m2026-05-01T09:36:38.267198Z[0m [32m INFO[0m [2mphantom_core::api::routes::devices[0m[2m:[0m Heartbeat from 84d8a5fd-a7e2-4b81-85f5-6492c856b201
[2m2026-05-01T09:37:08.271843Z[0m [32m INFO[0m [2mphantom_core::api::routes::devices[0m[2m:[0m Heartbeat from 84d8a5fd-a7e2-4b81-85f5-6492c856b201
[2m2026-05-01T09:37:38.294035Z[0m [32m INFO[0m [2mphantom_core::api::routes::devices[0m[2m:[0m Heartbeat from 84d8a5fd-a7e2-4b81-85f5-6492c856b201
[2m2026-05-01T09:38:08.297796Z[0m [32m INFO[0m [2mphantom_core::api::routes::devices[0m[2m:[0m Heartbeat from 84d8a5fd-a7e2-4b81-85f5-6492c856b201
[2m2026-05-01T09:38:38.315948Z[0m [32m INFO[0m [2mphantom_core::api::routes::devices[0m[2m:[0m Heartbeat from 84d8a5fd-a7e2-4b81-85f5-6492c856b201
[2m2026-05-01T09:39:08.325627Z[0m [32m INFO[0m [2mphantom_core::api::routes::devices[0m[2m:[0m Heartbeat from 84d8a5fd-a7e2-4b81-85f5-6492c856b201
[2m2026-05-01T09:39:38.340085Z[0m [32m INFO[0m [2mphantom_core::api::routes::devices[0m[2m:[0m Heartbeat from 84d8a5fd-a7e2-4b81-85f5-6492c856b201
[2m2026-05-01T09:40:08.352961Z[0m [32m INFO[0m [2mphantom_core::api::routes::devices[0m[2m:[0m Heartbeat from 84d8a5fd-a7e2-4b81-85f5-6492c856b201
[2m2026-05-01T09:40:38.364475Z[0m [32m INFO[0m [2mphantom_core::api::routes::devices[0m[2m:[0m Heartbeat from 84d8a5fd-a7e2-4b81-85f5-6492c856b201
[2m2026-05-01T09:41:08.374425Z[0m [32m INFO[0m [2mphantom_core::api::routes::devices[0m[2m:[0m Heartbeat from 84d8a5fd-a7e2-4b81-85f5-6492c856b201
[2m2026-05-01T09:41:38.383629Z[0m [32m INFO[0m [2mphantom_core::api::routes::devices[0m[2m:[0m Heartbeat from 84d8a5fd-a7e2-4b81-85f5-6492c856b201
[2m2026-05-01T09:42:08.394851Z[0m [32m INFO[0m [2mphantom_core::api::routes::devices[0m[2m:[0m Heartbeat from 84d8a5fd-a7e2-4b81-85f5-6492c856b201
[2m2026-05-01T09:42:44.080465Z[0m [32m INFO[0m [2mphantom_core::api::routes::devices[0m[2m:[0m Heartbeat from 84d8a5fd-a7e2-4b81-85f5-6492c856b201
[2m2026-05-01T09:43:14.095836Z[0m [32m INFO[0m [2mphantom_core::api::routes::devices[0m[2m:[0m Heartbeat from 84d8a5fd-a7e2-4b81-85f5-6492c856b201
[2m2026-05-01T09:43:44.112511Z[0m [32m INFO[0m [2mphantom_core::api::routes::devices[0m[2m:[0m Heartbeat from 84d8a5fd-a7e2-4b81-85f5-6492c856b201
[2m2026-05-01T09:44:14.117577Z[0m [32m INFO[0m [2mphantom_core::api::routes::devices[0m[2m:[0m Heartbeat from 84d8a5fd-a7e2-4b81-85f5-6492c856b201
[2m2026-05-01T09:44:44.134415Z[0m [32m INFO[0m [2mphantom_core::api::routes::devices[0m[2m:[0m Heartbeat from 84d8a5fd-a7e2-4b81-85f5-6492c856b201
[2m2026-05-01T09:45:14.149630Z[0m [32m INFO[0m [2mphantom_core::api::routes::devices[0m[2m:[0m Heartbeat from 84d8a5fd-a7e2-4b81-85f5-6492c856b201
[2m2026-05-01T09:45:44.152108Z[0m [32m INFO[0m [2mphantom_core::api::routes::devices[0m[2m:[0m Heartbeat from 84d8a5fd-a7e2-4b81-85f5-6492c856b201
[2m2026-05-01T09:46:14.167667Z[0m [32m INFO[0m [2mphantom_core::api::routes::devices[0m[2m:[0m Heartbeat from 84d8a5fd-a7e2-4b81-85f5-6492c856b201
[2m2026-05-01T09:46:44.184559Z[0m [32m INFO[0m [2mphantom_core::api::routes::devices[0m[2m:[0m Heartbeat from 84d8a5fd-a7e2-4b81-85f5-6492c856b201
[2m2026-05-01T09:47:14.202643Z[0m [32m INFO[0m [2mphantom_core::api::routes::devices[0m[2m:[0m Heartbeat from 84d8a5fd-a7e2-4b81-85f5-6492c856b201
[2m2026-05-01T09:47:44.218161Z[0m [32m INFO[0m [2mphantom_core::api::routes::devices[0m[2m:[0m Heartbeat from 84d8a5fd-a7e2-4b81-85f5-6492c856b201
[2m2026-05-01T09:48:14.234814Z[0m [32m INFO[0m [2mphantom_core::api::routes::devices[0m[2m:[0m Heartbeat from 84d8a5fd-a7e2-4b81-85f5-6492c856b201
[2m2026-05-01T09:48:44.238007Z[0m [32m INFO[0m [2mphantom_core::api::routes::devices[0m[2m:[0m Heartbeat from 84d8a5fd-a7e2-4b81-85f5-6492c856b201
[2m2026-05-01T09:49:14.251999Z[0m [32m INFO[0m [2mphantom_core::api::routes::devices[0m[2m:[0m Heartbeat from 84d8a5fd-a7e2-4b81-85f5-6492c856b201
[2m2026-05-01T09:49:44.259795Z[0m [32m INFO[0m [2mphantom_core::api::routes::devices[0m[2m:[0m Heartbeat from 84d8a5fd-a7e2-4b81-85f5-6492c856b201
[2m2026-05-01T09:50:14.266894Z[0m [32m INFO[0m [2mphantom_core::api::routes::devices[0m[2m:[0m Heartbeat from 84d8a5fd-a7e2-4b81-85f5-6492c856b201
[2m2026-05-01T09:50:44.294427Z[0m [32m INFO[0m [2mphantom_core::api::routes::devices[0m[2m:[0m Heartbeat from 84d8a5fd-a7e2-4b81-85f5-6492c856b201
[2m2026-05-01T09:51:14.306487Z[0m [32m INFO[0m [2mphantom_core::api::routes::devices[0m[2m:[0m Heartbeat from 84d8a5fd-a7e2-4b81-85f5-6492c856b201
[2m2026-05-01T09:51:44.311811Z[0m [32m INFO[0m [2mphantom_core::api::routes::devices[0m[2m:[0m Heartbeat from 84d8a5fd-a7e2-4b81-85f5-6492c856b201
[2m2026-05-01T09:52:14.326554Z[0m [32m INFO[0m [2mphantom_core::api::routes::devices[0m[2m:[0m Heartbeat from 84d8a5fd-a7e2-4b81-85f5-6492c856b201
[2m2026-05-01T09:52:44.343676Z[0m [32m INFO[0m [2mphantom_core::api::routes::devices[0m[2m:[0m Heartbeat from 84d8a5fd-a7e2-4b81-85f5-6492c856b201
[2m2026-05-01T09:53:14.348123Z[0m [32m INFO[0m [2mphantom_core::api::routes::devices[0m[2m:[0m Heartbeat from 84d8a5fd-a7e2-4b81-85f5-6492c856b201
[2m2026-05-01T09:53:44.355785Z[0m [32m INFO[0m [2mphantom_core::api::routes::devices[0m[2m:[0m Heartbeat from 84d8a5fd-a7e2-4b81-85f5-6492c856b201
[2m2026-05-01T09:54:14.371216Z[0m [32m INFO[0m [2mphantom_core::api::routes::devices[0m[2m:[0m Heartbeat from 84d8a5fd-a7e2-4b81-85f5-6492c856b201
[2m2026-05-01T09:54:44.372960Z[0m [32m INFO[0m [2mphantom_core::api::routes::devices[0m[2m:[0m Heartbeat from 84d8a5fd-a7e2-4b81-85f5-6492c856b201
[2m2026-05-01T09:55:14.389590Z[0m [32m INFO[0m [2mphantom_core::api::routes::devices[0m[2m:[0m Heartbeat from 84d8a5fd-a7e2-4b81-85f5-6492c856b201
[2m2026-05-01T09:55:44.395349Z[0m [32m INFO[0m [2mphantom_core::api::routes::devices[0m[2m:[0m Heartbeat from 84d8a5fd-a7e2-4b81-85f5-6492c856b201
[2m2026-05-01T09:56:14.404001Z[0m [32m INFO[0m [2mphantom_core::api::routes::devices[0m[2m:[0m Heartbeat from 84d8a5fd-a7e2-4b81-85f5-6492c856b201
[2m2026-05-01T09:56:44.406932Z[0m [32m INFO[0m [2mphantom_core::api::routes::devices[0m[2m:[0m Heartbeat from 84d8a5fd-a7e2-4b81-85f5-6492c856b201
[2m2026-05-01T09:57:14.423256Z[0m [32m INFO[0m [2mphantom_core::api::routes::devices[0m[2m:[0m Heartbeat from 84d8a5fd-a7e2-4b81-85f5-6492c856b201
[2m2026-05-01T09:57:44.425471Z[0m [32m INFO[0m [2mphantom_core::api::routes::devices[0m[2m:[0m Heartbeat from 84d8a5fd-a7e2-4b81-85f5-6492c856b201
[2m2026-05-01T10:00:26.121750Z[0m [32m INFO[0m [2mphantom_core[0m[2m:[0m PHANTOM Core v1.0.0 starting...
[2m2026-05-01T10:00:26.122016Z[0m [32m INFO[0m [2mphantom_core[0m[2m:[0m Config loaded from: ./data
[2m2026-05-01T10:00:26.132573Z[0m [32m INFO[0m [2mphantom_core::db::migrations[0m[2m:[0m Database migrations applied
[2m2026-05-01T10:00:26.132594Z[0m [32m INFO[0m [2mphantom_core[0m[2m:[0m Database initialized
[2m2026-05-01T10:00:26.132600Z[0m [32m INFO[0m [2mphantom_core[0m[2m:[0m PHANTOM Core running on port 8000
[2m2026-05-01T10:00:26.132737Z[0m [32m INFO[0m [2mphantom_core::api[0m[2m:[0m API listening on 0.0.0.0:8000
[2m2026-05-01T10:00:26.280671Z[0m [32m INFO[0m [2mphantom_core::api::routes::devices[0m[2m:[0m Heartbeat from 84d8a5fd-a7e2-4b81-85f5-6492c856b201
[2m2026-05-01T10:01:00.926775Z[0m [32m INFO[0m [2mphantom_core[0m[2m:[0m PHANTOM Core v1.0.0 starting...
[2m2026-05-01T10:01:00.927203Z[0m [32m INFO[0m [2mphantom_core[0m[2m:[0m Config loaded from: ./data
[2m2026-05-01T10:01:00.936211Z[0m [32m INFO[0m [2mphantom_core::db::migrations[0m[2m:[0m Database migrations applied
[2m2026-05-01T10:01:00.936286Z[0m [32m INFO[0m [2mphantom_core[0m[2m:[0m Database initialized
[2m2026-05-01T10:01:00.936295Z[0m [32m INFO[0m [2mphantom_core[0m[2m:[0m PHANTOM Core running on port 8000
[2m2026-05-01T10:01:00.936486Z[0m [32m INFO[0m [2mphantom_core::api[0m[2m:[0m API listening on 0.0.0.0:8000
[2m2026-05-01T10:01:28.930916Z[0m [32m INFO[0m [2mphantom_core::api::routes::devices[0m[2m:[0m Heartbeat from 84d8a5fd-a7e2-4b81-85f5-6492c856b201
[2m2026-05-01T10:01:58.945341Z[0m [32m INFO[0m [2mphantom_core::api::routes::devices[0m[2m:[0m Heartbeat from 84d8a5fd-a7e2-4b81-85f5-6492c856b201
[2m2026-05-01T10:02:28.959055Z[0m [32m INFO[0m [2mphantom_core::api::routes::devices[0m[2m:[0m Heartbeat from 84d8a5fd-a7e2-4b81-85f5-6492c856b201
[2m2026-05-01T10:02:58.974720Z[0m [32m INFO[0m [2mphantom_core::api::routes::devices[0m[2m:[0m Heartbeat from 84d8a5fd-a7e2-4b81-85f5-6492c856b201
[2m2026-05-01T10:03:28.976883Z[0m [32m INFO[0m [2mphantom_core::api::routes::devices[0m[2m:[0m Heartbeat from 84d8a5fd-a7e2-4b81-85f5-6492c856b201
[2m2026-05-01T10:03:58.990455Z[0m [32m INFO[0m [2mphantom_core::api::routes::devices[0m[2m:[0m Heartbeat from 84d8a5fd-a7e2-4b81-85f5-6492c856b201
[2m2026-05-01T10:04:28.992400Z[0m [32m INFO[0m [2mphantom_core::api::routes::devices[0m[2m:[0m Heartbeat from 84d8a5fd-a7e2-4b81-85f5-6492c856b201
[2m2026-05-01T10:04:59.008993Z[0m [32m INFO[0m [2mphantom_core::api::routes::devices[0m[2m:[0m Heartbeat from 84d8a5fd-a7e2-4b81-85f5-6492c856b201
[2m2026-05-01T10:05:29.027143Z[0m [32m INFO[0m [2mphantom_core::api::routes::devices[0m[2m:[0m Heartbeat from 84d8a5fd-a7e2-4b81-85f5-6492c856b201
[2m2026-05-01T10:05:59.042049Z[0m [32m INFO[0m [2mphantom_core::api::routes::devices[0m[2m:[0m Heartbeat from 84d8a5fd-a7e2-4b81-85f5-6492c856b201
[2m2026-05-01T10:06:29.044973Z[0m [32m INFO[0m [2mphantom_core::api::routes::devices[0m[2m:[0m Heartbeat from 84d8a5fd-a7e2-4b81-85f5-6492c856b201
[2m2026-05-01T10:06:59.059406Z[0m [32m INFO[0m [2mphantom_core::api::routes::devices[0m[2m:[0m Heartbeat from 84d8a5fd-a7e2-4b81-85f5-6492c856b201
[2m2026-05-01T10:07:29.067976Z[0m [32m INFO[0m [2mphantom_core::api::routes::devices[0m[2m:[0m Heartbeat from 84d8a5fd-a7e2-4b81-85f5-6492c856b201
[2m2026-05-01T10:07:59.074466Z[0m [32m INFO[0m [2mphantom_core::api::routes::devices[0m[2m:[0m Heartbeat from 84d8a5fd-a7e2-4b81-85f5-6492c856b201
[2m2026-05-01T10:08:29.092523Z[0m [32m INFO[0m [2mphantom_core::api::routes::devices[0m[2m:[0m Heartbeat from 84d8a5fd-a7e2-4b81-85f5-6492c856b201
[2m2026-05-01T10:08:59.095994Z[0m [32m INFO[0m [2mphantom_core::api::routes::devices[0m[2m:[0m Heartbeat from 84d8a5fd-a7e2-4b81-85f5-6492c856b201
[2m2026-05-01T10:09:29.112171Z[0m [32m INFO[0m [2mphantom_core::api::routes::devices[0m[2m:[0m Heartbeat from 84d8a5fd-a7e2-4b81-85f5-6492c856b201
[2m2026-05-01T10:09:59.123564Z[0m [32m INFO[0m [2mphantom_core::api::routes::devices[0m[2m:[0m Heartbeat from 84d8a5fd-a7e2-4b81-85f5-6492c856b201
[2m2026-05-01T10:10:29.129327Z[0m [32m INFO[0m [2mphantom_core::api::routes::devices[0m[2m:[0m Heartbeat from 84d8a5fd-a7e2-4b81-85f5-6492c856b201
[2m2026-05-01T10:10:59.140527Z[0m [32m INFO[0m [2mphantom_core::api::routes::devices[0m[2m:[0m Heartbeat from 84d8a5fd-a7e2-4b81-85f5-6492c856b201
[2m2026-05-01T10:11:29.156169Z[0m [32m INFO[0m [2mphantom_core::api::routes::devices[0m[2m:[0m Heartbeat from 84d8a5fd-a7e2-4b81-85f5-6492c856b201
[2m2026-05-01T10:11:59.165853Z[0m [32m INFO[0m [2mphantom_core::api::routes::devices[0m[2m:[0m Heartbeat from 84d8a5fd-a7e2-4b81-85f5-6492c856b201
[2m2026-05-01T10:12:29.167719Z[0m [32m INFO[0m [2mphantom_core::api::routes::devices[0m[2m:[0m Heartbeat from 84d8a5fd-a7e2-4b81-85f5-6492c856b201
[2m2026-05-01T10:12:59.178960Z[0m [32m INFO[0m [2mphantom_core::api::routes::devices[0m[2m:[0m Heartbeat from 84d8a5fd-a7e2-4b81-85f5-6492c856b201
[2m2026-05-01T10:13:29.185122Z[0m [32m INFO[0m [2mphantom_core::api::routes::devices[0m[2m:[0m Heartbeat from 84d8a5fd-a7e2-4b81-85f5-6492c856b201
[2m2026-05-01T10:13:59.193793Z[0m [32m INFO[0m [2mphantom_core::api::routes::devices[0m[2m:[0m Heartbeat from 84d8a5fd-a7e2-4b81-85f5-6492c856b201
[2m2026-05-01T10:14:29.208943Z[0m [32m INFO[0m [2mphantom_core::api::routes::devices[0m[2m:[0m Heartbeat from 84d8a5fd-a7e2-4b81-85f5-6492c856b201
[2m2026-05-01T10:14:59.215647Z[0m [32m INFO[0m [2mphantom_core::api::routes::devices[0m[2m:[0m Heartbeat from 84d8a5fd-a7e2-4b81-85f5-6492c856b201
[2m2026-05-01T10:15:29.232602Z[0m [32m INFO[0m [2mphantom_core::api::routes::devices[0m[2m:[0m Heartbeat from 84d8a5fd-a7e2-4b81-85f5-6492c856b201
[2m2026-05-01T10:15:59.238131Z[0m [32m INFO[0m [2mphantom_core::api::routes::devices[0m[2m:[0m Heartbeat from 84d8a5fd-a7e2-4b81-85f5-6492c856b201
[2m2026-05-01T10:16:29.243806Z[0m [32m INFO[0m [2mphantom_core::api::routes::devices[0m[2m:[0m Heartbeat from 84d8a5fd-a7e2-4b81-85f5-6492c856b201
[2m2026-05-01T10:16:59.252434Z[0m [32m INFO[0m [2mphantom_core::api::routes::devices[0m[2m:[0m Heartbeat from 84d8a5fd-a7e2-4b81-85f5-6492c856b201
[2m2026-05-01T10:17:29.264108Z[0m [32m INFO[0m [2mphantom_core::api::routes::devices[0m[2m:[0m Heartbeat from 84d8a5fd-a7e2-4b81-85f5-6492c856b201
[2m2026-05-01T10:17:59.270065Z[0m [32m INFO[0m [2mphantom_core::api::routes::devices[0m[2m:[0m Heartbeat from 84d8a5fd-a7e2-4b81-85f5-6492c856b201
[2m2026-05-01T10:18:29.287612Z[0m [32m INFO[0m [2mphantom_core::api::routes::devices[0m[2m:[0m Heartbeat from 84d8a5fd-a7e2-4b81-85f5-6492c856b201
[2m2026-05-01T10:18:59.302620Z[0m [32m INFO[0m [2mphantom_core::api::routes::devices[0m[2m:[0m Heartbeat from 84d8a5fd-a7e2-4b81-85f5-6492c856b201
[2m2026-05-01T10:19:29.316409Z[0m [32m INFO[0m [2mphantom_core::api::routes::devices[0m[2m:[0m Heartbeat from 84d8a5fd-a7e2-4b81-85f5-6492c856b201
[2m2026-05-01T10:19:59.331144Z[0m [32m INFO[0m [2mphantom_core::api::routes::devices[0m[2m:[0m Heartbeat from 84d8a5fd-a7e2-4b81-85f5-6492c856b201
[2m2026-05-01T10:20:29.334000Z[0m [32m INFO[0m [2mphantom_core::api::routes::devices[0m[2m:[0m Heartbeat from 84d8a5fd-a7e2-4b81-85f5-6492c856b201
[2m2026-05-01T10:20:59.337553Z[0m [32m INFO[0m [2mphantom_core::api::routes::devices[0m[2m:[0m Heartbeat from 84d8a5fd-a7e2-4b81-85f5-6492c856b201
[2m2026-05-01T10:21:29.421250Z[0m [32m INFO[0m [2mphantom_core::api::routes::devices[0m[2m:[0m Heartbeat from 84d8a5fd-a7e2-4b81-85f5-6492c856b201
[2m2026-05-01T10:21:59.635805Z[0m [32m INFO[0m [2mphantom_core::api::routes::devices[0m[2m:[0m Heartbeat from 84d8a5fd-a7e2-4b81-85f5-6492c856b201
[2m2026-05-01T10:22:29.649850Z[0m [32m INFO[0m [2mphantom_core::api::routes::devices[0m[2m:[0m Heartbeat from 84d8a5fd-a7e2-4b81-85f5-6492c856b201
[2m2026-05-01T10:22:59.691399Z[0m [32m INFO[0m [2mphantom_core::api::routes::devices[0m[2m:[0m Heartbeat from 84d8a5fd-a7e2-4b81-85f5-6492c856b201
[2m2026-05-01T10:23:29.748229Z[0m [32m INFO[0m [2mphantom_core::api::routes::devices[0m[2m:[0m Heartbeat from 84d8a5fd-a7e2-4b81-85f5-6492c856b201
[2m2026-05-01T10:23:59.762952Z[0m [32m INFO[0m [2mphantom_core::api::routes::devices[0m[2m:[0m Heartbeat from 84d8a5fd-a7e2-4b81-85f5-6492c856b201
[2m2026-05-01T10:24:29.778063Z[0m [32m INFO[0m [2mphantom_core::api::routes::devices[0m[2m:[0m Heartbeat from 84d8a5fd-a7e2-4b81-85f5-6492c856b201
[2m2026-05-01T10:24:59.782401Z[0m [32m INFO[0m [2mphantom_core::api::routes::devices[0m[2m:[0m Heartbeat from 84d8a5fd-a7e2-4b81-85f5-6492c856b201
[2m2026-05-01T10:25:29.797609Z[0m [32m INFO[0m [2mphantom_core::api::routes::devices[0m[2m:[0m Heartbeat from 84d8a5fd-a7e2-4b81-85f5-6492c856b201
[2m2026-05-01T10:25:59.824091Z[0m [32m INFO[0m [2mphantom_core::api::routes::devices[0m[2m:[0m Heartbeat from 84d8a5fd-a7e2-4b81-85f5-6492c856b201
[2m2026-05-01T10:26:29.835771Z[0m [32m INFO[0m [2mphantom_core::api::routes::devices[0m[2m:[0m Heartbeat from 84d8a5fd-a7e2-4b81-85f5-6492c856b201
[2m2026-05-01T10:26:59.853596Z[0m [32m INFO[0m [2mphantom_core::api::routes::devices[0m[2m:[0m Heartbeat from 84d8a5fd-a7e2-4b81-85f5-6492c856b201
[2m2026-05-01T10:27:29.866082Z[0m [32m INFO[0m [2mphantom_core::api::routes::devices[0m[2m:[0m Heartbeat from 84d8a5fd-a7e2-4b81-85f5-6492c856b201
[2m2026-05-01T10:27:59.880651Z[0m [32m INFO[0m [2mphantom_core::api::routes::devices[0m[2m:[0m Heartbeat from 84d8a5fd-a7e2-4b81-85f5-6492c856b201
[2m2026-05-01T10:29:11.224572Z[0m [32m INFO[0m [2mphantom_core[0m[2m:[0m PHANTOM Core v1.0.0 starting...
[2m2026-05-01T10:29:11.228956Z[0m [32m INFO[0m [2mphantom_core[0m[2m:[0m Config loaded from: ./data
[2m2026-05-01T10:29:11.244780Z[0m [32m INFO[0m [2mphantom_core::db::migrations[0m[2m:[0m Database migrations applied
[2m2026-05-01T10:29:11.244805Z[0m [32m INFO[0m [2mphantom_core[0m[2m:[0m Database initialized
[2m2026-05-01T10:29:11.244813Z[0m [32m INFO[0m [2mphantom_core[0m[2m:[0m PHANTOM Core running on port 8000
[2m2026-05-01T10:29:11.249060Z[0m [32m INFO[0m [2mphantom_core::api[0m[2m:[0m API listening on 0.0.0.0:8000
[2m2026-05-01T10:29:11.608140Z[0m [32m INFO[0m [2mphantom_core::api::routes::devices[0m[2m:[0m Heartbeat from 04c29f32-07f2-4a6d-bc0e-4d7b9570263c
[2m2026-05-01T10:29:41.627191Z[0m [32m INFO[0m [2mphantom_core::api::routes::devices[0m[2m:[0m Heartbeat from 04c29f32-07f2-4a6d-bc0e-4d7b9570263c
[2m2026-05-01T10:30:11.640373Z[0m [32m INFO[0m [2mphantom_core::api::routes::devices[0m[2m:[0m Heartbeat from 04c29f32-07f2-4a6d-bc0e-4d7b9570263c
[2m2026-05-01T10:30:41.667431Z[0m [32m INFO[0m [2mphantom_core::api::routes::devices[0m[2m:[0m Heartbeat from 04c29f32-07f2-4a6d-bc0e-4d7b9570263c
[2m2026-05-01T10:31:11.984179Z[0m [32m INFO[0m [2mphantom_core::api::routes::devices[0m[2m:[0m Heartbeat from 04c29f32-07f2-4a6d-bc0e-4d7b9570263c
[2m2026-05-01T10:31:41.994319Z[0m [32m INFO[0m [2mphantom_core::api::routes::devices[0m[2m:[0m Heartbeat from 04c29f32-07f2-4a6d-bc0e-4d7b9570263c
[2m2026-05-01T10:32:11.998327Z[0m [32m INFO[0m [2mphantom_core::api::routes::devices[0m[2m:[0m Heartbeat from 04c29f32-07f2-4a6d-bc0e-4d7b9570263c
[2m2026-05-01T10:32:42.004046Z[0m [32m INFO[0m [2mphantom_core::api::routes::devices[0m[2m:[0m Heartbeat from 04c29f32-07f2-4a6d-bc0e-4d7b9570263c
[2m2026-05-01T10:33:12.021261Z[0m [32m INFO[0m [2mphantom_core::api::routes::devices[0m[2m:[0m Heartbeat from 04c29f32-07f2-4a6d-bc0e-4d7b9570263c
[2m2026-05-01T10:33:42.062326Z[0m [32m INFO[0m [2mphantom_core::api::routes::devices[0m[2m:[0m Heartbeat from 04c29f32-07f2-4a6d-bc0e-4d7b9570263c
[2m2026-05-01T10:34:12.176543Z[0m [32m INFO[0m [2mphantom_core::api::routes::devices[0m[2m:[0m Heartbeat from 04c29f32-07f2-4a6d-bc0e-4d7b9570263c
[2m2026-05-01T10:34:42.179421Z[0m [32m INFO[0m [2mphantom_core::api::routes::devices[0m[2m:[0m Heartbeat from 04c29f32-07f2-4a6d-bc0e-4d7b9570263c
[2m2026-05-01T10:35:12.195705Z[0m [32m INFO[0m [2mphantom_core::api::routes::devices[0m[2m:[0m Heartbeat from 04c29f32-07f2-4a6d-bc0e-4d7b9570263c
[2m2026-05-01T10:35:42.198603Z[0m [32m INFO[0m [2mphantom_core::api::routes::devices[0m[2m:[0m Heartbeat from 04c29f32-07f2-4a6d-bc0e-4d7b9570263c
[2m2026-05-01T10:36:12.208017Z[0m [32m INFO[0m [2mphantom_core::api::routes::devices[0m[2m:[0m Heartbeat from 04c29f32-07f2-4a6d-bc0e-4d7b9570263c
[2m2026-05-01T10:36:42.223231Z[0m [32m INFO[0m [2mphantom_core::api::routes::devices[0m[2m:[0m Heartbeat from 04c29f32-07f2-4a6d-bc0e-4d7b9570263c
[2m2026-05-01T10:37:12.225677Z[0m [32m INFO[0m [2mphantom_core::api::routes::devices[0m[2m:[0m Heartbeat from 04c29f32-07f2-4a6d-bc0e-4d7b9570263c
[2m2026-05-01T10:37:42.241047Z[0m [32m INFO[0m [2mphantom_core::api::routes::devices[0m[2m:[0m Heartbeat from 04c29f32-07f2-4a6d-bc0e-4d7b9570263c
[2m2026-05-01T10:38:12.247059Z[0m [32m INFO[0m [2mphantom_core::api::routes::devices[0m[2m:[0m Heartbeat from 04c29f32-07f2-4a6d-bc0e-4d7b9570263c
[2m2026-05-01T10:38:42.270668Z[0m [32m INFO[0m [2mphantom_core::api::routes::devices[0m[2m:[0m Heartbeat from 04c29f32-07f2-4a6d-bc0e-4d7b9570263c
[2m2026-05-01T10:39:12.367541Z[0m [32m INFO[0m [2mphantom_core::api::routes::devices[0m[2m:[0m Heartbeat from 04c29f32-07f2-4a6d-bc0e-4d7b9570263c
[2m2026-05-01T10:39:42.383788Z[0m [32m INFO[0m [2mphantom_core::api::routes::devices[0m[2m:[0m Heartbeat from 04c29f32-07f2-4a6d-bc0e-4d7b9570263c
[2m2026-05-01T10:40:12.398135Z[0m [32m INFO[0m [2mphantom_core::api::routes::devices[0m[2m:[0m Heartbeat from 04c29f32-07f2-4a6d-bc0e-4d7b9570263c
[2m2026-05-01T10:40:42.400845Z[0m [32m INFO[0m [2mphantom_core::api::routes::devices[0m[2m:[0m Heartbeat from 04c29f32-07f2-4a6d-bc0e-4d7b9570263c
[2m2026-05-01T10:41:12.415422Z[0m [32m INFO[0m [2mphantom_core::api::routes::devices[0m[2m:[0m Heartbeat from 04c29f32-07f2-4a6d-bc0e-4d7b9570263c
[2m2026-05-01T10:41:42.421546Z[0m [32m INFO[0m [2mphantom_core::api::routes::devices[0m[2m:[0m Heartbeat from 04c29f32-07f2-4a6d-bc0e-4d7b9570263c
[2m2026-05-01T10:42:12.431448Z[0m [32m INFO[0m [2mphantom_core::api::routes::devices[0m[2m:[0m Heartbeat from 04c29f32-07f2-4a6d-bc0e-4d7b9570263c
[2m2026-05-01T10:42:42.447292Z[0m [32m INFO[0m [2mphantom_core::api::routes::devices[0m[2m:[0m Heartbeat from 04c29f32-07f2-4a6d-bc0e-4d7b9570263c
[2m2026-05-01T10:43:12.453740Z[0m [32m INFO[0m [2mphantom_core::api::routes::devices[0m[2m:[0m Heartbeat from 04c29f32-07f2-4a6d-bc0e-4d7b9570263c
[2m2026-05-01T10:43:42.458387Z[0m [32m INFO[0m [2mphantom_core::api::routes::devices[0m[2m:[0m Heartbeat from 04c29f32-07f2-4a6d-bc0e-4d7b9570263c
[2m2026-05-01T10:44:12.475107Z[0m [32m INFO[0m [2mphantom_core::api::routes::devices[0m[2m:[0m Heartbeat from 04c29f32-07f2-4a6d-bc0e-4d7b9570263c
[2m2026-05-01T10:44:42.481397Z[0m [32m INFO[0m [2mphantom_core::api::routes::devices[0m[2m:[0m Heartbeat from 04c29f32-07f2-4a6d-bc0e-4d7b9570263c
[2m2026-05-01T10:45:12.490652Z[0m [32m INFO[0m [2mphantom_core::api::routes::devices[0m[2m:[0m Heartbeat from 04c29f32-07f2-4a6d-bc0e-4d7b9570263c
[2m2026-05-01T10:45:42.499505Z[0m [32m INFO[0m [2mphantom_core::api::routes::devices[0m[2m:[0m Heartbeat from 04c29f32-07f2-4a6d-bc0e-4d7b9570263c
[2m2026-05-01T10:46:12.506148Z[0m [32m INFO[0m [2mphantom_core::api::routes::devices[0m[2m:[0m Heartbeat from 04c29f32-07f2-4a6d-bc0e-4d7b9570263c
[2m2026-05-01T10:46:42.515250Z[0m [32m INFO[0m [2mphantom_core::api::routes::devices[0m[2m:[0m Heartbeat from 04c29f32-07f2-4a6d-bc0e-4d7b9570263c
[2m2026-05-01T10:47:12.521866Z[0m [32m INFO[0m [2mphantom_core::api::routes::devices[0m[2m:[0m Heartbeat from 04c29f32-07f2-4a6d-bc0e-4d7b9570263c
[2m2026-05-01T10:47:42.528040Z[0m [32m INFO[0m [2mphantom_core::api::routes::devices[0m[2m:[0m Heartbeat from 04c29f32-07f2-4a6d-bc0e-4d7b9570263c
[2m2026-05-01T10:48:12.548778Z[0m [32m INFO[0m [2mphantom_core::api::routes::devices[0m[2m:[0m Heartbeat from 04c29f32-07f2-4a6d-bc0e-4d7b9570263c
[2m2026-05-01T10:48:42.558337Z[0m [32m INFO[0m [2mphantom_core::api::routes::devices[0m[2m:[0m Heartbeat from 04c29f32-07f2-4a6d-bc0e-4d7b9570263c
[2m2026-05-01T10:49:12.563318Z[0m [32m INFO[0m [2mphantom_core::api::routes::devices[0m[2m:[0m Heartbeat from 04c29f32-07f2-4a6d-bc0e-4d7b9570263c
[2m2026-05-01T10:49:42.580835Z[0m [32m INFO[0m [2mphantom_core::api::routes::devices[0m[2m:[0m Heartbeat from 04c29f32-07f2-4a6d-bc0e-4d7b9570263c
[2m2026-05-01T10:50:12.592920Z[0m [32m INFO[0m [2mphantom_core::api::routes::devices[0m[2m:[0m Heartbeat from 04c29f32-07f2-4a6d-bc0e-4d7b9570263c
[2m2026-05-01T10:50:42.610429Z[0m [32m INFO[0m [2mphantom_core::api::routes::devices[0m[2m:[0m Heartbeat from 04c29f32-07f2-4a6d-bc0e-4d7b9570263c
[2m2026-05-01T10:51:12.627187Z[0m [32m INFO[0m [2mphantom_core::api::routes::devices[0m[2m:[0m Heartbeat from 04c29f32-07f2-4a6d-bc0e-4d7b9570263c
[2m2026-05-01T10:51:42.644039Z[0m [32m INFO[0m [2mphantom_core::api::routes::devices[0m[2m:[0m Heartbeat from 04c29f32-07f2-4a6d-bc0e-4d7b9570263c
[2m2026-05-01T10:52:12.660068Z[0m [32m INFO[0m [2mphantom_core::api::routes::devices[0m[2m:[0m Heartbeat from 04c29f32-07f2-4a6d-bc0e-4d7b9570263c
[2m2026-05-01T10:52:42.679455Z[0m [32m INFO[0m [2mphantom_core::api::routes::devices[0m[2m:[0m Heartbeat from 04c29f32-07f2-4a6d-bc0e-4d7b9570263c
[2m2026-05-01T10:53:12.685482Z[0m [32m INFO[0m [2mphantom_core::api::routes::devices[0m[2m:[0m Heartbeat from 04c29f32-07f2-4a6d-bc0e-4d7b9570263c
[2m2026-05-01T10:53:42.694758Z[0m [32m INFO[0m [2mphantom_core::api::routes::devices[0m[2m:[0m Heartbeat from 04c29f32-07f2-4a6d-bc0e-4d7b9570263c
[2m2026-05-01T10:54:12.704018Z[0m [32m INFO[0m [2mphantom_core::api::routes::devices[0m[2m:[0m Heartbeat from 04c29f32-07f2-4a6d-bc0e-4d7b9570263c
[2m2026-05-01T10:54:42.707217Z[0m [32m INFO[0m [2mphantom_core::api::routes::devices[0m[2m:[0m Heartbeat from 04c29f32-07f2-4a6d-bc0e-4d7b9570263c
[2m2026-05-01T10:55:12.723189Z[0m [32m INFO[0m [2mphantom_core::api::routes::devices[0m[2m:[0m Heartbeat from 04c29f32-07f2-4a6d-bc0e-4d7b9570263c
[2m2026-05-01T10:55:42.742560Z[0m [32m INFO[0m [2mphantom_core::api::routes::devices[0m[2m:[0m Heartbeat from 04c29f32-07f2-4a6d-bc0e-4d7b9570263c
[2m2026-05-01T10:56:12.750717Z[0m [32m INFO[0m [2mphantom_core::api::routes::devices[0m[2m:[0m Heartbeat from 04c29f32-07f2-4a6d-bc0e-4d7b9570263c
[2m2026-05-01T10:56:42.773108Z[0m [32m INFO[0m [2mphantom_core::api::routes::devices[0m[2m:[0m Heartbeat from 04c29f32-07f2-4a6d-bc0e-4d7b9570263c
[2m2026-05-01T10:57:12.782040Z[0m [32m INFO[0m [2mphantom_core::api::routes::devices[0m[2m:[0m Heartbeat from 04c29f32-07f2-4a6d-bc0e-4d7b9570263c
[2m2026-05-01T10:57:42.797785Z[0m [32m INFO[0m [2mphantom_core::api::routes::devices[0m[2m:[0m Heartbeat from 04c29f32-07f2-4a6d-bc0e-4d7b9570263c
[2m2026-05-01T10:58:12.815225Z[0m [32m INFO[0m [2mphantom_core::api::routes::devices[0m[2m:[0m Heartbeat from 04c29f32-07f2-4a6d-bc0e-4d7b9570263c
[2m2026-05-01T10:58:42.839032Z[0m [32m INFO[0m [2mphantom_core::api::routes::devices[0m[2m:[0m Heartbeat from 04c29f32-07f2-4a6d-bc0e-4d7b9570263c
[2m2026-05-01T10:59:12.848238Z[0m [32m INFO[0m [2mphantom_core::api::routes::devices[0m[2m:[0m Heartbeat from 04c29f32-07f2-4a6d-bc0e-4d7b9570263c
[2m2026-05-01T10:59:42.850623Z[0m [32m INFO[0m [2mphantom_core::api::routes::devices[0m[2m:[0m Heartbeat from 04c29f32-07f2-4a6d-bc0e-4d7b9570263c
[2m2026-05-01T11:00:12.865043Z[0m [32m INFO[0m [2mphantom_core::api::routes::devices[0m[2m:[0m Heartbeat from 04c29f32-07f2-4a6d-bc0e-4d7b9570263c
[2m2026-05-01T11:00:42.878887Z[0m [32m INFO[0m [2mphantom_core::api::routes::devices[0m[2m:[0m Heartbeat from 04c29f32-07f2-4a6d-bc0e-4d7b9570263c
[2m2026-05-01T11:01:12.887371Z[0m [32m INFO[0m [2mphantom_core::api::routes::devices[0m[2m:[0m Heartbeat from 04c29f32-07f2-4a6d-bc0e-4d7b9570263c
[2m2026-05-01T11:01:42.893034Z[0m [32m INFO[0m [2mphantom_core::api::routes::devices[0m[2m:[0m Heartbeat from 04c29f32-07f2-4a6d-bc0e-4d7b9570263c
[2m2026-05-01T11:02:12.905499Z[0m [32m INFO[0m [2mphantom_core::api::routes::devices[0m[2m:[0m Heartbeat from 04c29f32-07f2-4a6d-bc0e-4d7b9570263c
[2m2026-05-01T11:02:42.920936Z[0m [32m INFO[0m [2mphantom_core::api::routes::devices[0m[2m:[0m Heartbeat from 04c29f32-07f2-4a6d-bc0e-4d7b9570263c
[2m2026-05-01T11:03:12.931553Z[0m [32m INFO[0m [2mphantom_core::api::routes::devices[0m[2m:[0m Heartbeat from 04c29f32-07f2-4a6d-bc0e-4d7b9570263c
[2m2026-05-01T11:03:42.942793Z[0m [32m INFO[0m [2mphantom_core::api::routes::devices[0m[2m:[0m Heartbeat from 04c29f32-07f2-4a6d-bc0e-4d7b9570263c
[2m2026-05-01T11:04:12.944566Z[0m [32m INFO[0m [2mphantom_core::api::routes::devices[0m[2m:[0m Heartbeat from 04c29f32-07f2-4a6d-bc0e-4d7b9570263c
[2m2026-05-01T11:04:42.945865Z[0m [32m INFO[0m [2mphantom_core::api::routes::devices[0m[2m:[0m Heartbeat from 04c29f32-07f2-4a6d-bc0e-4d7b9570263c
[2m2026-05-01T11:05:12.958483Z[0m [32m INFO[0m [2mphantom_core::api::routes::devices[0m[2m:[0m Heartbeat from 04c29f32-07f2-4a6d-bc0e-4d7b9570263c
[2m2026-05-01T11:05:42.972680Z[0m [32m INFO[0m [2mphantom_core::api::routes::devices[0m[2m:[0m Heartbeat from 04c29f32-07f2-4a6d-bc0e-4d7b9570263c
[2m2026-05-01T11:06:12.984884Z[0m [32m INFO[0m [2mphantom_core::api::routes::devices[0m[2m:[0m Heartbeat from 04c29f32-07f2-4a6d-bc0e-4d7b9570263c
[2m2026-05-01T11:06:42.993444Z[0m [32m INFO[0m [2mphantom_core::api::routes::devices[0m[2m:[0m Heartbeat from 04c29f32-07f2-4a6d-bc0e-4d7b9570263c
[2m2026-05-01T11:07:13.010705Z[0m [32m INFO[0m [2mphantom_core::api::routes::devices[0m[2m:[0m Heartbeat from 04c29f32-07f2-4a6d-bc0e-4d7b9570263c
[2m2026-05-01T11:07:43.027124Z[0m [32m INFO[0m [2mphantom_core::api::routes::devices[0m[2m:[0m Heartbeat from 04c29f32-07f2-4a6d-bc0e-4d7b9570263c
[2m2026-05-01T11:08:13.041217Z[0m [32m INFO[0m [2mphantom_core::api::routes::devices[0m[2m:[0m Heartbeat from 04c29f32-07f2-4a6d-bc0e-4d7b9570263c
[2m2026-05-01T11:08:43.055341Z[0m [32m INFO[0m [2mphantom_core::api::routes::devices[0m[2m:[0m Heartbeat from 04c29f32-07f2-4a6d-bc0e-4d7b9570263c
[2m2026-05-01T11:09:13.066342Z[0m [32m INFO[0m [2mphantom_core::api::routes::devices[0m[2m:[0m Heartbeat from 04c29f32-07f2-4a6d-bc0e-4d7b9570263c
[2m2026-05-01T11:09:43.075160Z[0m [32m INFO[0m [2mphantom_core::api::routes::devices[0m[2m:[0m Heartbeat from 04c29f32-07f2-4a6d-bc0e-4d7b9570263c
[2m2026-05-01T11:10:13.081176Z[0m [32m INFO[0m [2mphantom_core::api::routes::devices[0m[2m:[0m Heartbeat from 04c29f32-07f2-4a6d-bc0e-4d7b9570263c
[2m2026-05-01T11:10:43.087463Z[0m [32m INFO[0m [2mphantom_core::api::routes::devices[0m[2m:[0m Heartbeat from 04c29f32-07f2-4a6d-bc0e-4d7b9570263c
[2m2026-05-01T11:11:13.092941Z[0m [32m INFO[0m [2mphantom_core::api::routes::devices[0m[2m:[0m Heartbeat from 04c29f32-07f2-4a6d-bc0e-4d7b9570263c
[2m2026-05-01T11:11:43.096965Z[0m [32m INFO[0m [2mphantom_core::api::routes::devices[0m[2m:[0m Heartbeat from 04c29f32-07f2-4a6d-bc0e-4d7b9570263c
[2m2026-05-01T11:12:13.107735Z[0m [32m INFO[0m [2mphantom_core::api::routes::devices[0m[2m:[0m Heartbeat from 04c29f32-07f2-4a6d-bc0e-4d7b9570263c
[2m2026-05-01T11:12:43.113932Z[0m [32m INFO[0m [2mphantom_core::api::routes::devices[0m[2m:[0m Heartbeat from 04c29f32-07f2-4a6d-bc0e-4d7b9570263c
[2m2026-05-01T11:13:13.130840Z[0m [32m INFO[0m [2mphantom_core::api::routes::devices[0m[2m:[0m Heartbeat from 04c29f32-07f2-4a6d-bc0e-4d7b9570263c
[2m2026-05-01T11:13:43.145886Z[0m [32m INFO[0m [2mphantom_core::api::routes::devices[0m[2m:[0m Heartbeat from 04c29f32-07f2-4a6d-bc0e-4d7b9570263c
[2m2026-05-01T11:14:13.161136Z[0m [32m INFO[0m [2mphantom_core::api::routes::devices[0m[2m:[0m Heartbeat from 04c29f32-07f2-4a6d-bc0e-4d7b9570263c
[2m2026-05-01T11:14:43.177417Z[0m [32m INFO[0m [2mphantom_core::api::routes::devices[0m[2m:[0m Heartbeat from 04c29f32-07f2-4a6d-bc0e-4d7b9570263c
[2m2026-05-01T11:15:13.186677Z[0m [32m INFO[0m [2mphantom_core::api::routes::devices[0m[2m:[0m Heartbeat from 04c29f32-07f2-4a6d-bc0e-4d7b9570263c
[2m2026-05-01T11:15:49.935879Z[0m [32m INFO[0m [2mphantom_core::api::routes::devices[0m[2m:[0m Heartbeat from 04c29f32-07f2-4a6d-bc0e-4d7b9570263c
[2m2026-05-01T11:16:19.955048Z[0m [32m INFO[0m [2mphantom_core::api::routes::devices[0m[2m:[0m Heartbeat from 04c29f32-07f2-4a6d-bc0e-4d7b9570263c
[2m2026-05-01T11:16:49.973290Z[0m [32m INFO[0m [2mphantom_core::api::routes::devices[0m[2m:[0m Heartbeat from 04c29f32-07f2-4a6d-bc0e-4d7b9570263c
[2m2026-05-01T11:17:19.986761Z[0m [32m INFO[0m [2mphantom_core::api::routes::devices[0m[2m:[0m Heartbeat from 04c29f32-07f2-4a6d-bc0e-4d7b9570263c
[2m2026-05-01T11:17:49.989131Z[0m [32m INFO[0m [2mphantom_core::api::routes::devices[0m[2m:[0m Heartbeat from 04c29f32-07f2-4a6d-bc0e-4d7b9570263c
[2m2026-05-01T11:18:20.003718Z[0m [32m INFO[0m [2mphantom_core::api::routes::devices[0m[2m:[0m Heartbeat from 04c29f32-07f2-4a6d-bc0e-4d7b9570263c
[2m2026-05-01T11:18:50.021732Z[0m [32m INFO[0m [2mphantom_core::api::routes::devices[0m[2m:[0m Heartbeat from 04c29f32-07f2-4a6d-bc0e-4d7b9570263c
[2m2026-05-01T11:19:20.037994Z[0m [32m INFO[0m [2mphantom_core::api::routes::devices[0m[2m:[0m Heartbeat from 04c29f32-07f2-4a6d-bc0e-4d7b9570263c
[2m2026-05-01T11:19:50.047247Z[0m [32m INFO[0m [2mphantom_core::api::routes::devices[0m[2m:[0m Heartbeat from 04c29f32-07f2-4a6d-bc0e-4d7b9570263c
[2m2026-05-01T11:20:20.065818Z[0m [32m INFO[0m [2mphantom_core::api::routes::devices[0m[2m:[0m Heartbeat from 04c29f32-07f2-4a6d-bc0e-4d7b9570263c
[2m2026-05-01T11:20:50.075094Z[0m [32m INFO[0m [2mphantom_core::api::routes::devices[0m[2m:[0m Heartbeat from 04c29f32-07f2-4a6d-bc0e-4d7b9570263c
[2m2026-05-01T11:22:07.745625Z[0m [32m INFO[0m [2mphantom_core[0m[2m:[0m PHANTOM Core v1.0.0 starting...
[2m2026-05-01T11:22:07.747792Z[0m [32m INFO[0m [2mphantom_core[0m[2m:[0m Config loaded from: ./data
[2m2026-05-01T11:22:07.763355Z[0m [32m INFO[0m [2mphantom_core::db::migrations[0m[2m:[0m Database migrations applied
[2m2026-05-01T11:22:07.763400Z[0m [32m INFO[0m [2mphantom_core[0m[2m:[0m Database initialized
[2m2026-05-01T11:22:07.763408Z[0m [32m INFO[0m [2mphantom_core[0m[2m:[0m PHANTOM Core running on port 8000
[2m2026-05-01T11:22:07.765369Z[0m [32m INFO[0m [2mphantom_core::api[0m[2m:[0m API listening on 0.0.0.0:8000
[2m2026-05-01T11:22:08.116045Z[0m [32m INFO[0m [2mphantom_core::api::routes::devices[0m[2m:[0m Heartbeat from 0daa96d6-6d4c-4204-af0a-7db0592c8bd7
[2m2026-05-01T11:22:38.140677Z[0m [32m INFO[0m [2mphantom_core::api::routes::devices[0m[2m:[0m Heartbeat from 0daa96d6-6d4c-4204-af0a-7db0592c8bd7
[2m2026-05-01T11:23:08.189036Z[0m [32m INFO[0m [2mphantom_core::api::routes::devices[0m[2m:[0m Heartbeat from 0daa96d6-6d4c-4204-af0a-7db0592c8bd7
[2m2026-05-01T11:23:38.201537Z[0m [32m INFO[0m [2mphantom_core::api::routes::devices[0m[2m:[0m Heartbeat from 0daa96d6-6d4c-4204-af0a-7db0592c8bd7
[2m2026-05-01T11:24:08.213899Z[0m [32m INFO[0m [2mphantom_core::api::routes::devices[0m[2m:[0m Heartbeat from 0daa96d6-6d4c-4204-af0a-7db0592c8bd7
[2m2026-05-01T11:24:38.224156Z[0m [32m INFO[0m [2mphantom_core::api::routes::devices[0m[2m:[0m Heartbeat from 0daa96d6-6d4c-4204-af0a-7db0592c8bd7
[2m2026-05-01T11:25:08.233149Z[0m [32m INFO[0m [2mphantom_core::api::routes::devices[0m[2m:[0m Heartbeat from 0daa96d6-6d4c-4204-af0a-7db0592c8bd7
[2m2026-05-01T11:25:38.237711Z[0m [32m INFO[0m [2mphantom_core::api::routes::devices[0m[2m:[0m Heartbeat from 0daa96d6-6d4c-4204-af0a-7db0592c8bd7
[2m2026-05-01T11:26:08.241883Z[0m [32m INFO[0m [2mphantom_core::api::routes::devices[0m[2m:[0m Heartbeat from 0daa96d6-6d4c-4204-af0a-7db0592c8bd7
[2m2026-05-01T11:26:38.246929Z[0m [32m INFO[0m [2mphantom_core::api::routes::devices[0m[2m:[0m Heartbeat from 0daa96d6-6d4c-4204-af0a-7db0592c8bd7
[2m2026-05-01T11:27:08.251882Z[0m [32m INFO[0m [2mphantom_core::api::routes::devices[0m[2m:[0m Heartbeat from 0daa96d6-6d4c-4204-af0a-7db0592c8bd7
[2m2026-05-01T11:27:38.253529Z[0m [32m INFO[0m [2mphantom_core::api::routes::devices[0m[2m:[0m Heartbeat from 0daa96d6-6d4c-4204-af0a-7db0592c8bd7
[2m2026-05-01T11:28:08.270894Z[0m [32m INFO[0m [2mphantom_core::api::routes::devices[0m[2m:[0m Heartbeat from 0daa96d6-6d4c-4204-af0a-7db0592c8bd7
[2m2026-05-01T11:28:38.279118Z[0m [32m INFO[0m [2mphantom_core::api::routes::devices[0m[2m:[0m Heartbeat from 0daa96d6-6d4c-4204-af0a-7db0592c8bd7
[2m2026-05-01T11:29:08.294635Z[0m [32m INFO[0m [2mphantom_core::api::routes::devices[0m[2m:[0m Heartbeat from 0daa96d6-6d4c-4204-af0a-7db0592c8bd7
[2m2026-05-01T11:29:38.303860Z[0m [32m INFO[0m [2mphantom_core::api::routes::devices[0m[2m:[0m Heartbeat from 0daa96d6-6d4c-4204-af0a-7db0592c8bd7
[2m2026-05-01T11:30:08.326685Z[0m [32m INFO[0m [2mphantom_core::api::routes::devices[0m[2m:[0m Heartbeat from 0daa96d6-6d4c-4204-af0a-7db0592c8bd7
[2m2026-05-01T11:30:38.333968Z[0m [32m INFO[0m [2mphantom_core::api::routes::devices[0m[2m:[0m Heartbeat from 0daa96d6-6d4c-4204-af0a-7db0592c8bd7
[2m2026-05-01T11:31:08.338176Z[0m [32m INFO[0m [2mphantom_core::api::routes::devices[0m[2m:[0m Heartbeat from 0daa96d6-6d4c-4204-af0a-7db0592c8bd7
[2m2026-05-01T11:31:38.348616Z[0m [32m INFO[0m [2mphantom_core::api::routes::devices[0m[2m:[0m Heartbeat from 0daa96d6-6d4c-4204-af0a-7db0592c8bd7
[2m2026-05-01T11:32:08.355547Z[0m [32m INFO[0m [2mphantom_core::api::routes::devices[0m[2m:[0m Heartbeat from 0daa96d6-6d4c-4204-af0a-7db0592c8bd7
[2m2026-05-01T11:32:38.372003Z[0m [32m INFO[0m [2mphantom_core::api::routes::devices[0m[2m:[0m Heartbeat from 0daa96d6-6d4c-4204-af0a-7db0592c8bd7
[2m2026-05-01T11:33:08.387227Z[0m [32m INFO[0m [2mphantom_core::api::routes::devices[0m[2m:[0m Heartbeat from 0daa96d6-6d4c-4204-af0a-7db0592c8bd7
[2m2026-05-01T11:33:38.388233Z[0m [32m INFO[0m [2mphantom_core::api::routes::devices[0m[2m:[0m Heartbeat from 0daa96d6-6d4c-4204-af0a-7db0592c8bd7
[2m2026-05-01T11:34:08.406572Z[0m [32m INFO[0m [2mphantom_core::api::routes::devices[0m[2m:[0m Heartbeat from 0daa96d6-6d4c-4204-af0a-7db0592c8bd7
[2m2026-05-01T11:34:38.423358Z[0m [32m INFO[0m [2mphantom_core::api::routes::devices[0m[2m:[0m Heartbeat from 0daa96d6-6d4c-4204-af0a-7db0592c8bd7
[2m2026-05-01T11:35:08.439007Z[0m [32m INFO[0m [2mphantom_core::api::routes::devices[0m[2m:[0m Heartbeat from 0daa96d6-6d4c-4204-af0a-7db0592c8bd7
[2m2026-05-01T11:35:38.456675Z[0m [32m INFO[0m [2mphantom_core::api::routes::devices[0m[2m:[0m Heartbeat from 0daa96d6-6d4c-4204-af0a-7db0592c8bd7
[2m2026-05-01T11:36:08.462041Z[0m [32m INFO[0m [2mphantom_core::api::routes::devices[0m[2m:[0m Heartbeat from 0daa96d6-6d4c-4204-af0a-7db0592c8bd7
[2m2026-05-01T11:36:38.468893Z[0m [32m INFO[0m [2mphantom_core::api::routes::devices[0m[2m:[0m Heartbeat from 0daa96d6-6d4c-4204-af0a-7db0592c8bd7
[2m2026-05-01T11:37:08.480744Z[0m [32m INFO[0m [2mphantom_core::api::routes::devices[0m[2m:[0m Heartbeat from 0daa96d6-6d4c-4204-af0a-7db0592c8bd7
[2m2026-05-01T11:37:38.497428Z[0m [32m INFO[0m [2mphantom_core::api::routes::devices[0m[2m:[0m Heartbeat from 0daa96d6-6d4c-4204-af0a-7db0592c8bd7
[2m2026-05-01T11:38:08.501613Z[0m [32m INFO[0m [2mphantom_core::api::routes::devices[0m[2m:[0m Heartbeat from 0daa96d6-6d4c-4204-af0a-7db0592c8bd7
[2m2026-05-01T11:38:38.516249Z[0m [32m INFO[0m [2mphantom_core::api::routes::devices[0m[2m:[0m Heartbeat from 0daa96d6-6d4c-4204-af0a-7db0592c8bd7
[2m2026-05-01T11:39:08.520780Z[0m [32m INFO[0m [2mphantom_core::api::routes::devices[0m[2m:[0m Heartbeat from 0daa96d6-6d4c-4204-af0a-7db0592c8bd7
[2m2026-05-01T11:39:38.535434Z[0m [32m INFO[0m [2mphantom_core::api::routes::devices[0m[2m:[0m Heartbeat from 0daa96d6-6d4c-4204-af0a-7db0592c8bd7
[2m2026-05-01T11:40:08.542140Z[0m [32m INFO[0m [2mphantom_core::api::routes::devices[0m[2m:[0m Heartbeat from 0daa96d6-6d4c-4204-af0a-7db0592c8bd7
[2m2026-05-01T11:40:38.561995Z[0m [32m INFO[0m [2mphantom_core::api::routes::devices[0m[2m:[0m Heartbeat from 0daa96d6-6d4c-4204-af0a-7db0592c8bd7
[2m2026-05-01T11:41:08.577987Z[0m [32m INFO[0m [2mphantom_core::api::routes::devices[0m[2m:[0m Heartbeat from 0daa96d6-6d4c-4204-af0a-7db0592c8bd7
[2m2026-05-01T11:41:38.600706Z[0m [32m INFO[0m [2mphantom_core::api::routes::devices[0m[2m:[0m Heartbeat from 0daa96d6-6d4c-4204-af0a-7db0592c8bd7
[2m2026-05-01T11:42:08.610582Z[0m [32m INFO[0m [2mphantom_core::api::routes::devices[0m[2m:[0m Heartbeat from 0daa96d6-6d4c-4204-af0a-7db0592c8bd7
[2m2026-05-01T11:42:38.626368Z[0m [32m INFO[0m [2mphantom_core::api::routes::devices[0m[2m:[0m Heartbeat from 0daa96d6-6d4c-4204-af0a-7db0592c8bd7
[2m2026-05-01T11:43:08.630761Z[0m [32m INFO[0m [2mphantom_core::api::routes::devices[0m[2m:[0m Heartbeat from 0daa96d6-6d4c-4204-af0a-7db0592c8bd7
[2m2026-05-01T11:43:38.638174Z[0m [32m INFO[0m [2mphantom_core::api::routes::devices[0m[2m:[0m Heartbeat from 0daa96d6-6d4c-4204-af0a-7db0592c8bd7
[2m2026-05-01T11:44:08.649123Z[0m [32m INFO[0m [2mphantom_core::api::routes::devices[0m[2m:[0m Heartbeat from 0daa96d6-6d4c-4204-af0a-7db0592c8bd7
[2m2026-05-01T11:44:38.664336Z[0m [32m INFO[0m [2mphantom_core::api::routes::devices[0m[2m:[0m Heartbeat from 0daa96d6-6d4c-4204-af0a-7db0592c8bd7
[2m2026-05-01T11:45:08.670879Z[0m [32m INFO[0m [2mphantom_core::api::routes::devices[0m[2m:[0m Heartbeat from 0daa96d6-6d4c-4204-af0a-7db0592c8bd7
[2m2026-05-01T11:45:38.675473Z[0m [32m INFO[0m [2mphantom_core::api::routes::devices[0m[2m:[0m Heartbeat from 0daa96d6-6d4c-4204-af0a-7db0592c8bd7
[2m2026-05-01T11:46:08.716394Z[0m [32m INFO[0m [2mphantom_core::api::routes::devices[0m[2m:[0m Heartbeat from 0daa96d6-6d4c-4204-af0a-7db0592c8bd7
[2m2026-05-01T11:46:38.726469Z[0m [32m INFO[0m [2mphantom_core::api::routes::devices[0m[2m:[0m Heartbeat from 0daa96d6-6d4c-4204-af0a-7db0592c8bd7
[2m2026-05-01T11:47:08.730508Z[0m [32m INFO[0m [2mphantom_core::api::routes::devices[0m[2m:[0m Heartbeat from 0daa96d6-6d4c-4204-af0a-7db0592c8bd7
[2m2026-05-01T11:47:38.744568Z[0m [32m INFO[0m [2mphantom_core::api::routes::devices[0m[2m:[0m Heartbeat from 0daa96d6-6d4c-4204-af0a-7db0592c8bd7
[2m2026-05-01T11:48:05.570166Z[0m [32m INFO[0m [2mphantom_core[0m[2m:[0m PHANTOM Core v1.0.0 starting...
[2m2026-05-01T11:48:05.570592Z[0m [32m INFO[0m [2mphantom_core[0m[2m:[0m Config loaded from: ./data
[2m2026-05-01T11:48:05.585491Z[0m [32m INFO[0m [2mphantom_core::db::migrations[0m[2m:[0m Database migrations applied
[2m2026-05-01T11:48:05.585510Z[0m [32m INFO[0m [2mphantom_core[0m[2m:[0m Database initialized
[2m2026-05-01T11:48:05.585516Z[0m [32m INFO[0m [2mphantom_core[0m[2m:[0m PHANTOM Core running on port 8000
[2m2026-05-01T11:48:05.585629Z[0m [32m INFO[0m [2mphantom_core::api[0m[2m:[0m API listening on 0.0.0.0:8000
[2m2026-05-01T11:48:09.082552Z[0m [32m INFO[0m [2mphantom_core::api::routes::devices[0m[2m:[0m Heartbeat from 0daa96d6-6d4c-4204-af0a-7db0592c8bd7
[2m2026-05-01T11:48:39.084633Z[0m [32m INFO[0m [2mphantom_core::api::routes::devices[0m[2m:[0m Heartbeat from 0daa96d6-6d4c-4204-af0a-7db0592c8bd7
[2m2026-05-01T11:49:09.090887Z[0m [32m INFO[0m [2mphantom_core::api::routes::devices[0m[2m:[0m Heartbeat from 0daa96d6-6d4c-4204-af0a-7db0592c8bd7
[2m2026-05-01T11:49:39.098345Z[0m [32m INFO[0m [2mphantom_core::api::routes::devices[0m[2m:[0m Heartbeat from 0daa96d6-6d4c-4204-af0a-7db0592c8bd7
[2m2026-05-01T11:50:09.114140Z[0m [32m INFO[0m [2mphantom_core::api::routes::devices[0m[2m:[0m Heartbeat from 0daa96d6-6d4c-4204-af0a-7db0592c8bd7
[2m2026-05-01T11:50:39.116783Z[0m [32m INFO[0m [2mphantom_core::api::routes::devices[0m[2m:[0m Heartbeat from 0daa96d6-6d4c-4204-af0a-7db0592c8bd7
[2m2026-05-01T11:51:09.132051Z[0m [32m INFO[0m [2mphantom_core::api::routes::devices[0m[2m:[0m Heartbeat from 0daa96d6-6d4c-4204-af0a-7db0592c8bd7
[2m2026-05-01T11:51:39.134146Z[0m [32m INFO[0m [2mphantom_core::api::routes::devices[0m[2m:[0m Heartbeat from 0daa96d6-6d4c-4204-af0a-7db0592c8bd7
[2m2026-05-01T11:52:09.150574Z[0m [32m INFO[0m [2mphantom_core::api::routes::devices[0m[2m:[0m Heartbeat from 0daa96d6-6d4c-4204-af0a-7db0592c8bd7
[2m2026-05-01T11:52:39.162400Z[0m [32m INFO[0m [2mphantom_core::api::routes::devices[0m[2m:[0m Heartbeat from 0daa96d6-6d4c-4204-af0a-7db0592c8bd7
[2m2026-05-01T11:53:07.466950Z[0m [32m INFO[0m [2mphantom_core[0m[2m:[0m PHANTOM Core v1.0.0 starting...
[2m2026-05-01T11:53:07.467392Z[0m [32m INFO[0m [2mphantom_core[0m[2m:[0m Config loaded from: ./data
[2m2026-05-01T11:53:07.476279Z[0m [32m INFO[0m [2mphantom_core::db::migrations[0m[2m:[0m Database migrations applied
[2m2026-05-01T11:53:07.476303Z[0m [32m INFO[0m [2mphantom_core[0m[2m:[0m Database initialized
[2m2026-05-01T11:53:07.476311Z[0m [32m INFO[0m [2mphantom_core[0m[2m:[0m PHANTOM Core running on port 8000
[2m2026-05-01T11:53:07.476469Z[0m [32m INFO[0m [2mphantom_core::api[0m[2m:[0m API listening on 0.0.0.0:8000
[2m2026-05-01T11:53:09.505207Z[0m [32m INFO[0m [2mphantom_core::api::routes::devices[0m[2m:[0m Heartbeat from 0daa96d6-6d4c-4204-af0a-7db0592c8bd7
[2m2026-05-01T11:53:39.519562Z[0m [32m INFO[0m [2mphantom_core::api::routes::devices[0m[2m:[0m Heartbeat from 0daa96d6-6d4c-4204-af0a-7db0592c8bd7
[2m2026-05-01T11:54:09.539719Z[0m [32m INFO[0m [2mphantom_core::api::routes::devices[0m[2m:[0m Heartbeat from 0daa96d6-6d4c-4204-af0a-7db0592c8bd7
[2m2026-05-01T11:54:39.552825Z[0m [32m INFO[0m [2mphantom_core::api::routes::devices[0m[2m:[0m Heartbeat from 0daa96d6-6d4c-4204-af0a-7db0592c8bd7
[2m2026-05-01T11:55:09.575819Z[0m [32m INFO[0m [2mphantom_core::api::routes::devices[0m[2m:[0m Heartbeat from 0daa96d6-6d4c-4204-af0a-7db0592c8bd7
[2m2026-05-01T11:55:39.579167Z[0m [32m INFO[0m [2mphantom_core::api::routes::devices[0m[2m:[0m Heartbeat from 0daa96d6-6d4c-4204-af0a-7db0592c8bd7
[2m2026-05-01T11:56:09.592334Z[0m [32m INFO[0m [2mphantom_core::api::routes::devices[0m[2m:[0m Heartbeat from 0daa96d6-6d4c-4204-af0a-7db0592c8bd7
[2m2026-05-01T11:56:39.597645Z[0m [32m INFO[0m [2mphantom_core::api::routes::devices[0m[2m:[0m Heartbeat from 0daa96d6-6d4c-4204-af0a-7db0592c8bd7
[2m2026-05-01T11:57:09.614751Z[0m [32m INFO[0m [2mphantom_core::api::routes::devices[0m[2m:[0m Heartbeat from 0daa96d6-6d4c-4204-af0a-7db0592c8bd7
[2m2026-05-01T11:57:39.619656Z[0m [32m INFO[0m [2mphantom_core::api::routes::devices[0m[2m:[0m Heartbeat from 0daa96d6-6d4c-4204-af0a-7db0592c8bd7
[2m2026-05-01T11:58:09.634451Z[0m [32m INFO[0m [2mphantom_core::api::routes::devices[0m[2m:[0m Heartbeat from 0daa96d6-6d4c-4204-af0a-7db0592c8bd7
[2m2026-05-01T11:58:39.637977Z[0m [32m INFO[0m [2mphantom_core::api::routes::devices[0m[2m:[0m Heartbeat from 0daa96d6-6d4c-4204-af0a-7db0592c8bd7
[2m2026-05-01T11:59:09.649360Z[0m [32m INFO[0m [2mphantom_core::api::routes::devices[0m[2m:[0m Heartbeat from 0daa96d6-6d4c-4204-af0a-7db0592c8bd7
[2m2026-05-01T11:59:39.659341Z[0m [32m INFO[0m [2mphantom_core::api::routes::devices[0m[2m:[0m Heartbeat from 0daa96d6-6d4c-4204-af0a-7db0592c8bd7
[2m2026-05-01T12:00:09.676374Z[0m [32m INFO[0m [2mphantom_core::api::routes::devices[0m[2m:[0m Heartbeat from 0daa96d6-6d4c-4204-af0a-7db0592c8bd7
[2m2026-05-01T12:00:39.686804Z[0m [32m INFO[0m [2mphantom_core::api::routes::devices[0m[2m:[0m Heartbeat from 0daa96d6-6d4c-4204-af0a-7db0592c8bd7
[2m2026-05-01T12:01:09.703860Z[0m [32m INFO[0m [2mphantom_core::api::routes::devices[0m[2m:[0m Heartbeat from 0daa96d6-6d4c-4204-af0a-7db0592c8bd7
[2m2026-05-01T12:01:39.712851Z[0m [32m INFO[0m [2mphantom_core::api::routes::devices[0m[2m:[0m Heartbeat from 0daa96d6-6d4c-4204-af0a-7db0592c8bd7
[2m2026-05-01T12:02:09.716252Z[0m [32m INFO[0m [2mphantom_core::api::routes::devices[0m[2m:[0m Heartbeat from 0daa96d6-6d4c-4204-af0a-7db0592c8bd7
[2m2026-05-01T12:02:39.728739Z[0m [32m INFO[0m [2mphantom_core::api::routes::devices[0m[2m:[0m Heartbeat from 0daa96d6-6d4c-4204-af0a-7db0592c8bd7
[2m2026-05-01T12:03:09.730127Z[0m [32m INFO[0m [2mphantom_core::api::routes::devices[0m[2m:[0m Heartbeat from 0daa96d6-6d4c-4204-af0a-7db0592c8bd7
[2m2026-05-01T12:03:39.733864Z[0m [32m INFO[0m [2mphantom_core::api::routes::devices[0m[2m:[0m Heartbeat from 0daa96d6-6d4c-4204-af0a-7db0592c8bd7
[2m2026-05-01T12:04:09.737294Z[0m [32m INFO[0m [2mphantom_core::api::routes::devices[0m[2m:[0m Heartbeat from 0daa96d6-6d4c-4204-af0a-7db0592c8bd7
[2m2026-05-01T12:04:22.786884Z[0m [32m INFO[0m [2mphantom_core[0m[2m:[0m PHANTOM Core v1.0.0 starting...
[2m2026-05-01T12:04:22.787082Z[0m [32m INFO[0m [2mphantom_core[0m[2m:[0m Config loaded from: ./data
[2m2026-05-01T12:04:22.795886Z[0m [32m INFO[0m [2mphantom_core::db::migrations[0m[2m:[0m Database migrations applied
[2m2026-05-01T12:04:22.795907Z[0m [32m INFO[0m [2mphantom_core[0m[2m:[0m Database initialized
[2m2026-05-01T12:04:22.795914Z[0m [32m INFO[0m [2mphantom_core[0m[2m:[0m PHANTOM Core running on port 8000
[2m2026-05-01T12:04:22.796029Z[0m [32m INFO[0m [2mphantom_core::api[0m[2m:[0m API listening on 0.0.0.0:8000
[2m2026-05-01T12:04:40.070008Z[0m [32m INFO[0m [2mphantom_core::api::routes::devices[0m[2m:[0m Heartbeat from 0daa96d6-6d4c-4204-af0a-7db0592c8bd7
[2m2026-05-01T12:05:19.657959Z[0m [32m INFO[0m [2mphantom_core[0m[2m:[0m PHANTOM Core v1.0.0 starting...
[2m2026-05-01T12:05:19.658300Z[0m [32m INFO[0m [2mphantom_core[0m[2m:[0m Config loaded from: ./data
[2m2026-05-01T12:05:19.667337Z[0m [32m INFO[0m [2mphantom_core::db::migrations[0m[2m:[0m Database migrations applied
[2m2026-05-01T12:05:19.667358Z[0m [32m INFO[0m [2mphantom_core[0m[2m:[0m Database initialized
[2m2026-05-01T12:05:19.667369Z[0m [32m INFO[0m [2mphantom_core[0m[2m:[0m PHANTOM Core running on port 8000
[2m2026-05-01T12:05:19.668067Z[0m [32m INFO[0m [2mphantom_core::api[0m[2m:[0m API listening on 0.0.0.0:8000
[2m2026-05-01T12:05:42.810004Z[0m [32m INFO[0m [2mphantom_core::api::routes::devices[0m[2m:[0m Heartbeat from 0daa96d6-6d4c-4204-af0a-7db0592c8bd7
[2m2026-05-01T12:06:12.819667Z[0m [32m INFO[0m [2mphantom_core::api::routes::devices[0m[2m:[0m Heartbeat from 0daa96d6-6d4c-4204-af0a-7db0592c8bd7
[2m2026-05-01T12:06:42.826351Z[0m [32m INFO[0m [2mphantom_core::api::routes::devices[0m[2m:[0m Heartbeat from 0daa96d6-6d4c-4204-af0a-7db0592c8bd7
[2m2026-05-01T12:07:12.839320Z[0m [32m INFO[0m [2mphantom_core::api::routes::devices[0m[2m:[0m Heartbeat from 0daa96d6-6d4c-4204-af0a-7db0592c8bd7
[2m2026-05-01T12:07:42.844025Z[0m [32m INFO[0m [2mphantom_core::api::routes::devices[0m[2m:[0m Heartbeat from 0daa96d6-6d4c-4204-af0a-7db0592c8bd7
[2m2026-05-01T12:08:12.858962Z[0m [32m INFO[0m [2mphantom_core::api::routes::devices[0m[2m:[0m Heartbeat from 0daa96d6-6d4c-4204-af0a-7db0592c8bd7
[2m2026-05-01T12:08:42.872103Z[0m [32m INFO[0m [2mphantom_core::api::routes::devices[0m[2m:[0m Heartbeat from 0daa96d6-6d4c-4204-af0a-7db0592c8bd7
[2m2026-05-01T12:09:12.887882Z[0m [32m INFO[0m [2mphantom_core::api::routes::devices[0m[2m:[0m Heartbeat from 0daa96d6-6d4c-4204-af0a-7db0592c8bd7
[2m2026-05-01T12:09:42.895397Z[0m [32m INFO[0m [2mphantom_core::api::routes::devices[0m[2m:[0m Heartbeat from 0daa96d6-6d4c-4204-af0a-7db0592c8bd7
[2m2026-05-01T12:10:12.905671Z[0m [32m INFO[0m [2mphantom_core::api::routes::devices[0m[2m:[0m Heartbeat from 0daa96d6-6d4c-4204-af0a-7db0592c8bd7
[2m2026-05-01T12:10:42.922207Z[0m [32m INFO[0m [2mphantom_core::api::routes::devices[0m[2m:[0m Heartbeat from 0daa96d6-6d4c-4204-af0a-7db0592c8bd7
[2m2026-05-01T12:11:12.939804Z[0m [32m INFO[0m [2mphantom_core::api::routes::devices[0m[2m:[0m Heartbeat from 0daa96d6-6d4c-4204-af0a-7db0592c8bd7
[2m2026-05-01T12:11:46.779509Z[0m [32m INFO[0m [2mphantom_core::api::routes::devices[0m[2m:[0m Heartbeat from 0daa96d6-6d4c-4204-af0a-7db0592c8bd7
[2m2026-05-01T12:12:16.792930Z[0m [32m INFO[0m [2mphantom_core::api::routes::devices[0m[2m:[0m Heartbeat from 0daa96d6-6d4c-4204-af0a-7db0592c8bd7
[2m2026-05-01T12:12:51.675500Z[0m [32m INFO[0m [2mphantom_core::api::routes::devices[0m[2m:[0m Heartbeat from 0daa96d6-6d4c-4204-af0a-7db0592c8bd7
[2m2026-05-01T12:13:21.684291Z[0m [32m INFO[0m [2mphantom_core::api::routes::devices[0m[2m:[0m Heartbeat from 0daa96d6-6d4c-4204-af0a-7db0592c8bd7
[2m2026-05-01T12:14:01.907715Z[0m [32m INFO[0m [2mphantom_core::api::routes::devices[0m[2m:[0m Heartbeat from 0daa96d6-6d4c-4204-af0a-7db0592c8bd7
[2m2026-05-01T12:14:31.935455Z[0m [32m INFO[0m [2mphantom_core::api::routes::devices[0m[2m:[0m Heartbeat from 0daa96d6-6d4c-4204-af0a-7db0592c8bd7
[2m2026-05-01T12:15:08.258026Z[0m [32m INFO[0m [2mphantom_core::api::routes::devices[0m[2m:[0m Heartbeat from 0daa96d6-6d4c-4204-af0a-7db0592c8bd7
[2m2026-05-01T12:15:38.273865Z[0m [32m INFO[0m [2mphantom_core::api::routes::devices[0m[2m:[0m Heartbeat from 0daa96d6-6d4c-4204-af0a-7db0592c8bd7
[2m2026-05-01T12:16:13.679637Z[0m [32m INFO[0m [2mphantom_core::api::routes::devices[0m[2m:[0m Heartbeat from 0daa96d6-6d4c-4204-af0a-7db0592c8bd7
[2m2026-05-01T12:16:43.691914Z[0m [32m INFO[0m [2mphantom_core::api::routes::devices[0m[2m:[0m Heartbeat from 0daa96d6-6d4c-4204-af0a-7db0592c8bd7
[2m2026-05-01T12:18:03.973560Z[0m [32m INFO[0m [2mphantom_core::api::routes::devices[0m[2m:[0m Heartbeat from 0daa96d6-6d4c-4204-af0a-7db0592c8bd7
[2m2026-05-01T12:18:33.982233Z[0m [32m INFO[0m [2mphantom_core::api::routes::devices[0m[2m:[0m Heartbeat from 0daa96d6-6d4c-4204-af0a-7db0592c8bd7
[2m2026-05-01T12:19:09.550106Z[0m [32m INFO[0m [2mphantom_core::api::routes::devices[0m[2m:[0m Heartbeat from 0daa96d6-6d4c-4204-af0a-7db0592c8bd7
[2m2026-05-01T12:19:39.568572Z[0m [32m INFO[0m [2mphantom_core::api::routes::devices[0m[2m:[0m Heartbeat from 0daa96d6-6d4c-4204-af0a-7db0592c8bd7
[2m2026-05-01T12:20:28.914568Z[0m [32m INFO[0m [2mphantom_core::api::routes::devices[0m[2m:[0m Heartbeat from 0daa96d6-6d4c-4204-af0a-7db0592c8bd7
[2m2026-05-01T12:20:58.922395Z[0m [32m INFO[0m [2mphantom_core::api::routes::devices[0m[2m:[0m Heartbeat from 0daa96d6-6d4c-4204-af0a-7db0592c8bd7
[2m2026-05-01T12:21:33.615944Z[0m [32m INFO[0m [2mphantom_core::api::routes::devices[0m[2m:[0m Heartbeat from 0daa96d6-6d4c-4204-af0a-7db0592c8bd7
[2m2026-05-01T12:22:03.625446Z[0m [32m INFO[0m [2mphantom_core::api::routes::devices[0m[2m:[0m Heartbeat from 0daa96d6-6d4c-4204-af0a-7db0592c8bd7
[2m2026-05-01T12:22:43.295176Z[0m [32m INFO[0m [2mphantom_core::api::routes::devices[0m[2m:[0m Heartbeat from 0daa96d6-6d4c-4204-af0a-7db0592c8bd7
[2m2026-05-01T12:23:13.299444Z[0m [32m INFO[0m [2mphantom_core::api::routes::devices[0m[2m:[0m Heartbeat from 0daa96d6-6d4c-4204-af0a-7db0592c8bd7
[2m2026-05-01T12:24:20.233321Z[0m [32m INFO[0m [2mphantom_core::api::routes::devices[0m[2m:[0m Heartbeat from 0daa96d6-6d4c-4204-af0a-7db0592c8bd7
[2m2026-05-01T12:24:50.241658Z[0m [32m INFO[0m [2mphantom_core::api::routes::devices[0m[2m:[0m Heartbeat from 0daa96d6-6d4c-4204-af0a-7db0592c8bd7
[2m2026-05-01T12:25:24.937474Z[0m [32m INFO[0m [2mphantom_core::api::routes::devices[0m[2m:[0m Heartbeat from 0daa96d6-6d4c-4204-af0a-7db0592c8bd7
[2m2026-05-01T12:25:54.941525Z[0m [32m INFO[0m [2mphantom_core::api::routes::devices[0m[2m:[0m Heartbeat from 0daa96d6-6d4c-4204-af0a-7db0592c8bd7
[2m2026-05-01T12:26:31.144039Z[0m [32m INFO[0m [2mphantom_core::api::routes::devices[0m[2m:[0m Heartbeat from 0daa96d6-6d4c-4204-af0a-7db0592c8bd7
[2m2026-05-01T12:27:01.158057Z[0m [32m INFO[0m [2mphantom_core::api::routes::devices[0m[2m:[0m Heartbeat from 0daa96d6-6d4c-4204-af0a-7db0592c8bd7
[2m2026-05-01T12:27:39.856900Z[0m [32m INFO[0m [2mphantom_core::api::routes::devices[0m[2m:[0m Heartbeat from 0daa96d6-6d4c-4204-af0a-7db0592c8bd7
[2m2026-05-01T12:28:09.860143Z[0m [32m INFO[0m [2mphantom_core::api::routes::devices[0m[2m:[0m Heartbeat from 0daa96d6-6d4c-4204-af0a-7db0592c8bd7
[2m2026-05-01T12:28:48.591325Z[0m [32m INFO[0m [2mphantom_core::api::routes::devices[0m[2m:[0m Heartbeat from 0daa96d6-6d4c-4204-af0a-7db0592c8bd7
[2m2026-05-01T12:29:18.594020Z[0m [32m INFO[0m [2mphantom_core::api::routes::devices[0m[2m:[0m Heartbeat from 0daa96d6-6d4c-4204-af0a-7db0592c8bd7
[2m2026-05-01T12:29:57.931359Z[0m [32m INFO[0m [2mphantom_core::api::routes::devices[0m[2m:[0m Heartbeat from 0daa96d6-6d4c-4204-af0a-7db0592c8bd7
[2m2026-05-01T12:30:27.944034Z[0m [32m INFO[0m [2mphantom_core::api::routes::devices[0m[2m:[0m Heartbeat from 0daa96d6-6d4c-4204-af0a-7db0592c8bd7
[2m2026-05-01T12:31:05.257376Z[0m [32m INFO[0m [2mphantom_core::api::routes::devices[0m[2m:[0m Heartbeat from 0daa96d6-6d4c-4204-af0a-7db0592c8bd7
[2m2026-05-01T12:31:35.259767Z[0m [32m INFO[0m [2mphantom_core::api::routes::devices[0m[2m:[0m Heartbeat from 0daa96d6-6d4c-4204-af0a-7db0592c8bd7
[2m2026-05-01T12:32:09.455016Z[0m [32m INFO[0m [2mphantom_core::api::routes::devices[0m[2m:[0m Heartbeat from 0daa96d6-6d4c-4204-af0a-7db0592c8bd7
[2m2026-05-01T12:32:39.469952Z[0m [32m INFO[0m [2mphantom_core::api::routes::devices[0m[2m:[0m Heartbeat from 0daa96d6-6d4c-4204-af0a-7db0592c8bd7
[2m2026-05-01T12:33:25.415328Z[0m [32m INFO[0m [2mphantom_core::api::routes::devices[0m[2m:[0m Heartbeat from 0daa96d6-6d4c-4204-af0a-7db0592c8bd7
[2m2026-05-01T12:33:55.429071Z[0m [32m INFO[0m [2mphantom_core::api::routes::devices[0m[2m:[0m Heartbeat from 0daa96d6-6d4c-4204-af0a-7db0592c8bd7
[2m2026-05-01T12:34:31.043994Z[0m [32m INFO[0m [2mphantom_core::api::routes::devices[0m[2m:[0m Heartbeat from 0daa96d6-6d4c-4204-af0a-7db0592c8bd7
[2m2026-05-01T12:35:01.046438Z[0m [32m INFO[0m [2mphantom_core::api::routes::devices[0m[2m:[0m Heartbeat from 0daa96d6-6d4c-4204-af0a-7db0592c8bd7
[2m2026-05-01T12:35:39.131834Z[0m [32m INFO[0m [2mphantom_core::api::routes::devices[0m[2m:[0m Heartbeat from 0daa96d6-6d4c-4204-af0a-7db0592c8bd7
[2m2026-05-01T12:36:09.145253Z[0m [32m INFO[0m [2mphantom_core::api::routes::devices[0m[2m:[0m Heartbeat from 0daa96d6-6d4c-4204-af0a-7db0592c8bd7
[2m2026-05-01T12:36:43.399593Z[0m [32m INFO[0m [2mphantom_core::api::routes::devices[0m[2m:[0m Heartbeat from 0daa96d6-6d4c-4204-af0a-7db0592c8bd7
[2m2026-05-01T12:37:13.411551Z[0m [32m INFO[0m [2mphantom_core::api::routes::devices[0m[2m:[0m Heartbeat from 0daa96d6-6d4c-4204-af0a-7db0592c8bd7
[2m2026-05-01T12:37:50.516491Z[0m [32m INFO[0m [2mphantom_core::api::routes::devices[0m[2m:[0m Heartbeat from 0daa96d6-6d4c-4204-af0a-7db0592c8bd7
[2m2026-05-01T12:38:20.529389Z[0m [32m INFO[0m [2mphantom_core::api::routes::devices[0m[2m:[0m Heartbeat from 0daa96d6-6d4c-4204-af0a-7db0592c8bd7
[2m2026-05-01T12:39:01.690448Z[0m [32m INFO[0m [2mphantom_core::api::routes::devices[0m[2m:[0m Heartbeat from 0daa96d6-6d4c-4204-af0a-7db0592c8bd7
[2m2026-05-01T12:39:31.695555Z[0m [32m INFO[0m [2mphantom_core::api::routes::devices[0m[2m:[0m Heartbeat from 0daa96d6-6d4c-4204-af0a-7db0592c8bd7
[2m2026-05-01T12:40:13.330665Z[0m [32m INFO[0m [2mphantom_core::api::routes::devices[0m[2m:[0m Heartbeat from 0daa96d6-6d4c-4204-af0a-7db0592c8bd7
[2m2026-05-01T12:40:43.333736Z[0m [32m INFO[0m [2mphantom_core::api::routes::devices[0m[2m:[0m Heartbeat from 0daa96d6-6d4c-4204-af0a-7db0592c8bd7
[2m2026-05-01T12:41:23.908575Z[0m [32m INFO[0m [2mphantom_core::api::routes::devices[0m[2m:[0m Heartbeat from 0daa96d6-6d4c-4204-af0a-7db0592c8bd7
[2m2026-05-01T12:41:53.913671Z[0m [32m INFO[0m [2mphantom_core::api::routes::devices[0m[2m:[0m Heartbeat from 0daa96d6-6d4c-4204-af0a-7db0592c8bd7
[2m2026-05-01T12:43:01.876789Z[0m [32m INFO[0m [2mphantom_core::api::routes::devices[0m[2m:[0m Heartbeat from 0daa96d6-6d4c-4204-af0a-7db0592c8bd7
[2m2026-05-01T12:43:31.882196Z[0m [32m INFO[0m [2mphantom_core::api::routes::devices[0m[2m:[0m Heartbeat from 0daa96d6-6d4c-4204-af0a-7db0592c8bd7
[2m2026-05-01T12:44:07.576257Z[0m [32m INFO[0m [2mphantom_core::api::routes::devices[0m[2m:[0m Heartbeat from 0daa96d6-6d4c-4204-af0a-7db0592c8bd7
[2m2026-05-01T12:44:37.582141Z[0m [32m INFO[0m [2mphantom_core::api::routes::devices[0m[2m:[0m Heartbeat from 0daa96d6-6d4c-4204-af0a-7db0592c8bd7
[2m2026-05-01T12:45:12.906229Z[0m [32m INFO[0m [2mphantom_core::api::routes::devices[0m[2m:[0m Heartbeat from 0daa96d6-6d4c-4204-af0a-7db0592c8bd7
[2m2026-05-01T12:45:42.914014Z[0m [32m INFO[0m [2mphantom_core::api::routes::devices[0m[2m:[0m Heartbeat from 0daa96d6-6d4c-4204-af0a-7db0592c8bd7
[2m2026-05-01T12:46:17.647834Z[0m [32m INFO[0m [2mphantom_core::api::routes::devices[0m[2m:[0m Heartbeat from 0daa96d6-6d4c-4204-af0a-7db0592c8bd7
[2m2026-05-01T12:46:47.662011Z[0m [32m INFO[0m [2mphantom_core::api::routes::devices[0m[2m:[0m Heartbeat from 0daa96d6-6d4c-4204-af0a-7db0592c8bd7
[2m2026-05-01T12:47:22.321228Z[0m [32m INFO[0m [2mphantom_core::api::routes::devices[0m[2m:[0m Heartbeat from 0daa96d6-6d4c-4204-af0a-7db0592c8bd7
[2m2026-05-01T12:47:52.323110Z[0m [32m INFO[0m [2mphantom_core::api::routes::devices[0m[2m:[0m Heartbeat from 0daa96d6-6d4c-4204-af0a-7db0592c8bd7
[2m2026-05-01T12:48:31.760672Z[0m [32m INFO[0m [2mphantom_core::api::routes::devices[0m[2m:[0m Heartbeat from 0daa96d6-6d4c-4204-af0a-7db0592c8bd7
[2m2026-05-01T12:49:01.770454Z[0m [32m INFO[0m [2mphantom_core::api::routes::devices[0m[2m:[0m Heartbeat from 0daa96d6-6d4c-4204-af0a-7db0592c8bd7
[2m2026-05-01T12:49:37.833616Z[0m [32m INFO[0m [2mphantom_core::api::routes::devices[0m[2m:[0m Heartbeat from 0daa96d6-6d4c-4204-af0a-7db0592c8bd7
[2m2026-05-01T12:50:07.843549Z[0m [32m INFO[0m [2mphantom_core::api::routes::devices[0m[2m:[0m Heartbeat from 0daa96d6-6d4c-4204-af0a-7db0592c8bd7
[2m2026-05-01T12:50:51.606629Z[0m [32m INFO[0m [2mphantom_core::api::routes::devices[0m[2m:[0m Heartbeat from 0daa96d6-6d4c-4204-af0a-7db0592c8bd7
[2m2026-05-01T12:51:21.609959Z[0m [32m INFO[0m [2mphantom_core::api::routes::devices[0m[2m:[0m Heartbeat from 0daa96d6-6d4c-4204-af0a-7db0592c8bd7
[2m2026-05-01T12:52:01.548763Z[0m [32m INFO[0m [2mphantom_core::api::routes::devices[0m[2m:[0m Heartbeat from 0daa96d6-6d4c-4204-af0a-7db0592c8bd7
[2m2026-05-01T12:52:31.557995Z[0m [32m INFO[0m [2mphantom_core::api::routes::devices[0m[2m:[0m Heartbeat from 0daa96d6-6d4c-4204-af0a-7db0592c8bd7
[2m2026-05-01T12:53:08.096098Z[0m [32m INFO[0m [2mphantom_core::api::routes::devices[0m[2m:[0m Heartbeat from 0daa96d6-6d4c-4204-af0a-7db0592c8bd7
[2m2026-05-01T12:53:38.105482Z[0m [32m INFO[0m [2mphantom_core::api::routes::devices[0m[2m:[0m Heartbeat from 0daa96d6-6d4c-4204-af0a-7db0592c8bd7
[2m2026-05-01T12:54:32.610348Z[0m [32m INFO[0m [2mphantom_core::api::routes::devices[0m[2m:[0m Heartbeat from 0daa96d6-6d4c-4204-af0a-7db0592c8bd7
[2m2026-05-01T12:55:02.620201Z[0m [32m INFO[0m [2mphantom_core::api::routes::devices[0m[2m:[0m Heartbeat from 0daa96d6-6d4c-4204-af0a-7db0592c8bd7
[2m2026-05-01T12:55:41.161589Z[0m [32m INFO[0m [2mphantom_core::api::routes::devices[0m[2m:[0m Heartbeat from 0daa96d6-6d4c-4204-af0a-7db0592c8bd7
[2m2026-05-01T12:56:11.167098Z[0m [32m INFO[0m [2mphantom_core::api::routes::devices[0m[2m:[0m Heartbeat from 0daa96d6-6d4c-4204-af0a-7db0592c8bd7
[2m2026-05-01T12:56:46.247687Z[0m [32m INFO[0m [2mphantom_core::api::routes::devices[0m[2m:[0m Heartbeat from 0daa96d6-6d4c-4204-af0a-7db0592c8bd7
[2m2026-05-01T12:57:16.257613Z[0m [32m INFO[0m [2mphantom_core::api::routes::devices[0m[2m:[0m Heartbeat from 0daa96d6-6d4c-4204-af0a-7db0592c8bd7
[2m2026-05-01T12:57:52.685869Z[0m [32m INFO[0m [2mphantom_core::api::routes::devices[0m[2m:[0m Heartbeat from 0daa96d6-6d4c-4204-af0a-7db0592c8bd7
[2m2026-05-01T12:58:22.697593Z[0m [32m INFO[0m [2mphantom_core::api::routes::devices[0m[2m:[0m Heartbeat from 0daa96d6-6d4c-4204-af0a-7db0592c8bd7
[2m2026-05-01T12:58:58.050354Z[0m [32m INFO[0m [2mphantom_core::api::routes::devices[0m[2m:[0m Heartbeat from 0daa96d6-6d4c-4204-af0a-7db0592c8bd7
[2m2026-05-01T12:59:28.058500Z[0m [32m INFO[0m [2mphantom_core::api::routes::devices[0m[2m:[0m Heartbeat from 0daa96d6-6d4c-4204-af0a-7db0592c8bd7
[2m2026-05-01T13:00:33.668166Z[0m [32m INFO[0m [2mphantom_core::api::routes::devices[0m[2m:[0m Heartbeat from 0daa96d6-6d4c-4204-af0a-7db0592c8bd7
[2m2026-05-01T13:01:03.683050Z[0m [32m INFO[0m [2mphantom_core::api::routes::devices[0m[2m:[0m Heartbeat from 0daa96d6-6d4c-4204-af0a-7db0592c8bd7
[2m2026-05-01T13:01:41.403066Z[0m [32m INFO[0m [2mphantom_core::api::routes::devices[0m[2m:[0m Heartbeat from 0daa96d6-6d4c-4204-af0a-7db0592c8bd7
[2m2026-05-01T13:02:11.416211Z[0m [32m INFO[0m [2mphantom_core::api::routes::devices[0m[2m:[0m Heartbeat from 0daa96d6-6d4c-4204-af0a-7db0592c8bd7
[2m2026-05-01T13:03:28.678331Z[0m [32m INFO[0m [2mphantom_core::api::routes::devices[0m[2m:[0m Heartbeat from 0daa96d6-6d4c-4204-af0a-7db0592c8bd7
[2m2026-05-01T13:03:58.693440Z[0m [32m INFO[0m [2mphantom_core::api::routes::devices[0m[2m:[0m Heartbeat from 0daa96d6-6d4c-4204-af0a-7db0592c8bd7
[2m2026-05-01T13:04:33.293379Z[0m [32m INFO[0m [2mphantom_core::api::routes::devices[0m[2m:[0m Heartbeat from 0daa96d6-6d4c-4204-af0a-7db0592c8bd7
[2m2026-05-01T13:05:03.296002Z[0m [32m INFO[0m [2mphantom_core::api::routes::devices[0m[2m:[0m Heartbeat from 0daa96d6-6d4c-4204-af0a-7db0592c8bd7
[2m2026-05-01T13:05:42.895697Z[0m [32m INFO[0m [2mphantom_core::api::routes::devices[0m[2m:[0m Heartbeat from 0daa96d6-6d4c-4204-af0a-7db0592c8bd7
[2m2026-05-01T13:06:12.899031Z[0m [32m INFO[0m [2mphantom_core::api::routes::devices[0m[2m:[0m Heartbeat from 0daa96d6-6d4c-4204-af0a-7db0592c8bd7
[2m2026-05-01T13:06:50.169267Z[0m [32m INFO[0m [2mphantom_core::api::routes::devices[0m[2m:[0m Heartbeat from 0daa96d6-6d4c-4204-af0a-7db0592c8bd7
[2m2026-05-01T13:07:20.181989Z[0m [32m INFO[0m [2mphantom_core::api::routes::devices[0m[2m:[0m Heartbeat from 0daa96d6-6d4c-4204-af0a-7db0592c8bd7
[2m2026-05-01T13:08:00.894576Z[0m [32m INFO[0m [2mphantom_core::api::routes::devices[0m[2m:[0m Heartbeat from 0daa96d6-6d4c-4204-af0a-7db0592c8bd7
[2m2026-05-01T13:08:30.901815Z[0m [32m INFO[0m [2mphantom_core::api::routes::devices[0m[2m:[0m Heartbeat from 0daa96d6-6d4c-4204-af0a-7db0592c8bd7
[2m2026-05-01T13:09:07.236459Z[0m [32m INFO[0m [2mphantom_core::api::routes::devices[0m[2m:[0m Heartbeat from 0daa96d6-6d4c-4204-af0a-7db0592c8bd7
[2m2026-05-01T13:09:37.252478Z[0m [32m INFO[0m [2mphantom_core::api::routes::devices[0m[2m:[0m Heartbeat from 0daa96d6-6d4c-4204-af0a-7db0592c8bd7
[2m2026-05-01T13:11:07.356079Z[0m [32m INFO[0m [2mphantom_core::api::routes::devices[0m[2m:[0m Heartbeat from 0daa96d6-6d4c-4204-af0a-7db0592c8bd7
[2m2026-05-01T13:11:37.359462Z[0m [32m INFO[0m [2mphantom_core::api::routes::devices[0m[2m:[0m Heartbeat from 0daa96d6-6d4c-4204-af0a-7db0592c8bd7
[2m2026-05-01T13:12:11.725555Z[0m [32m INFO[0m [2mphantom_core::api::routes::devices[0m[2m:[0m Heartbeat from 0daa96d6-6d4c-4204-af0a-7db0592c8bd7
[2m2026-05-01T13:12:41.736345Z[0m [32m INFO[0m [2mphantom_core::api::routes::devices[0m[2m:[0m Heartbeat from 0daa96d6-6d4c-4204-af0a-7db0592c8bd7
[2m2026-05-01T13:13:21.210210Z[0m [32m INFO[0m [2mphantom_core::api::routes::devices[0m[2m:[0m Heartbeat from 0daa96d6-6d4c-4204-af0a-7db0592c8bd7
[2m2026-05-01T13:13:51.226322Z[0m [32m INFO[0m [2mphantom_core::api::routes::devices[0m[2m:[0m Heartbeat from 0daa96d6-6d4c-4204-af0a-7db0592c8bd7
[2m2026-05-01T13:14:30.273282Z[0m [32m INFO[0m [2mphantom_core::api::routes::devices[0m[2m:[0m Heartbeat from 0daa96d6-6d4c-4204-af0a-7db0592c8bd7
[2m2026-05-01T13:15:00.280752Z[0m [32m INFO[0m [2mphantom_core::api::routes::devices[0m[2m:[0m Heartbeat from 0daa96d6-6d4c-4204-af0a-7db0592c8bd7
[2m2026-05-01T13:15:39.110282Z[0m [32m INFO[0m [2mphantom_core::api::routes::devices[0m[2m:[0m Heartbeat from 0daa96d6-6d4c-4204-af0a-7db0592c8bd7
[2m2026-05-01T13:16:09.113156Z[0m [32m INFO[0m [2mphantom_core::api::routes::devices[0m[2m:[0m Heartbeat from 0daa96d6-6d4c-4204-af0a-7db0592c8bd7
[2m2026-05-01T13:16:46.148832Z[0m [32m INFO[0m [2mphantom_core::api::routes::devices[0m[2m:[0m Heartbeat from 0daa96d6-6d4c-4204-af0a-7db0592c8bd7
[2m2026-05-01T13:17:16.159393Z[0m [32m INFO[0m [2mphantom_core::api::routes::devices[0m[2m:[0m Heartbeat from 0daa96d6-6d4c-4204-af0a-7db0592c8bd7
[2m2026-05-01T13:17:50.430525Z[0m [32m INFO[0m [2mphantom_core::api::routes::devices[0m[2m:[0m Heartbeat from 0daa96d6-6d4c-4204-af0a-7db0592c8bd7
[2m2026-05-01T13:18:20.440251Z[0m [32m INFO[0m [2mphantom_core::api::routes::devices[0m[2m:[0m Heartbeat from 0daa96d6-6d4c-4204-af0a-7db0592c8bd7
[2m2026-05-01T13:18:57.568568Z[0m [32m INFO[0m [2mphantom_core::api::routes::devices[0m[2m:[0m Heartbeat from 0daa96d6-6d4c-4204-af0a-7db0592c8bd7
[2m2026-05-01T13:19:27.584695Z[0m [32m INFO[0m [2mphantom_core::api::routes::devices[0m[2m:[0m Heartbeat from 0daa96d6-6d4c-4204-af0a-7db0592c8bd7
[2m2026-05-01T13:20:04.347506Z[0m [32m INFO[0m [2mphantom_core::api::routes::devices[0m[2m:[0m Heartbeat from 0daa96d6-6d4c-4204-af0a-7db0592c8bd7
[2m2026-05-01T13:20:34.359226Z[0m [32m INFO[0m [2mphantom_core::api::routes::devices[0m[2m:[0m Heartbeat from 0daa96d6-6d4c-4204-af0a-7db0592c8bd7
[2m2026-05-01T13:21:10.395408Z[0m [32m INFO[0m [2mphantom_core::api::routes::devices[0m[2m:[0m Heartbeat from 0daa96d6-6d4c-4204-af0a-7db0592c8bd7
[2m2026-05-01T13:21:40.403127Z[0m [32m INFO[0m [2mphantom_core::api::routes::devices[0m[2m:[0m Heartbeat from 0daa96d6-6d4c-4204-af0a-7db0592c8bd7
[2m2026-05-01T13:22:15.796054Z[0m [32m INFO[0m [2mphantom_core::api::routes::devices[0m[2m:[0m Heartbeat from 0daa96d6-6d4c-4204-af0a-7db0592c8bd7
[2m2026-05-01T13:22:45.808600Z[0m [32m INFO[0m [2mphantom_core::api::routes::devices[0m[2m:[0m Heartbeat from 0daa96d6-6d4c-4204-af0a-7db0592c8bd7
[2m2026-05-01T13:23:25.533215Z[0m [32m INFO[0m [2mphantom_core::api::routes::devices[0m[2m:[0m Heartbeat from 0daa96d6-6d4c-4204-af0a-7db0592c8bd7
[2m2026-05-01T13:23:55.538207Z[0m [32m INFO[0m [2mphantom_core::api::routes::devices[0m[2m:[0m Heartbeat from 0daa96d6-6d4c-4204-af0a-7db0592c8bd7
[2m2026-05-01T13:24:31.051073Z[0m [32m INFO[0m [2mphantom_core::api::routes::devices[0m[2m:[0m Heartbeat from 0daa96d6-6d4c-4204-af0a-7db0592c8bd7
[2m2026-05-01T13:25:01.053702Z[0m [32m INFO[0m [2mphantom_core::api::routes::devices[0m[2m:[0m Heartbeat from 0daa96d6-6d4c-4204-af0a-7db0592c8bd7
[2m2026-05-01T13:25:52.498123Z[0m [32m INFO[0m [2mphantom_core::api::routes::devices[0m[2m:[0m Heartbeat from 0daa96d6-6d4c-4204-af0a-7db0592c8bd7
[2m2026-05-01T13:26:22.503729Z[0m [32m INFO[0m [2mphantom_core::api::routes::devices[0m[2m:[0m Heartbeat from 0daa96d6-6d4c-4204-af0a-7db0592c8bd7
[2m2026-05-01T13:26:58.675871Z[0m [32m INFO[0m [2mphantom_core::api::routes::devices[0m[2m:[0m Heartbeat from 0daa96d6-6d4c-4204-af0a-7db0592c8bd7
[2m2026-05-01T13:27:28.685865Z[0m [32m INFO[0m [2mphantom_core::api::routes::devices[0m[2m:[0m Heartbeat from 0daa96d6-6d4c-4204-af0a-7db0592c8bd7
[2m2026-05-01T13:28:08.805796Z[0m [32m INFO[0m [2mphantom_core::api::routes::devices[0m[2m:[0m Heartbeat from 0daa96d6-6d4c-4204-af0a-7db0592c8bd7
[2m2026-05-01T13:28:38.814309Z[0m [32m INFO[0m [2mphantom_core::api::routes::devices[0m[2m:[0m Heartbeat from 0daa96d6-6d4c-4204-af0a-7db0592c8bd7
[2m2026-05-01T13:29:14.499767Z[0m [32m INFO[0m [2mphantom_core::api::routes::devices[0m[2m:[0m Heartbeat from 0daa96d6-6d4c-4204-af0a-7db0592c8bd7
[2m2026-05-01T13:29:44.516745Z[0m [32m INFO[0m [2mphantom_core::api::routes::devices[0m[2m:[0m Heartbeat from 0daa96d6-6d4c-4204-af0a-7db0592c8bd7
[2m2026-05-01T13:30:20.243435Z[0m [32m INFO[0m [2mphantom_core::api::routes::devices[0m[2m:[0m Heartbeat from 0daa96d6-6d4c-4204-af0a-7db0592c8bd7
[2m2026-05-01T13:30:50.252625Z[0m [32m INFO[0m [2mphantom_core::api::routes::devices[0m[2m:[0m Heartbeat from 0daa96d6-6d4c-4204-af0a-7db0592c8bd7
[2m2026-05-01T13:31:26.204454Z[0m [32m INFO[0m [2mphantom_core::api::routes::devices[0m[2m:[0m Heartbeat from 0daa96d6-6d4c-4204-af0a-7db0592c8bd7
[2m2026-05-01T13:31:56.215366Z[0m [32m INFO[0m [2mphantom_core::api::routes::devices[0m[2m:[0m Heartbeat from 0daa96d6-6d4c-4204-af0a-7db0592c8bd7
[2m2026-05-01T13:32:31.502606Z[0m [32m INFO[0m [2mphantom_core::api::routes::devices[0m[2m:[0m Heartbeat from 0daa96d6-6d4c-4204-af0a-7db0592c8bd7
[2m2026-05-01T13:33:01.508359Z[0m [32m INFO[0m [2mphantom_core::api::routes::devices[0m[2m:[0m Heartbeat from 0daa96d6-6d4c-4204-af0a-7db0592c8bd7
[2m2026-05-01T13:33:36.940226Z[0m [32m INFO[0m [2mphantom_core::api::routes::devices[0m[2m:[0m Heartbeat from 0daa96d6-6d4c-4204-af0a-7db0592c8bd7
[2m2026-05-01T13:34:06.956285Z[0m [32m INFO[0m [2mphantom_core::api::routes::devices[0m[2m:[0m Heartbeat from 0daa96d6-6d4c-4204-af0a-7db0592c8bd7
[2m2026-05-01T13:34:42.618042Z[0m [32m INFO[0m [2mphantom_core::api::routes::devices[0m[2m:[0m Heartbeat from 0daa96d6-6d4c-4204-af0a-7db0592c8bd7
[2m2026-05-01T13:35:12.639943Z[0m [32m INFO[0m [2mphantom_core::api::routes::devices[0m[2m:[0m Heartbeat from 0daa96d6-6d4c-4204-af0a-7db0592c8bd7
[2m2026-05-01T13:35:48.962937Z[0m [32m INFO[0m [2mphantom_core::api::routes::devices[0m[2m:[0m Heartbeat from 0daa96d6-6d4c-4204-af0a-7db0592c8bd7
[2m2026-05-01T13:36:18.968146Z[0m [32m INFO[0m [2mphantom_core::api::routes::devices[0m[2m:[0m Heartbeat from 0daa96d6-6d4c-4204-af0a-7db0592c8bd7
[2m2026-05-01T13:36:55.351404Z[0m [32m INFO[0m [2mphantom_core::api::routes::devices[0m[2m:[0m Heartbeat from 0daa96d6-6d4c-4204-af0a-7db0592c8bd7
[2m2026-05-01T13:37:25.370095Z[0m [32m INFO[0m [2mphantom_core::api::routes::devices[0m[2m:[0m Heartbeat from 0daa96d6-6d4c-4204-af0a-7db0592c8bd7
[2m2026-05-01T13:38:02.905791Z[0m [32m INFO[0m [2mphantom_core::api::routes::devices[0m[2m:[0m Heartbeat from 0daa96d6-6d4c-4204-af0a-7db0592c8bd7
[2m2026-05-01T13:38:32.908721Z[0m [32m INFO[0m [2mphantom_core::api::routes::devices[0m[2m:[0m Heartbeat from 0daa96d6-6d4c-4204-af0a-7db0592c8bd7
[2m2026-05-01T13:39:09.445903Z[0m [32m INFO[0m [2mphantom_core::api::routes::devices[0m[2m:[0m Heartbeat from 0daa96d6-6d4c-4204-af0a-7db0592c8bd7
[2m2026-05-01T13:39:39.455279Z[0m [32m INFO[0m [2mphantom_core::api::routes::devices[0m[2m:[0m Heartbeat from 0daa96d6-6d4c-4204-af0a-7db0592c8bd7
[2m2026-05-01T13:40:15.778431Z[0m [32m INFO[0m [2mphantom_core::api::routes::devices[0m[2m:[0m Heartbeat from 0daa96d6-6d4c-4204-af0a-7db0592c8bd7
[2m2026-05-01T13:40:45.787973Z[0m [32m INFO[0m [2mphantom_core::api::routes::devices[0m[2m:[0m Heartbeat from 0daa96d6-6d4c-4204-af0a-7db0592c8bd7
[2m2026-05-01T13:41:23.086063Z[0m [32m INFO[0m [2mphantom_core::api::routes::devices[0m[2m:[0m Heartbeat from 0daa96d6-6d4c-4204-af0a-7db0592c8bd7
[2m2026-05-01T13:41:53.105500Z[0m [32m INFO[0m [2mphantom_core::api::routes::devices[0m[2m:[0m Heartbeat from 0daa96d6-6d4c-4204-af0a-7db0592c8bd7
[2m2026-05-01T13:42:28.269232Z[0m [32m INFO[0m [2mphantom_core::api::routes::devices[0m[2m:[0m Heartbeat from 0daa96d6-6d4c-4204-af0a-7db0592c8bd7
[2m2026-05-01T13:42:58.288258Z[0m [32m INFO[0m [2mphantom_core::api::routes::devices[0m[2m:[0m Heartbeat from 0daa96d6-6d4c-4204-af0a-7db0592c8bd7
[2m2026-05-01T13:43:34.610002Z[0m [32m INFO[0m [2mphantom_core::api::routes::devices[0m[2m:[0m Heartbeat from 0daa96d6-6d4c-4204-af0a-7db0592c8bd7
[2m2026-05-01T13:44:04.625164Z[0m [32m INFO[0m [2mphantom_core::api::routes::devices[0m[2m:[0m Heartbeat from 0daa96d6-6d4c-4204-af0a-7db0592c8bd7
[2m2026-05-01T13:44:41.704920Z[0m [32m INFO[0m [2mphantom_core::api::routes::devices[0m[2m:[0m Heartbeat from 0daa96d6-6d4c-4204-af0a-7db0592c8bd7
[2m2026-05-01T13:45:11.719091Z[0m [32m INFO[0m [2mphantom_core::api::routes::devices[0m[2m:[0m Heartbeat from 0daa96d6-6d4c-4204-af0a-7db0592c8bd7
[2m2026-05-01T13:46:07.764382Z[0m [32m INFO[0m [2mphantom_core::api::routes::devices[0m[2m:[0m Heartbeat from 0daa96d6-6d4c-4204-af0a-7db0592c8bd7
[2m2026-05-01T13:46:37.771678Z[0m [32m INFO[0m [2mphantom_core::api::routes::devices[0m[2m:[0m Heartbeat from 0daa96d6-6d4c-4204-af0a-7db0592c8bd7
[2m2026-05-01T13:47:12.497263Z[0m [32m INFO[0m [2mphantom_core::api::routes::devices[0m[2m:[0m Heartbeat from 0daa96d6-6d4c-4204-af0a-7db0592c8bd7
[2m2026-05-01T13:47:42.502035Z[0m [32m INFO[0m [2mphantom_core::api::routes::devices[0m[2m:[0m Heartbeat from 0daa96d6-6d4c-4204-af0a-7db0592c8bd7
[2m2026-05-01T13:48:21.463698Z[0m [32m INFO[0m [2mphantom_core::api::routes::devices[0m[2m:[0m Heartbeat from 0daa96d6-6d4c-4204-af0a-7db0592c8bd7
[2m2026-05-01T13:48:51.475771Z[0m [32m INFO[0m [2mphantom_core::api::routes::devices[0m[2m:[0m Heartbeat from 0daa96d6-6d4c-4204-af0a-7db0592c8bd7
[2m2026-05-01T13:49:30.644784Z[0m [32m INFO[0m [2mphantom_core::api::routes::devices[0m[2m:[0m Heartbeat from 0daa96d6-6d4c-4204-af0a-7db0592c8bd7
[2m2026-05-01T13:50:00.656863Z[0m [32m INFO[0m [2mphantom_core::api::routes::devices[0m[2m:[0m Heartbeat from 0daa96d6-6d4c-4204-af0a-7db0592c8bd7
[2m2026-05-01T13:50:40.809751Z[0m [32m INFO[0m [2mphantom_core::api::routes::devices[0m[2m:[0m Heartbeat from 0daa96d6-6d4c-4204-af0a-7db0592c8bd7
[2m2026-05-01T13:51:10.828835Z[0m [32m INFO[0m [2mphantom_core::api::routes::devices[0m[2m:[0m Heartbeat from 0daa96d6-6d4c-4204-af0a-7db0592c8bd7
[2m2026-05-01T13:51:45.478146Z[0m [32m INFO[0m [2mphantom_core::api::routes::devices[0m[2m:[0m Heartbeat from 0daa96d6-6d4c-4204-af0a-7db0592c8bd7
[2m2026-05-01T13:52:15.482878Z[0m [32m INFO[0m [2mphantom_core::api::routes::devices[0m[2m:[0m Heartbeat from 0daa96d6-6d4c-4204-af0a-7db0592c8bd7
[2m2026-05-01T13:53:11.693229Z[0m [32m INFO[0m [2mphantom_core::api::routes::devices[0m[2m:[0m Heartbeat from 0daa96d6-6d4c-4204-af0a-7db0592c8bd7
[2m2026-05-01T13:53:41.699704Z[0m [32m INFO[0m [2mphantom_core::api::routes::devices[0m[2m:[0m Heartbeat from 0daa96d6-6d4c-4204-af0a-7db0592c8bd7
[2m2026-05-01T13:54:22.238405Z[0m [32m INFO[0m [2mphantom_core::api::routes::devices[0m[2m:[0m Heartbeat from 0daa96d6-6d4c-4204-af0a-7db0592c8bd7
[2m2026-05-01T13:54:52.251067Z[0m [32m INFO[0m [2mphantom_core::api::routes::devices[0m[2m:[0m Heartbeat from 0daa96d6-6d4c-4204-af0a-7db0592c8bd7
[2m2026-05-01T13:55:32.099986Z[0m [32m INFO[0m [2mphantom_core::api::routes::devices[0m[2m:[0m Heartbeat from 0daa96d6-6d4c-4204-af0a-7db0592c8bd7
[2m2026-05-01T13:56:02.114124Z[0m [32m INFO[0m [2mphantom_core::api::routes::devices[0m[2m:[0m Heartbeat from 0daa96d6-6d4c-4204-af0a-7db0592c8bd7
[2m2026-05-01T13:56:41.593750Z[0m [32m INFO[0m [2mphantom_core::api::routes::devices[0m[2m:[0m Heartbeat from 0daa96d6-6d4c-4204-af0a-7db0592c8bd7
[2m2026-05-01T13:57:11.610240Z[0m [32m INFO[0m [2mphantom_core::api::routes::devices[0m[2m:[0m Heartbeat from 0daa96d6-6d4c-4204-af0a-7db0592c8bd7
[2m2026-05-01T13:58:30.708125Z[0m [32m INFO[0m [2mphantom_core::api::routes::devices[0m[2m:[0m Heartbeat from 0daa96d6-6d4c-4204-af0a-7db0592c8bd7
[2m2026-05-01T13:59:00.709774Z[0m [32m INFO[0m [2mphantom_core::api::routes::devices[0m[2m:[0m Heartbeat from 0daa96d6-6d4c-4204-af0a-7db0592c8bd7
[2m2026-05-01T13:59:37.057720Z[0m [32m INFO[0m [2mphantom_core::api::routes::devices[0m[2m:[0m Heartbeat from 0daa96d6-6d4c-4204-af0a-7db0592c8bd7
[2m2026-05-01T14:00:07.063349Z[0m [32m INFO[0m [2mphantom_core::api::routes::devices[0m[2m:[0m Heartbeat from 0daa96d6-6d4c-4204-af0a-7db0592c8bd7
[2m2026-05-01T14:00:58.275314Z[0m [32m INFO[0m [2mphantom_core::api::routes::devices[0m[2m:[0m Heartbeat from 0daa96d6-6d4c-4204-af0a-7db0592c8bd7
[2m2026-05-01T14:01:28.288615Z[0m [32m INFO[0m [2mphantom_core::api::routes::devices[0m[2m:[0m Heartbeat from 0daa96d6-6d4c-4204-af0a-7db0592c8bd7
[2m2026-05-01T14:02:04.369599Z[0m [32m INFO[0m [2mphantom_core::api::routes::devices[0m[2m:[0m Heartbeat from 0daa96d6-6d4c-4204-af0a-7db0592c8bd7
[2m2026-05-01T14:02:34.380947Z[0m [32m INFO[0m [2mphantom_core::api::routes::devices[0m[2m:[0m Heartbeat from 0daa96d6-6d4c-4204-af0a-7db0592c8bd7
[2m2026-05-01T14:03:13.968437Z[0m [32m INFO[0m [2mphantom_core::api::routes::devices[0m[2m:[0m Heartbeat from 0daa96d6-6d4c-4204-af0a-7db0592c8bd7
[2m2026-05-01T14:03:43.980983Z[0m [32m INFO[0m [2mphantom_core::api::routes::devices[0m[2m:[0m Heartbeat from 0daa96d6-6d4c-4204-af0a-7db0592c8bd7
[2m2026-05-01T14:04:22.962818Z[0m [32m INFO[0m [2mphantom_core::api::routes::devices[0m[2m:[0m Heartbeat from 0daa96d6-6d4c-4204-af0a-7db0592c8bd7
[2m2026-05-01T14:04:52.974179Z[0m [32m INFO[0m [2mphantom_core::api::routes::devices[0m[2m:[0m Heartbeat from 0daa96d6-6d4c-4204-af0a-7db0592c8bd7
[2m2026-05-01T14:05:32.760080Z[0m [32m INFO[0m [2mphantom_core::api::routes::devices[0m[2m:[0m Heartbeat from 0daa96d6-6d4c-4204-af0a-7db0592c8bd7
[2m2026-05-01T14:06:02.770784Z[0m [32m INFO[0m [2mphantom_core::api::routes::devices[0m[2m:[0m Heartbeat from 0daa96d6-6d4c-4204-af0a-7db0592c8bd7
[2m2026-05-01T14:06:55.470228Z[0m [32m INFO[0m [2mphantom_core::api::routes::devices[0m[2m:[0m Heartbeat from 0daa96d6-6d4c-4204-af0a-7db0592c8bd7
[2m2026-05-01T14:07:25.491908Z[0m [32m INFO[0m [2mphantom_core::api::routes::devices[0m[2m:[0m Heartbeat from 0daa96d6-6d4c-4204-af0a-7db0592c8bd7
[2m2026-05-01T14:08:06.095535Z[0m [32m INFO[0m [2mphantom_core::api::routes::devices[0m[2m:[0m Heartbeat from 0daa96d6-6d4c-4204-af0a-7db0592c8bd7
[2m2026-05-01T14:08:36.114859Z[0m [32m INFO[0m [2mphantom_core::api::routes::devices[0m[2m:[0m Heartbeat from 0daa96d6-6d4c-4204-af0a-7db0592c8bd7
[2m2026-05-01T14:09:15.098941Z[0m [32m INFO[0m [2mphantom_core::api::routes::devices[0m[2m:[0m Heartbeat from 0daa96d6-6d4c-4204-af0a-7db0592c8bd7
[2m2026-05-01T14:09:45.102617Z[0m [32m INFO[0m [2mphantom_core::api::routes::devices[0m[2m:[0m Heartbeat from 0daa96d6-6d4c-4204-af0a-7db0592c8bd7
[2m2026-05-01T14:10:24.521629Z[0m [32m INFO[0m [2mphantom_core::api::routes::devices[0m[2m:[0m Heartbeat from 0daa96d6-6d4c-4204-af0a-7db0592c8bd7
[2m2026-05-01T14:10:54.535240Z[0m [32m INFO[0m [2mphantom_core::api::routes::devices[0m[2m:[0m Heartbeat from 0daa96d6-6d4c-4204-af0a-7db0592c8bd7
[2m2026-05-01T14:11:51.640582Z[0m [32m INFO[0m [2mphantom_core::api::routes::devices[0m[2m:[0m Heartbeat from 0daa96d6-6d4c-4204-af0a-7db0592c8bd7
[2m2026-05-01T14:12:21.651704Z[0m [32m INFO[0m [2mphantom_core::api::routes::devices[0m[2m:[0m Heartbeat from 0daa96d6-6d4c-4204-af0a-7db0592c8bd7
[2m2026-05-01T14:13:00.730523Z[0m [32m INFO[0m [2mphantom_core::api::routes::devices[0m[2m:[0m Heartbeat from 0daa96d6-6d4c-4204-af0a-7db0592c8bd7
[2m2026-05-01T14:13:30.745675Z[0m [32m INFO[0m [2mphantom_core::api::routes::devices[0m[2m:[0m Heartbeat from 0daa96d6-6d4c-4204-af0a-7db0592c8bd7
[2m2026-05-01T14:15:31.703859Z[0m [32m INFO[0m [2mphantom_core::api::routes::devices[0m[2m:[0m Heartbeat from 0daa96d6-6d4c-4204-af0a-7db0592c8bd7
[2m2026-05-01T14:16:01.710056Z[0m [32m INFO[0m [2mphantom_core::api::routes::devices[0m[2m:[0m Heartbeat from 0daa96d6-6d4c-4204-af0a-7db0592c8bd7
[2m2026-05-01T14:16:45.683688Z[0m [32m INFO[0m [2mphantom_core::api::routes::devices[0m[2m:[0m Heartbeat from 0daa96d6-6d4c-4204-af0a-7db0592c8bd7
[2m2026-05-01T14:17:15.693855Z[0m [32m INFO[0m [2mphantom_core::api::routes::devices[0m[2m:[0m Heartbeat from 0daa96d6-6d4c-4204-af0a-7db0592c8bd7
[2m2026-05-01T14:18:20.262654Z[0m [32m INFO[0m [2mphantom_core::api::routes::devices[0m[2m:[0m Heartbeat from 0daa96d6-6d4c-4204-af0a-7db0592c8bd7
[2m2026-05-01T14:18:50.269279Z[0m [32m INFO[0m [2mphantom_core::api::routes::devices[0m[2m:[0m Heartbeat from 0daa96d6-6d4c-4204-af0a-7db0592c8bd7
[2m2026-05-01T14:19:30.388103Z[0m [32m INFO[0m [2mphantom_core::api::routes::devices[0m[2m:[0m Heartbeat from 0daa96d6-6d4c-4204-af0a-7db0592c8bd7
[2m2026-05-01T14:20:00.405992Z[0m [32m INFO[0m [2mphantom_core::api::routes::devices[0m[2m:[0m Heartbeat from 0daa96d6-6d4c-4204-af0a-7db0592c8bd7
[2m2026-05-01T14:20:43.075192Z[0m [32m INFO[0m [2mphantom_core::api::routes::devices[0m[2m:[0m Heartbeat from 0daa96d6-6d4c-4204-af0a-7db0592c8bd7
[2m2026-05-01T14:21:13.101401Z[0m [32m INFO[0m [2mphantom_core::api::routes::devices[0m[2m:[0m Heartbeat from 0daa96d6-6d4c-4204-af0a-7db0592c8bd7
[2m2026-05-01T14:21:52.360722Z[0m [32m INFO[0m [2mphantom_core::api::routes::devices[0m[2m:[0m Heartbeat from 0daa96d6-6d4c-4204-af0a-7db0592c8bd7
[2m2026-05-01T14:22:22.374036Z[0m [32m INFO[0m [2mphantom_core::api::routes::devices[0m[2m:[0m Heartbeat from 0daa96d6-6d4c-4204-af0a-7db0592c8bd7
[2m2026-05-01T14:22:59.229059Z[0m [32m INFO[0m [2mphantom_core::api::routes::devices[0m[2m:[0m Heartbeat from 0daa96d6-6d4c-4204-af0a-7db0592c8bd7
[2m2026-05-01T14:23:29.236187Z[0m [32m INFO[0m [2mphantom_core::api::routes::devices[0m[2m:[0m Heartbeat from 0daa96d6-6d4c-4204-af0a-7db0592c8bd7
[2m2026-05-01T14:24:31.787987Z[0m [32m INFO[0m [2mphantom_core::api::routes::devices[0m[2m:[0m Heartbeat from 0daa96d6-6d4c-4204-af0a-7db0592c8bd7
[2m2026-05-01T14:25:01.794018Z[0m [32m INFO[0m [2mphantom_core::api::routes::devices[0m[2m:[0m Heartbeat from 0daa96d6-6d4c-4204-af0a-7db0592c8bd7
[2m2026-05-01T14:25:41.155634Z[0m [32m INFO[0m [2mphantom_core::api::routes::devices[0m[2m:[0m Heartbeat from 0daa96d6-6d4c-4204-af0a-7db0592c8bd7
[2m2026-05-01T14:26:11.157470Z[0m [32m INFO[0m [2mphantom_core::api::routes::devices[0m[2m:[0m Heartbeat from 0daa96d6-6d4c-4204-af0a-7db0592c8bd7
[2m2026-05-01T14:26:47.712747Z[0m [32m INFO[0m [2mphantom_core::api::routes::devices[0m[2m:[0m Heartbeat from 0daa96d6-6d4c-4204-af0a-7db0592c8bd7
[2m2026-05-01T14:27:17.723869Z[0m [32m INFO[0m [2mphantom_core::api::routes::devices[0m[2m:[0m Heartbeat from 0daa96d6-6d4c-4204-af0a-7db0592c8bd7
[2m2026-05-01T14:27:53.944564Z[0m [32m INFO[0m [2mphantom_core::api::routes::devices[0m[2m:[0m Heartbeat from 0daa96d6-6d4c-4204-af0a-7db0592c8bd7
[2m2026-05-01T14:28:23.956641Z[0m [32m INFO[0m [2mphantom_core::api::routes::devices[0m[2m:[0m Heartbeat from 0daa96d6-6d4c-4204-af0a-7db0592c8bd7
[2m2026-05-01T14:29:54.925910Z[0m [32m INFO[0m [2mphantom_core[0m[2m:[0m PHANTOM Core v1.0.0 starting...
[2m2026-05-01T14:29:54.927376Z[0m [32m INFO[0m [2mphantom_core[0m[2m:[0m Config loaded from: ./data
[2m2026-05-01T14:29:54.942235Z[0m [32m INFO[0m [2mphantom_core::db::migrations[0m[2m:[0m Database migrations applied
[2m2026-05-01T14:29:54.942255Z[0m [32m INFO[0m [2mphantom_core[0m[2m:[0m Database initialized
[2m2026-05-01T14:29:54.942264Z[0m [32m INFO[0m [2mphantom_core[0m[2m:[0m PHANTOM Core running on port 8000
[2m2026-05-01T14:29:54.946036Z[0m [32m INFO[0m [2mphantom_core::api[0m[2m:[0m API listening on 0.0.0.0:8000
[2m2026-05-01T14:29:58.798014Z[0m [32m INFO[0m [2mphantom_core::api::routes::devices[0m[2m:[0m Heartbeat from 084e39fd-5ea4-4662-b73b-f73ff1233d89
[2m2026-05-01T14:30:28.818370Z[0m [32m INFO[0m [2mphantom_core::api::routes::devices[0m[2m:[0m Heartbeat from 084e39fd-5ea4-4662-b73b-f73ff1233d89
[2m2026-05-01T14:31:05.999622Z[0m [32m INFO[0m [2mphantom_core::api::routes::devices[0m[2m:[0m Heartbeat from 084e39fd-5ea4-4662-b73b-f73ff1233d89
[2m2026-05-01T14:31:36.154440Z[0m [32m INFO[0m [2mphantom_core::api::routes::devices[0m[2m:[0m Heartbeat from 084e39fd-5ea4-4662-b73b-f73ff1233d89
[2m2026-05-01T14:32:16.356931Z[0m [32m INFO[0m [2mphantom_core::api::routes::devices[0m[2m:[0m Heartbeat from 084e39fd-5ea4-4662-b73b-f73ff1233d89
[2m2026-05-01T14:32:46.366872Z[0m [32m INFO[0m [2mphantom_core::api::routes::devices[0m[2m:[0m Heartbeat from 084e39fd-5ea4-4662-b73b-f73ff1233d89
[2m2026-05-01T14:33:31.357932Z[0m [32m INFO[0m [2mphantom_core::api::routes::devices[0m[2m:[0m Heartbeat from 084e39fd-5ea4-4662-b73b-f73ff1233d89
[2m2026-05-01T14:34:01.374354Z[0m [32m INFO[0m [2mphantom_core::api::routes::devices[0m[2m:[0m Heartbeat from 084e39fd-5ea4-4662-b73b-f73ff1233d89
[2m2026-05-01T14:34:46.199099Z[0m [32m INFO[0m [2mphantom_core::api::routes::devices[0m[2m:[0m Heartbeat from 084e39fd-5ea4-4662-b73b-f73ff1233d89
[2m2026-05-01T14:35:16.208658Z[0m [32m INFO[0m [2mphantom_core::api::routes::devices[0m[2m:[0m Heartbeat from 084e39fd-5ea4-4662-b73b-f73ff1233d89
[2m2026-05-01T14:37:37.879280Z[0m [32m INFO[0m [2mphantom_core::api::routes::devices[0m[2m:[0m Heartbeat from 084e39fd-5ea4-4662-b73b-f73ff1233d89
[2m2026-05-01T14:38:07.894443Z[0m [32m INFO[0m [2mphantom_core::api::routes::devices[0m[2m:[0m Heartbeat from 084e39fd-5ea4-4662-b73b-f73ff1233d89
[2m2026-05-01T14:38:49.288848Z[0m [32m INFO[0m [2mphantom_core::api::routes::devices[0m[2m:[0m Heartbeat from 084e39fd-5ea4-4662-b73b-f73ff1233d89
[2m2026-05-01T14:39:19.295075Z[0m [32m INFO[0m [2mphantom_core::api::routes::devices[0m[2m:[0m Heartbeat from 084e39fd-5ea4-4662-b73b-f73ff1233d89
[2m2026-05-01T14:40:09.650829Z[0m [32m INFO[0m [2mphantom_core::api::routes::devices[0m[2m:[0m Heartbeat from 084e39fd-5ea4-4662-b73b-f73ff1233d89
[2m2026-05-01T14:40:39.655223Z[0m [32m INFO[0m [2mphantom_core::api::routes::devices[0m[2m:[0m Heartbeat from 084e39fd-5ea4-4662-b73b-f73ff1233d89
[2m2026-05-01T14:41:27.836577Z[0m [32m INFO[0m [2mphantom_core::api::routes::devices[0m[2m:[0m Heartbeat from 084e39fd-5ea4-4662-b73b-f73ff1233d89
[2m2026-05-01T14:41:57.847247Z[0m [32m INFO[0m [2mphantom_core::api::routes::devices[0m[2m:[0m Heartbeat from 084e39fd-5ea4-4662-b73b-f73ff1233d89
[2m2026-05-01T14:42:33.122899Z[0m [32m INFO[0m [2mphantom_core::api::routes::devices[0m[2m:[0m Heartbeat from 084e39fd-5ea4-4662-b73b-f73ff1233d89
[2m2026-05-01T14:43:03.136953Z[0m [32m INFO[0m [2mphantom_core::api::routes::devices[0m[2m:[0m Heartbeat from 084e39fd-5ea4-4662-b73b-f73ff1233d89
[2m2026-05-01T14:43:40.730463Z[0m [32m INFO[0m [2mphantom_core::api::routes::devices[0m[2m:[0m Heartbeat from 084e39fd-5ea4-4662-b73b-f73ff1233d89
[2m2026-05-01T14:44:10.737702Z[0m [32m INFO[0m [2mphantom_core::api::routes::devices[0m[2m:[0m Heartbeat from 084e39fd-5ea4-4662-b73b-f73ff1233d89
[2m2026-05-01T14:44:45.552216Z[0m [32m INFO[0m [2mphantom_core::api::routes::devices[0m[2m:[0m Heartbeat from 084e39fd-5ea4-4662-b73b-f73ff1233d89
[2m2026-05-01T14:45:15.558406Z[0m [32m INFO[0m [2mphantom_core::api::routes::devices[0m[2m:[0m Heartbeat from 084e39fd-5ea4-4662-b73b-f73ff1233d89
[2m2026-05-01T14:45:51.259338Z[0m [32m INFO[0m [2mphantom_core::api::routes::devices[0m[2m:[0m Heartbeat from 084e39fd-5ea4-4662-b73b-f73ff1233d89
[2m2026-05-01T14:46:21.271177Z[0m [32m INFO[0m [2mphantom_core::api::routes::devices[0m[2m:[0m Heartbeat from 084e39fd-5ea4-4662-b73b-f73ff1233d89
[2m2026-05-01T14:47:05.210644Z[0m [32m INFO[0m [2mphantom_core::api::routes::devices[0m[2m:[0m Heartbeat from 084e39fd-5ea4-4662-b73b-f73ff1233d89
[2m2026-05-01T14:47:35.215676Z[0m [32m INFO[0m [2mphantom_core::api::routes::devices[0m[2m:[0m Heartbeat from 084e39fd-5ea4-4662-b73b-f73ff1233d89
[2m2026-05-01T14:48:12.642711Z[0m [32m INFO[0m [2mphantom_core::api::routes::devices[0m[2m:[0m Heartbeat from 084e39fd-5ea4-4662-b73b-f73ff1233d89
[2m2026-05-01T14:48:42.655236Z[0m [32m INFO[0m [2mphantom_core::api::routes::devices[0m[2m:[0m Heartbeat from 084e39fd-5ea4-4662-b73b-f73ff1233d89
[2m2026-05-01T14:49:39.044548Z[0m [32m INFO[0m [2mphantom_core::api::routes::devices[0m[2m:[0m Heartbeat from 084e39fd-5ea4-4662-b73b-f73ff1233d89
[2m2026-05-01T14:50:09.046974Z[0m [32m INFO[0m [2mphantom_core::api::routes::devices[0m[2m:[0m Heartbeat from 084e39fd-5ea4-4662-b73b-f73ff1233d89
[2m2026-05-01T14:51:16.388465Z[0m [32m INFO[0m [2mphantom_core::api::routes::devices[0m[2m:[0m Heartbeat from 084e39fd-5ea4-4662-b73b-f73ff1233d89
[2m2026-05-01T14:51:46.394381Z[0m [32m INFO[0m [2mphantom_core::api::routes::devices[0m[2m:[0m Heartbeat from 084e39fd-5ea4-4662-b73b-f73ff1233d89
[2m2026-05-01T14:52:21.452748Z[0m [32m INFO[0m [2mphantom_core::api::routes::devices[0m[2m:[0m Heartbeat from 084e39fd-5ea4-4662-b73b-f73ff1233d89
[2m2026-05-01T14:52:51.464638Z[0m [32m INFO[0m [2mphantom_core::api::routes::devices[0m[2m:[0m Heartbeat from 084e39fd-5ea4-4662-b73b-f73ff1233d89
[2m2026-05-01T14:53:29.003349Z[0m [32m INFO[0m [2mphantom_core::api::routes::devices[0m[2m:[0m Heartbeat from 084e39fd-5ea4-4662-b73b-f73ff1233d89
[2m2026-05-01T14:53:59.007416Z[0m [32m INFO[0m [2mphantom_core::api::routes::devices[0m[2m:[0m Heartbeat from 084e39fd-5ea4-4662-b73b-f73ff1233d89
[2m2026-05-01T14:54:35.288484Z[0m [32m INFO[0m [2mphantom_core::api::routes::devices[0m[2m:[0m Heartbeat from 084e39fd-5ea4-4662-b73b-f73ff1233d89
[2m2026-05-01T14:55:05.294107Z[0m [32m INFO[0m [2mphantom_core::api::routes::devices[0m[2m:[0m Heartbeat from 084e39fd-5ea4-4662-b73b-f73ff1233d89
[2m2026-05-01T14:55:55.682117Z[0m [32m INFO[0m [2mphantom_core::api::routes::devices[0m[2m:[0m Heartbeat from 084e39fd-5ea4-4662-b73b-f73ff1233d89
[2m2026-05-01T14:56:25.690664Z[0m [32m INFO[0m [2mphantom_core::api::routes::devices[0m[2m:[0m Heartbeat from 084e39fd-5ea4-4662-b73b-f73ff1233d89
[2m2026-05-01T14:57:04.559051Z[0m [32m INFO[0m [2mphantom_core::api::routes::devices[0m[2m:[0m Heartbeat from 084e39fd-5ea4-4662-b73b-f73ff1233d89
[2m2026-05-01T14:57:34.570904Z[0m [32m INFO[0m [2mphantom_core::api::routes::devices[0m[2m:[0m Heartbeat from 084e39fd-5ea4-4662-b73b-f73ff1233d89
[2m2026-05-01T14:58:09.896550Z[0m [32m INFO[0m [2mphantom_core::api::routes::devices[0m[2m:[0m Heartbeat from 084e39fd-5ea4-4662-b73b-f73ff1233d89
[2m2026-05-01T14:58:39.910439Z[0m [32m INFO[0m [2mphantom_core::api::routes::devices[0m[2m:[0m Heartbeat from 084e39fd-5ea4-4662-b73b-f73ff1233d89
[2m2026-05-01T14:59:14.858481Z[0m [32m INFO[0m [2mphantom_core::api::routes::devices[0m[2m:[0m Heartbeat from 084e39fd-5ea4-4662-b73b-f73ff1233d89
[2m2026-05-01T14:59:44.872252Z[0m [32m INFO[0m [2mphantom_core::api::routes::devices[0m[2m:[0m Heartbeat from 084e39fd-5ea4-4662-b73b-f73ff1233d89
[2m2026-05-01T15:00:24.030748Z[0m [32m INFO[0m [2mphantom_core::api::routes::devices[0m[2m:[0m Heartbeat from 084e39fd-5ea4-4662-b73b-f73ff1233d89
[2m2026-05-01T15:00:54.036475Z[0m [32m INFO[0m [2mphantom_core::api::routes::devices[0m[2m:[0m Heartbeat from 084e39fd-5ea4-4662-b73b-f73ff1233d89
[2m2026-05-01T15:01:30.402197Z[0m [32m INFO[0m [2mphantom_core::api::routes::devices[0m[2m:[0m Heartbeat from 084e39fd-5ea4-4662-b73b-f73ff1233d89
[2m2026-05-01T15:02:00.412737Z[0m [32m INFO[0m [2mphantom_core::api::routes::devices[0m[2m:[0m Heartbeat from 084e39fd-5ea4-4662-b73b-f73ff1233d89
[2m2026-05-01T15:02:40.608912Z[0m [32m INFO[0m [2mphantom_core::api::routes::devices[0m[2m:[0m Heartbeat from 084e39fd-5ea4-4662-b73b-f73ff1233d89
[2m2026-05-01T15:03:10.624968Z[0m [32m INFO[0m [2mphantom_core::api::routes::devices[0m[2m:[0m Heartbeat from 084e39fd-5ea4-4662-b73b-f73ff1233d89
[2m2026-05-01T15:03:52.276686Z[0m [32m INFO[0m [2mphantom_core::api::routes::devices[0m[2m:[0m Heartbeat from 084e39fd-5ea4-4662-b73b-f73ff1233d89
[2m2026-05-01T15:04:22.292943Z[0m [32m INFO[0m [2mphantom_core::api::routes::devices[0m[2m:[0m Heartbeat from 084e39fd-5ea4-4662-b73b-f73ff1233d89
[2m2026-05-01T15:05:02.073026Z[0m [32m INFO[0m [2mphantom_core::api::routes::devices[0m[2m:[0m Heartbeat from 084e39fd-5ea4-4662-b73b-f73ff1233d89
[2m2026-05-01T15:05:32.082269Z[0m [32m INFO[0m [2mphantom_core::api::routes::devices[0m[2m:[0m Heartbeat from 084e39fd-5ea4-4662-b73b-f73ff1233d89
[2m2026-05-01T15:06:11.285074Z[0m [32m INFO[0m [2mphantom_core::api::routes::devices[0m[2m:[0m Heartbeat from 084e39fd-5ea4-4662-b73b-f73ff1233d89
[2m2026-05-01T15:06:41.294657Z[0m [32m INFO[0m [2mphantom_core::api::routes::devices[0m[2m:[0m Heartbeat from 084e39fd-5ea4-4662-b73b-f73ff1233d89
[2m2026-05-01T15:07:23.979367Z[0m [32m INFO[0m [2mphantom_core::api::routes::devices[0m[2m:[0m Heartbeat from 084e39fd-5ea4-4662-b73b-f73ff1233d89
[2m2026-05-01T15:07:54.001441Z[0m [32m INFO[0m [2mphantom_core::api::routes::devices[0m[2m:[0m Heartbeat from 084e39fd-5ea4-4662-b73b-f73ff1233d89
[2m2026-05-01T15:08:28.317991Z[0m [32m INFO[0m [2mphantom_core::api::routes::devices[0m[2m:[0m Heartbeat from 084e39fd-5ea4-4662-b73b-f73ff1233d89
[2m2026-05-01T15:08:58.332309Z[0m [32m INFO[0m [2mphantom_core::api::routes::devices[0m[2m:[0m Heartbeat from 084e39fd-5ea4-4662-b73b-f73ff1233d89
[2m2026-05-01T15:09:33.829707Z[0m [32m INFO[0m [2mphantom_core::api::routes::devices[0m[2m:[0m Heartbeat from 084e39fd-5ea4-4662-b73b-f73ff1233d89
[2m2026-05-01T15:10:03.857547Z[0m [32m INFO[0m [2mphantom_core::api::routes::devices[0m[2m:[0m Heartbeat from 084e39fd-5ea4-4662-b73b-f73ff1233d89
[2m2026-05-01T15:11:19.064828Z[0m [32m INFO[0m [2mphantom_core::api::routes::devices[0m[2m:[0m Heartbeat from 084e39fd-5ea4-4662-b73b-f73ff1233d89
[2m2026-05-01T15:11:49.077952Z[0m [32m INFO[0m [2mphantom_core::api::routes::devices[0m[2m:[0m Heartbeat from 084e39fd-5ea4-4662-b73b-f73ff1233d89
[2m2026-05-01T15:13:33.202367Z[0m [32m INFO[0m [2mphantom_core::api::routes::devices[0m[2m:[0m Heartbeat from 084e39fd-5ea4-4662-b73b-f73ff1233d89
[2m2026-05-01T15:14:03.212597Z[0m [32m INFO[0m [2mphantom_core::api::routes::devices[0m[2m:[0m Heartbeat from 084e39fd-5ea4-4662-b73b-f73ff1233d89
[2m2026-05-01T15:14:38.554980Z[0m [32m INFO[0m [2mphantom_core::api::routes::devices[0m[2m:[0m Heartbeat from 084e39fd-5ea4-4662-b73b-f73ff1233d89
[2m2026-05-01T15:15:08.567658Z[0m [32m INFO[0m [2mphantom_core::api::routes::devices[0m[2m:[0m Heartbeat from 084e39fd-5ea4-4662-b73b-f73ff1233d89
[2m2026-05-01T15:15:46.051088Z[0m [32m INFO[0m [2mphantom_core::api::routes::devices[0m[2m:[0m Heartbeat from 084e39fd-5ea4-4662-b73b-f73ff1233d89
[2m2026-05-01T15:16:16.060291Z[0m [32m INFO[0m [2mphantom_core::api::routes::devices[0m[2m:[0m Heartbeat from 084e39fd-5ea4-4662-b73b-f73ff1233d89
[2m2026-05-01T15:16:53.580354Z[0m [32m INFO[0m [2mphantom_core::api::routes::devices[0m[2m:[0m Heartbeat from 084e39fd-5ea4-4662-b73b-f73ff1233d89
[2m2026-05-01T15:17:23.591542Z[0m [32m INFO[0m [2mphantom_core::api::routes::devices[0m[2m:[0m Heartbeat from 084e39fd-5ea4-4662-b73b-f73ff1233d89
[2m2026-05-01T15:17:57.883456Z[0m [32m INFO[0m [2mphantom_core::api::routes::devices[0m[2m:[0m Heartbeat from 084e39fd-5ea4-4662-b73b-f73ff1233d89
[2m2026-05-01T15:18:27.894459Z[0m [32m INFO[0m [2mphantom_core::api::routes::devices[0m[2m:[0m Heartbeat from 084e39fd-5ea4-4662-b73b-f73ff1233d89
[2m2026-05-01T15:19:05.415868Z[0m [32m INFO[0m [2mphantom_core::api::routes::devices[0m[2m:[0m Heartbeat from 084e39fd-5ea4-4662-b73b-f73ff1233d89
[2m2026-05-01T15:19:35.431085Z[0m [32m INFO[0m [2mphantom_core::api::routes::devices[0m[2m:[0m Heartbeat from 084e39fd-5ea4-4662-b73b-f73ff1233d89
[2m2026-05-01T15:20:30.585691Z[0m [32m INFO[0m [2mphantom_core::api::routes::devices[0m[2m:[0m Heartbeat from 084e39fd-5ea4-4662-b73b-f73ff1233d89
[2m2026-05-01T15:21:00.589542Z[0m [32m INFO[0m [2mphantom_core::api::routes::devices[0m[2m:[0m Heartbeat from 084e39fd-5ea4-4662-b73b-f73ff1233d89
[2m2026-05-01T15:21:42.013686Z[0m [32m INFO[0m [2mphantom_core::api::routes::devices[0m[2m:[0m Heartbeat from 084e39fd-5ea4-4662-b73b-f73ff1233d89
[2m2026-05-01T15:22:12.029654Z[0m [32m INFO[0m [2mphantom_core::api::routes::devices[0m[2m:[0m Heartbeat from 084e39fd-5ea4-4662-b73b-f73ff1233d89
[2m2026-05-01T15:22:51.425770Z[0m [32m INFO[0m [2mphantom_core::api::routes::devices[0m[2m:[0m Heartbeat from 084e39fd-5ea4-4662-b73b-f73ff1233d89
[2m2026-05-01T15:23:21.448269Z[0m [32m INFO[0m [2mphantom_core::api::routes::devices[0m[2m:[0m Heartbeat from 084e39fd-5ea4-4662-b73b-f73ff1233d89
[2m2026-05-01T15:24:43.470120Z[0m [32m INFO[0m [2mphantom_core::api::routes::devices[0m[2m:[0m Heartbeat from 084e39fd-5ea4-4662-b73b-f73ff1233d89
[2m2026-05-01T15:25:13.482809Z[0m [32m INFO[0m [2mphantom_core::api::routes::devices[0m[2m:[0m Heartbeat from 084e39fd-5ea4-4662-b73b-f73ff1233d89
[2m2026-05-01T15:25:59.608522Z[0m [32m INFO[0m [2mphantom_core::api::routes::devices[0m[2m:[0m Heartbeat from 084e39fd-5ea4-4662-b73b-f73ff1233d89
[2m2026-05-01T15:26:29.624459Z[0m [32m INFO[0m [2mphantom_core::api::routes::devices[0m[2m:[0m Heartbeat from 084e39fd-5ea4-4662-b73b-f73ff1233d89
[2m2026-05-01T15:27:13.189980Z[0m [32m INFO[0m [2mphantom_core::api::routes::devices[0m[2m:[0m Heartbeat from 084e39fd-5ea4-4662-b73b-f73ff1233d89
[2m2026-05-01T15:27:43.194281Z[0m [32m INFO[0m [2mphantom_core::api::routes::devices[0m[2m:[0m Heartbeat from 084e39fd-5ea4-4662-b73b-f73ff1233d89
[2m2026-05-01T15:28:27.111815Z[0m [32m INFO[0m [2mphantom_core::api::routes::devices[0m[2m:[0m Heartbeat from 084e39fd-5ea4-4662-b73b-f73ff1233d89
[2m2026-05-01T15:28:57.132952Z[0m [32m INFO[0m [2mphantom_core::api::routes::devices[0m[2m:[0m Heartbeat from 084e39fd-5ea4-4662-b73b-f73ff1233d89
[2m2026-05-01T15:29:47.264281Z[0m [32m INFO[0m [2mphantom_core::api::routes::devices[0m[2m:[0m Heartbeat from 084e39fd-5ea4-4662-b73b-f73ff1233d89
[2m2026-05-01T15:30:17.267893Z[0m [32m INFO[0m [2mphantom_core::api::routes::devices[0m[2m:[0m Heartbeat from 084e39fd-5ea4-4662-b73b-f73ff1233d89
[2m2026-05-01T15:30:53.038021Z[0m [32m INFO[0m [2mphantom_core::api::routes::devices[0m[2m:[0m Heartbeat from 084e39fd-5ea4-4662-b73b-f73ff1233d89
[2m2026-05-01T15:31:23.046391Z[0m [32m INFO[0m [2mphantom_core::api::routes::devices[0m[2m:[0m Heartbeat from 084e39fd-5ea4-4662-b73b-f73ff1233d89
[2m2026-05-01T15:32:30.879638Z[0m [32m INFO[0m [2mphantom_core::api::routes::devices[0m[2m:[0m Heartbeat from 084e39fd-5ea4-4662-b73b-f73ff1233d89
[2m2026-05-01T15:33:00.887518Z[0m [32m INFO[0m [2mphantom_core::api::routes::devices[0m[2m:[0m Heartbeat from 084e39fd-5ea4-4662-b73b-f73ff1233d89
[2m2026-05-01T15:34:34.397046Z[0m [32m INFO[0m [2mphantom_core::api::routes::devices[0m[2m:[0m Heartbeat from 084e39fd-5ea4-4662-b73b-f73ff1233d89
[2m2026-05-01T15:35:04.414174Z[0m [32m INFO[0m [2mphantom_core::api::routes::devices[0m[2m:[0m Heartbeat from 084e39fd-5ea4-4662-b73b-f73ff1233d89
[2m2026-05-01T15:35:39.388926Z[0m [32m INFO[0m [2mphantom_core::api::routes::devices[0m[2m:[0m Heartbeat from 084e39fd-5ea4-4662-b73b-f73ff1233d89
[2m2026-05-01T15:36:09.397809Z[0m [32m INFO[0m [2mphantom_core::api::routes::devices[0m[2m:[0m Heartbeat from 084e39fd-5ea4-4662-b73b-f73ff1233d89
[2m2026-05-01T15:37:45.657908Z[0m [32m INFO[0m [2mphantom_core::api::routes::devices[0m[2m:[0m Heartbeat from 084e39fd-5ea4-4662-b73b-f73ff1233d89
[2m2026-05-01T15:38:15.674716Z[0m [32m INFO[0m [2mphantom_core::api::routes::devices[0m[2m:[0m Heartbeat from 084e39fd-5ea4-4662-b73b-f73ff1233d89
[2m2026-05-01T15:38:49.563198Z[0m [32m INFO[0m [2mphantom_core::api::routes::devices[0m[2m:[0m Heartbeat from 084e39fd-5ea4-4662-b73b-f73ff1233d89
[2m2026-05-01T15:39:19.568442Z[0m [32m INFO[0m [2mphantom_core::api::routes::devices[0m[2m:[0m Heartbeat from 084e39fd-5ea4-4662-b73b-f73ff1233d89
[2m2026-05-01T15:39:59.896540Z[0m [32m INFO[0m [2mphantom_core::api::routes::devices[0m[2m:[0m Heartbeat from 084e39fd-5ea4-4662-b73b-f73ff1233d89
[2m2026-05-01T15:40:29.904992Z[0m [32m INFO[0m [2mphantom_core::api::routes::devices[0m[2m:[0m Heartbeat from 084e39fd-5ea4-4662-b73b-f73ff1233d89
[2m2026-05-01T15:41:10.416091Z[0m [32m INFO[0m [2mphantom_core::api::routes::devices[0m[2m:[0m Heartbeat from 084e39fd-5ea4-4662-b73b-f73ff1233d89
[2m2026-05-01T15:41:40.428799Z[0m [32m INFO[0m [2mphantom_core::api::routes::devices[0m[2m:[0m Heartbeat from 084e39fd-5ea4-4662-b73b-f73ff1233d89
[2m2026-05-01T15:42:19.133010Z[0m [32m INFO[0m [2mphantom_core::api::routes::devices[0m[2m:[0m Heartbeat from 084e39fd-5ea4-4662-b73b-f73ff1233d89
[2m2026-05-01T15:42:49.138907Z[0m [32m INFO[0m [2mphantom_core::api::routes::devices[0m[2m:[0m Heartbeat from 084e39fd-5ea4-4662-b73b-f73ff1233d89
[2m2026-05-01T15:43:26.896268Z[0m [32m INFO[0m [2mphantom_core::api::routes::devices[0m[2m:[0m Heartbeat from 084e39fd-5ea4-4662-b73b-f73ff1233d89
[2m2026-05-01T15:43:56.902216Z[0m [32m INFO[0m [2mphantom_core::api::routes::devices[0m[2m:[0m Heartbeat from 084e39fd-5ea4-4662-b73b-f73ff1233d89
[2m2026-05-01T15:44:35.438942Z[0m [32m INFO[0m [2mphantom_core::api::routes::devices[0m[2m:[0m Heartbeat from 084e39fd-5ea4-4662-b73b-f73ff1233d89
[2m2026-05-01T15:45:05.450229Z[0m [32m INFO[0m [2mphantom_core::api::routes::devices[0m[2m:[0m Heartbeat from 084e39fd-5ea4-4662-b73b-f73ff1233d89
[2m2026-05-01T15:45:49.810978Z[0m [32m INFO[0m [2mphantom_core::api::routes::devices[0m[2m:[0m Heartbeat from 084e39fd-5ea4-4662-b73b-f73ff1233d89
[2m2026-05-01T15:46:19.825362Z[0m [32m INFO[0m [2mphantom_core::api::routes::devices[0m[2m:[0m Heartbeat from 084e39fd-5ea4-4662-b73b-f73ff1233d89
[2m2026-05-01T15:46:58.370467Z[0m [32m INFO[0m [2mphantom_core::api::routes::devices[0m[2m:[0m Heartbeat from 084e39fd-5ea4-4662-b73b-f73ff1233d89
[2m2026-05-01T15:47:28.387859Z[0m [32m INFO[0m [2mphantom_core::api::routes::devices[0m[2m:[0m Heartbeat from 084e39fd-5ea4-4662-b73b-f73ff1233d89
[2m2026-05-01T15:48:23.282235Z[0m [32m INFO[0m [2mphantom_core::api::routes::devices[0m[2m:[0m Heartbeat from 084e39fd-5ea4-4662-b73b-f73ff1233d89
[2m2026-05-01T15:48:53.298975Z[0m [32m INFO[0m [2mphantom_core::api::routes::devices[0m[2m:[0m Heartbeat from 084e39fd-5ea4-4662-b73b-f73ff1233d89
[2m2026-05-01T15:49:32.901477Z[0m [32m INFO[0m [2mphantom_core::api::routes::devices[0m[2m:[0m Heartbeat from 084e39fd-5ea4-4662-b73b-f73ff1233d89
[2m2026-05-01T15:50:02.903983Z[0m [32m INFO[0m [2mphantom_core::api::routes::devices[0m[2m:[0m Heartbeat from 084e39fd-5ea4-4662-b73b-f73ff1233d89
[2m2026-05-01T15:50:43.930719Z[0m [32m INFO[0m [2mphantom_core::api::routes::devices[0m[2m:[0m Heartbeat from 084e39fd-5ea4-4662-b73b-f73ff1233d89
[2m2026-05-01T15:51:13.942941Z[0m [32m INFO[0m [2mphantom_core::api::routes::devices[0m[2m:[0m Heartbeat from 084e39fd-5ea4-4662-b73b-f73ff1233d89
[2m2026-05-01T15:51:53.570396Z[0m [32m INFO[0m [2mphantom_core::api::routes::devices[0m[2m:[0m Heartbeat from 084e39fd-5ea4-4662-b73b-f73ff1233d89
[2m2026-05-01T15:52:23.586971Z[0m [32m INFO[0m [2mphantom_core::api::routes::devices[0m[2m:[0m Heartbeat from 084e39fd-5ea4-4662-b73b-f73ff1233d89
[2m2026-05-01T15:54:38.744018Z[0m [32m INFO[0m [2mphantom_core::api::routes::devices[0m[2m:[0m Heartbeat from 084e39fd-5ea4-4662-b73b-f73ff1233d89
[2m2026-05-01T15:55:08.760962Z[0m [32m INFO[0m [2mphantom_core::api::routes::devices[0m[2m:[0m Heartbeat from 084e39fd-5ea4-4662-b73b-f73ff1233d89
[2m2026-05-01T15:55:50.533096Z[0m [32m INFO[0m [2mphantom_core::api::routes::devices[0m[2m:[0m Heartbeat from 084e39fd-5ea4-4662-b73b-f73ff1233d89
[2m2026-05-01T15:56:20.544636Z[0m [32m INFO[0m [2mphantom_core::api::routes::devices[0m[2m:[0m Heartbeat from 084e39fd-5ea4-4662-b73b-f73ff1233d89
[2m2026-05-01T15:57:24.893739Z[0m [32m INFO[0m [2mphantom_core::api::routes::devices[0m[2m:[0m Heartbeat from 084e39fd-5ea4-4662-b73b-f73ff1233d89
[2m2026-05-01T15:57:54.897421Z[0m [32m INFO[0m [2mphantom_core::api::routes::devices[0m[2m:[0m Heartbeat from 084e39fd-5ea4-4662-b73b-f73ff1233d89
[2m2026-05-01T15:58:32.245939Z[0m [32m INFO[0m [2mphantom_core::api::routes::devices[0m[2m:[0m Heartbeat from 084e39fd-5ea4-4662-b73b-f73ff1233d89
[2m2026-05-01T15:59:02.251590Z[0m [32m INFO[0m [2mphantom_core::api::routes::devices[0m[2m:[0m Heartbeat from 084e39fd-5ea4-4662-b73b-f73ff1233d89
[2m2026-05-01T15:59:43.191502Z[0m [32m INFO[0m [2mphantom_core::api::routes::devices[0m[2m:[0m Heartbeat from 084e39fd-5ea4-4662-b73b-f73ff1233d89
[2m2026-05-01T16:00:13.199443Z[0m [32m INFO[0m [2mphantom_core::api::routes::devices[0m[2m:[0m Heartbeat from 084e39fd-5ea4-4662-b73b-f73ff1233d89
[2m2026-05-01T16:00:53.253656Z[0m [32m INFO[0m [2mphantom_core::api::routes::devices[0m[2m:[0m Heartbeat from 084e39fd-5ea4-4662-b73b-f73ff1233d89
[2m2026-05-01T16:01:23.267970Z[0m [32m INFO[0m [2mphantom_core::api::routes::devices[0m[2m:[0m Heartbeat from 084e39fd-5ea4-4662-b73b-f73ff1233d89
[2m2026-05-01T16:01:59.693456Z[0m [32m INFO[0m [2mphantom_core::api::routes::devices[0m[2m:[0m Heartbeat from 084e39fd-5ea4-4662-b73b-f73ff1233d89
[2m2026-05-01T16:02:29.707318Z[0m [32m INFO[0m [2mphantom_core::api::routes::devices[0m[2m:[0m Heartbeat from 084e39fd-5ea4-4662-b73b-f73ff1233d89
[2m2026-05-01T16:03:05.082257Z[0m [32m INFO[0m [2mphantom_core::api::routes::devices[0m[2m:[0m Heartbeat from 084e39fd-5ea4-4662-b73b-f73ff1233d89
[2m2026-05-01T16:03:35.088524Z[0m [32m INFO[0m [2mphantom_core::api::routes::devices[0m[2m:[0m Heartbeat from 084e39fd-5ea4-4662-b73b-f73ff1233d89
[2m2026-05-01T16:04:10.069784Z[0m [32m INFO[0m [2mphantom_core::api::routes::devices[0m[2m:[0m Heartbeat from 084e39fd-5ea4-4662-b73b-f73ff1233d89
[2m2026-05-01T16:04:40.085033Z[0m [32m INFO[0m [2mphantom_core::api::routes::devices[0m[2m:[0m Heartbeat from 084e39fd-5ea4-4662-b73b-f73ff1233d89
[2m2026-05-01T16:05:54.066595Z[0m [32m INFO[0m [2mphantom_core::api::routes::devices[0m[2m:[0m Heartbeat from 084e39fd-5ea4-4662-b73b-f73ff1233d89
[2m2026-05-01T16:06:24.078781Z[0m [32m INFO[0m [2mphantom_core::api::routes::devices[0m[2m:[0m Heartbeat from 084e39fd-5ea4-4662-b73b-f73ff1233d89
[2m2026-05-01T16:07:07.131248Z[0m [32m INFO[0m [2mphantom_core::api::routes::devices[0m[2m:[0m Heartbeat from 084e39fd-5ea4-4662-b73b-f73ff1233d89
[2m2026-05-01T16:07:37.148606Z[0m [32m INFO[0m [2mphantom_core::api::routes::devices[0m[2m:[0m Heartbeat from 084e39fd-5ea4-4662-b73b-f73ff1233d89
[2m2026-05-01T16:08:20.655263Z[0m [32m INFO[0m [2mphantom_core::api::routes::devices[0m[2m:[0m Heartbeat from 084e39fd-5ea4-4662-b73b-f73ff1233d89
[2m2026-05-01T16:08:50.666700Z[0m [32m INFO[0m [2mphantom_core::api::routes::devices[0m[2m:[0m Heartbeat from 084e39fd-5ea4-4662-b73b-f73ff1233d89
[2m2026-05-01T16:09:41.206165Z[0m [32m INFO[0m [2mphantom_core::api::routes::devices[0m[2m:[0m Heartbeat from 084e39fd-5ea4-4662-b73b-f73ff1233d89
[2m2026-05-01T16:10:11.217439Z[0m [32m INFO[0m [2mphantom_core::api::routes::devices[0m[2m:[0m Heartbeat from 084e39fd-5ea4-4662-b73b-f73ff1233d89
[2m2026-05-01T16:11:06.325236Z[0m [32m INFO[0m [2mphantom_core::api::routes::devices[0m[2m:[0m Heartbeat from 084e39fd-5ea4-4662-b73b-f73ff1233d89
[2m2026-05-01T16:11:36.330052Z[0m [32m INFO[0m [2mphantom_core::api::routes::devices[0m[2m:[0m Heartbeat from 084e39fd-5ea4-4662-b73b-f73ff1233d89
[2m2026-05-01T16:12:13.371233Z[0m [32m INFO[0m [2mphantom_core::api::routes::devices[0m[2m:[0m Heartbeat from 084e39fd-5ea4-4662-b73b-f73ff1233d89
[2m2026-05-01T16:12:43.386606Z[0m [32m INFO[0m [2mphantom_core::api::routes::devices[0m[2m:[0m Heartbeat from 084e39fd-5ea4-4662-b73b-f73ff1233d89
[2m2026-05-01T16:13:28.679993Z[0m [32m INFO[0m [2mphantom_core::api::routes::devices[0m[2m:[0m Heartbeat from 084e39fd-5ea4-4662-b73b-f73ff1233d89
[2m2026-05-01T16:13:58.685692Z[0m [32m INFO[0m [2mphantom_core::api::routes::devices[0m[2m:[0m Heartbeat from 084e39fd-5ea4-4662-b73b-f73ff1233d89
[2m2026-05-01T16:14:36.488140Z[0m [32m INFO[0m [2mphantom_core::api::routes::devices[0m[2m:[0m Heartbeat from 084e39fd-5ea4-4662-b73b-f73ff1233d89
[2m2026-05-01T16:15:06.492377Z[0m [32m INFO[0m [2mphantom_core::api::routes::devices[0m[2m:[0m Heartbeat from 084e39fd-5ea4-4662-b73b-f73ff1233d89
[2m2026-05-01T16:15:44.828833Z[0m [32m INFO[0m [2mphantom_core::api::routes::devices[0m[2m:[0m Heartbeat from 084e39fd-5ea4-4662-b73b-f73ff1233d89
[2m2026-05-01T16:16:14.851117Z[0m [32m INFO[0m [2mphantom_core::api::routes::devices[0m[2m:[0m Heartbeat from 084e39fd-5ea4-4662-b73b-f73ff1233d89
[2m2026-05-01T16:16:54.269438Z[0m [32m INFO[0m [2mphantom_core::api::routes::devices[0m[2m:[0m Heartbeat from 084e39fd-5ea4-4662-b73b-f73ff1233d89
[2m2026-05-01T16:17:24.276363Z[0m [32m INFO[0m [2mphantom_core::api::routes::devices[0m[2m:[0m Heartbeat from 084e39fd-5ea4-4662-b73b-f73ff1233d89
[2m2026-05-01T16:18:21.077692Z[0m [32m INFO[0m [2mphantom_core::api::routes::devices[0m[2m:[0m Heartbeat from 084e39fd-5ea4-4662-b73b-f73ff1233d89
[2m2026-05-01T16:18:51.100959Z[0m [32m INFO[0m [2mphantom_core::api::routes::devices[0m[2m:[0m Heartbeat from 084e39fd-5ea4-4662-b73b-f73ff1233d89
[2m2026-05-01T16:19:27.898565Z[0m [32m INFO[0m [2mphantom_core::api::routes::devices[0m[2m:[0m Heartbeat from 084e39fd-5ea4-4662-b73b-f73ff1233d89
[2m2026-05-01T16:19:57.911101Z[0m [32m INFO[0m [2mphantom_core::api::routes::devices[0m[2m:[0m Heartbeat from 084e39fd-5ea4-4662-b73b-f73ff1233d89
[2m2026-05-01T16:20:36.955190Z[0m [32m INFO[0m [2mphantom_core::api::routes::devices[0m[2m:[0m Heartbeat from 084e39fd-5ea4-4662-b73b-f73ff1233d89
[2m2026-05-01T16:21:06.962264Z[0m [32m INFO[0m [2mphantom_core::api::routes::devices[0m[2m:[0m Heartbeat from 084e39fd-5ea4-4662-b73b-f73ff1233d89
[2m2026-05-01T16:22:05.847384Z[0m [32m INFO[0m [2mphantom_core::api::routes::devices[0m[2m:[0m Heartbeat from 084e39fd-5ea4-4662-b73b-f73ff1233d89
[2m2026-05-01T16:22:35.857188Z[0m [32m INFO[0m [2mphantom_core::api::routes::devices[0m[2m:[0m Heartbeat from 084e39fd-5ea4-4662-b73b-f73ff1233d89
[2m2026-05-01T16:23:37.064397Z[0m [32m INFO[0m [2mphantom_core::api::routes::devices[0m[2m:[0m Heartbeat from 084e39fd-5ea4-4662-b73b-f73ff1233d89
[2m2026-05-01T16:24:07.087525Z[0m [32m INFO[0m [2mphantom_core::api::routes::devices[0m[2m:[0m Heartbeat from 084e39fd-5ea4-4662-b73b-f73ff1233d89
[2m2026-05-01T16:25:51.324665Z[0m [32m INFO[0m [2mphantom_core::api::routes::devices[0m[2m:[0m Heartbeat from 084e39fd-5ea4-4662-b73b-f73ff1233d89
[2m2026-05-01T16:26:21.332799Z[0m [32m INFO[0m [2mphantom_core::api::routes::devices[0m[2m:[0m Heartbeat from 084e39fd-5ea4-4662-b73b-f73ff1233d89
[2m2026-05-01T16:26:58.076001Z[0m [32m INFO[0m [2mphantom_core::api::routes::devices[0m[2m:[0m Heartbeat from 084e39fd-5ea4-4662-b73b-f73ff1233d89
[2m2026-05-01T16:27:28.092309Z[0m [32m INFO[0m [2mphantom_core::api::routes::devices[0m[2m:[0m Heartbeat from 084e39fd-5ea4-4662-b73b-f73ff1233d89
[2m2026-05-01T16:28:03.014091Z[0m [32m INFO[0m [2mphantom_core::api::routes::devices[0m[2m:[0m Heartbeat from 084e39fd-5ea4-4662-b73b-f73ff1233d89
[2m2026-05-01T16:28:33.022539Z[0m [32m INFO[0m [2mphantom_core::api::routes::devices[0m[2m:[0m Heartbeat from 084e39fd-5ea4-4662-b73b-f73ff1233d89
[2m2026-05-01T16:29:10.126792Z[0m [32m INFO[0m [2mphantom_core::api::routes::devices[0m[2m:[0m Heartbeat from 084e39fd-5ea4-4662-b73b-f73ff1233d89
[2m2026-05-01T16:29:40.134995Z[0m [32m INFO[0m [2mphantom_core::api::routes::devices[0m[2m:[0m Heartbeat from 084e39fd-5ea4-4662-b73b-f73ff1233d89
[2m2026-05-01T16:30:14.401837Z[0m [32m INFO[0m [2mphantom_core::api::routes::devices[0m[2m:[0m Heartbeat from 084e39fd-5ea4-4662-b73b-f73ff1233d89
[2m2026-05-01T16:30:44.417855Z[0m [32m INFO[0m [2mphantom_core::api::routes::devices[0m[2m:[0m Heartbeat from 084e39fd-5ea4-4662-b73b-f73ff1233d89
[2m2026-05-01T16:31:21.202576Z[0m [32m INFO[0m [2mphantom_core::api::routes::devices[0m[2m:[0m Heartbeat from 084e39fd-5ea4-4662-b73b-f73ff1233d89
[2m2026-05-01T16:31:51.217055Z[0m [32m INFO[0m [2mphantom_core::api::routes::devices[0m[2m:[0m Heartbeat from 084e39fd-5ea4-4662-b73b-f73ff1233d89
[2m2026-05-01T16:32:25.979453Z[0m [32m INFO[0m [2mphantom_core::api::routes::devices[0m[2m:[0m Heartbeat from 084e39fd-5ea4-4662-b73b-f73ff1233d89
[2m2026-05-01T16:32:55.990520Z[0m [32m INFO[0m [2mphantom_core::api::routes::devices[0m[2m:[0m Heartbeat from 084e39fd-5ea4-4662-b73b-f73ff1233d89
[2m2026-05-01T16:34:39.647191Z[0m [32m INFO[0m [2mphantom_core::api::routes::devices[0m[2m:[0m Heartbeat from 084e39fd-5ea4-4662-b73b-f73ff1233d89
[2m2026-05-01T16:35:09.652513Z[0m [32m INFO[0m [2mphantom_core::api::routes::devices[0m[2m:[0m Heartbeat from 084e39fd-5ea4-4662-b73b-f73ff1233d89
[2m2026-05-01T16:35:43.954592Z[0m [32m INFO[0m [2mphantom_core::api::routes::devices[0m[2m:[0m Heartbeat from 084e39fd-5ea4-4662-b73b-f73ff1233d89
[2m2026-05-01T16:36:13.970782Z[0m [32m INFO[0m [2mphantom_core::api::routes::devices[0m[2m:[0m Heartbeat from 084e39fd-5ea4-4662-b73b-f73ff1233d89
[2m2026-05-01T16:36:50.180667Z[0m [32m INFO[0m [2mphantom_core::api::routes::devices[0m[2m:[0m Heartbeat from 084e39fd-5ea4-4662-b73b-f73ff1233d89
[2m2026-05-01T16:37:20.203439Z[0m [32m INFO[0m [2mphantom_core::api::routes::devices[0m[2m:[0m Heartbeat from 084e39fd-5ea4-4662-b73b-f73ff1233d89
[2m2026-05-01T16:37:56.406151Z[0m [32m INFO[0m [2mphantom_core::api::routes::devices[0m[2m:[0m Heartbeat from 084e39fd-5ea4-4662-b73b-f73ff1233d89
[2m2026-05-01T16:38:26.420809Z[0m [32m INFO[0m [2mphantom_core::api::routes::devices[0m[2m:[0m Heartbeat from 084e39fd-5ea4-4662-b73b-f73ff1233d89
[2m2026-05-01T16:39:00.669173Z[0m [32m INFO[0m [2mphantom_core::api::routes::devices[0m[2m:[0m Heartbeat from 084e39fd-5ea4-4662-b73b-f73ff1233d89
[2m2026-05-01T16:39:30.683532Z[0m [32m INFO[0m [2mphantom_core::api::routes::devices[0m[2m:[0m Heartbeat from 084e39fd-5ea4-4662-b73b-f73ff1233d89
[2m2026-05-01T16:40:08.756663Z[0m [32m INFO[0m [2mphantom_core::api::routes::devices[0m[2m:[0m Heartbeat from 084e39fd-5ea4-4662-b73b-f73ff1233d89
[2m2026-05-01T16:40:38.763724Z[0m [32m INFO[0m [2mphantom_core::api::routes::devices[0m[2m:[0m Heartbeat from 084e39fd-5ea4-4662-b73b-f73ff1233d89
[2m2026-05-01T16:41:16.419292Z[0m [32m INFO[0m [2mphantom_core::api::routes::devices[0m[2m:[0m Heartbeat from 084e39fd-5ea4-4662-b73b-f73ff1233d89
[2m2026-05-01T16:41:46.427828Z[0m [32m INFO[0m [2mphantom_core::api::routes::devices[0m[2m:[0m Heartbeat from 084e39fd-5ea4-4662-b73b-f73ff1233d89
[2m2026-05-01T16:42:21.867536Z[0m [32m INFO[0m [2mphantom_core::api::routes::devices[0m[2m:[0m Heartbeat from 084e39fd-5ea4-4662-b73b-f73ff1233d89
[2m2026-05-01T16:42:51.883508Z[0m [32m INFO[0m [2mphantom_core::api::routes::devices[0m[2m:[0m Heartbeat from 084e39fd-5ea4-4662-b73b-f73ff1233d89
[2m2026-05-01T16:43:26.968923Z[0m [32m INFO[0m [2mphantom_core::api::routes::devices[0m[2m:[0m Heartbeat from 084e39fd-5ea4-4662-b73b-f73ff1233d89
[2m2026-05-01T16:43:56.985918Z[0m [32m INFO[0m [2mphantom_core::api::routes::devices[0m[2m:[0m Heartbeat from 084e39fd-5ea4-4662-b73b-f73ff1233d89
[2m2026-05-01T16:44:31.218650Z[0m [32m INFO[0m [2mphantom_core::api::routes::devices[0m[2m:[0m Heartbeat from 084e39fd-5ea4-4662-b73b-f73ff1233d89
[2m2026-05-01T16:45:01.226781Z[0m [32m INFO[0m [2mphantom_core::api::routes::devices[0m[2m:[0m Heartbeat from 084e39fd-5ea4-4662-b73b-f73ff1233d89
[2m2026-05-01T16:45:40.816339Z[0m [32m INFO[0m [2mphantom_core::api::routes::devices[0m[2m:[0m Heartbeat from 084e39fd-5ea4-4662-b73b-f73ff1233d89
[2m2026-05-01T16:46:10.823500Z[0m [32m INFO[0m [2mphantom_core::api::routes::devices[0m[2m:[0m Heartbeat from 084e39fd-5ea4-4662-b73b-f73ff1233d89
[2m2026-05-01T16:46:46.489296Z[0m [32m INFO[0m [2mphantom_core::api::routes::devices[0m[2m:[0m Heartbeat from 084e39fd-5ea4-4662-b73b-f73ff1233d89
[2m2026-05-01T16:47:16.497437Z[0m [32m INFO[0m [2mphantom_core::api::routes::devices[0m[2m:[0m Heartbeat from 084e39fd-5ea4-4662-b73b-f73ff1233d89
[2m2026-05-01T16:47:51.539213Z[0m [32m INFO[0m [2mphantom_core::api::routes::devices[0m[2m:[0m Heartbeat from 084e39fd-5ea4-4662-b73b-f73ff1233d89
[2m2026-05-01T16:48:21.544668Z[0m [32m INFO[0m [2mphantom_core::api::routes::devices[0m[2m:[0m Heartbeat from 084e39fd-5ea4-4662-b73b-f73ff1233d89
[2m2026-05-01T16:49:07.794951Z[0m [32m INFO[0m [2mphantom_core::api::routes::devices[0m[2m:[0m Heartbeat from 084e39fd-5ea4-4662-b73b-f73ff1233d89
[2m2026-05-01T16:49:37.812330Z[0m [32m INFO[0m [2mphantom_core::api::routes::devices[0m[2m:[0m Heartbeat from 084e39fd-5ea4-4662-b73b-f73ff1233d89
[2m2026-05-01T16:50:17.416488Z[0m [32m INFO[0m [2mphantom_core::api::routes::devices[0m[2m:[0m Heartbeat from 084e39fd-5ea4-4662-b73b-f73ff1233d89
[2m2026-05-01T16:50:47.423275Z[0m [32m INFO[0m [2mphantom_core::api::routes::devices[0m[2m:[0m Heartbeat from 084e39fd-5ea4-4662-b73b-f73ff1233d89
[2m2026-05-01T16:51:21.461715Z[0m [32m INFO[0m [2mphantom_core::api::routes::devices[0m[2m:[0m Heartbeat from 084e39fd-5ea4-4662-b73b-f73ff1233d89
[2m2026-05-01T16:51:51.474814Z[0m [32m INFO[0m [2mphantom_core::api::routes::devices[0m[2m:[0m Heartbeat from 084e39fd-5ea4-4662-b73b-f73ff1233d89
[2m2026-05-01T16:52:31.887570Z[0m [32m INFO[0m [2mphantom_core::api::routes::devices[0m[2m:[0m Heartbeat from 084e39fd-5ea4-4662-b73b-f73ff1233d89
[2m2026-05-01T16:53:01.906658Z[0m [32m INFO[0m [2mphantom_core::api::routes::devices[0m[2m:[0m Heartbeat from 084e39fd-5ea4-4662-b73b-f73ff1233d89
[2m2026-05-01T16:53:36.186390Z[0m [32m INFO[0m [2mphantom_core::api::routes::devices[0m[2m:[0m Heartbeat from 084e39fd-5ea4-4662-b73b-f73ff1233d89
[2m2026-05-01T16:54:06.196563Z[0m [32m INFO[0m [2mphantom_core::api::routes::devices[0m[2m:[0m Heartbeat from 084e39fd-5ea4-4662-b73b-f73ff1233d89
[2m2026-05-01T16:54:41.317906Z[0m [32m INFO[0m [2mphantom_core::api::routes::devices[0m[2m:[0m Heartbeat from 084e39fd-5ea4-4662-b73b-f73ff1233d89
[2m2026-05-01T16:55:11.332799Z[0m [32m INFO[0m [2mphantom_core::api::routes::devices[0m[2m:[0m Heartbeat from 084e39fd-5ea4-4662-b73b-f73ff1233d89
[2m2026-05-01T16:55:48.590170Z[0m [32m INFO[0m [2mphantom_core::api::routes::devices[0m[2m:[0m Heartbeat from 084e39fd-5ea4-4662-b73b-f73ff1233d89
[2m2026-05-01T16:56:18.592708Z[0m [32m INFO[0m [2mphantom_core::api::routes::devices[0m[2m:[0m Heartbeat from 084e39fd-5ea4-4662-b73b-f73ff1233d89
[2m2026-05-01T16:56:57.096100Z[0m [32m INFO[0m [2mphantom_core::api::routes::devices[0m[2m:[0m Heartbeat from 084e39fd-5ea4-4662-b73b-f73ff1233d89
[2m2026-05-01T16:57:27.103612Z[0m [32m INFO[0m [2mphantom_core::api::routes::devices[0m[2m:[0m Heartbeat from 084e39fd-5ea4-4662-b73b-f73ff1233d89
[2m2026-05-01T16:58:01.887475Z[0m [32m INFO[0m [2mphantom_core::api::routes::devices[0m[2m:[0m Heartbeat from 084e39fd-5ea4-4662-b73b-f73ff1233d89
[2m2026-05-01T16:58:31.904925Z[0m [32m INFO[0m [2mphantom_core::api::routes::devices[0m[2m:[0m Heartbeat from 084e39fd-5ea4-4662-b73b-f73ff1233d89
[2m2026-05-01T16:59:09.323664Z[0m [32m INFO[0m [2mphantom_core::api::routes::devices[0m[2m:[0m Heartbeat from 084e39fd-5ea4-4662-b73b-f73ff1233d89
[2m2026-05-01T16:59:39.347847Z[0m [32m INFO[0m [2mphantom_core::api::routes::devices[0m[2m:[0m Heartbeat from 084e39fd-5ea4-4662-b73b-f73ff1233d89
[2m2026-05-01T17:00:56.198785Z[0m [32m INFO[0m [2mphantom_core::api::routes::devices[0m[2m:[0m Heartbeat from 084e39fd-5ea4-4662-b73b-f73ff1233d89
[2m2026-05-01T17:01:26.206046Z[0m [32m INFO[0m [2mphantom_core::api::routes::devices[0m[2m:[0m Heartbeat from 084e39fd-5ea4-4662-b73b-f73ff1233d89
[2m2026-05-01T17:02:02.665413Z[0m [32m INFO[0m [2mphantom_core::api::routes::devices[0m[2m:[0m Heartbeat from 084e39fd-5ea4-4662-b73b-f73ff1233d89
[2m2026-05-01T17:02:32.673556Z[0m [32m INFO[0m [2mphantom_core::api::routes::devices[0m[2m:[0m Heartbeat from 084e39fd-5ea4-4662-b73b-f73ff1233d89
[2m2026-05-01T17:03:10.646396Z[0m [32m INFO[0m [2mphantom_core::api::routes::devices[0m[2m:[0m Heartbeat from 084e39fd-5ea4-4662-b73b-f73ff1233d89
[2m2026-05-01T17:03:40.655516Z[0m [32m INFO[0m [2mphantom_core::api::routes::devices[0m[2m:[0m Heartbeat from 084e39fd-5ea4-4662-b73b-f73ff1233d89
[2m2026-05-01T17:04:18.782515Z[0m [32m INFO[0m [2mphantom_core::api::routes::devices[0m[2m:[0m Heartbeat from 084e39fd-5ea4-4662-b73b-f73ff1233d89
[2m2026-05-01T17:04:48.793673Z[0m [32m INFO[0m [2mphantom_core::api::routes::devices[0m[2m:[0m Heartbeat from 084e39fd-5ea4-4662-b73b-f73ff1233d89
[2m2026-05-01T17:05:27.999108Z[0m [32m INFO[0m [2mphantom_core::api::routes::devices[0m[2m:[0m Heartbeat from 084e39fd-5ea4-4662-b73b-f73ff1233d89
[2m2026-05-01T17:05:58.016539Z[0m [32m INFO[0m [2mphantom_core::api::routes::devices[0m[2m:[0m Heartbeat from 084e39fd-5ea4-4662-b73b-f73ff1233d89
[2m2026-05-01T17:06:35.696916Z[0m [32m INFO[0m [2mphantom_core::api::routes::devices[0m[2m:[0m Heartbeat from 084e39fd-5ea4-4662-b73b-f73ff1233d89
[2m2026-05-01T17:07:05.705608Z[0m [32m INFO[0m [2mphantom_core::api::routes::devices[0m[2m:[0m Heartbeat from 084e39fd-5ea4-4662-b73b-f73ff1233d89
[2m2026-05-01T17:07:41.716699Z[0m [32m INFO[0m [2mphantom_core::api::routes::devices[0m[2m:[0m Heartbeat from 084e39fd-5ea4-4662-b73b-f73ff1233d89
[2m2026-05-01T17:08:11.730285Z[0m [32m INFO[0m [2mphantom_core::api::routes::devices[0m[2m:[0m Heartbeat from 084e39fd-5ea4-4662-b73b-f73ff1233d89
[2m2026-05-01T17:08:55.177578Z[0m [32m INFO[0m [2mphantom_core::api::routes::devices[0m[2m:[0m Heartbeat from 084e39fd-5ea4-4662-b73b-f73ff1233d89
[2m2026-05-01T17:09:25.190564Z[0m [32m INFO[0m [2mphantom_core::api::routes::devices[0m[2m:[0m Heartbeat from 084e39fd-5ea4-4662-b73b-f73ff1233d89
[2m2026-05-01T17:10:01.698777Z[0m [32m INFO[0m [2mphantom_core::api::routes::devices[0m[2m:[0m Heartbeat from 084e39fd-5ea4-4662-b73b-f73ff1233d89
[2m2026-05-01T17:10:31.702275Z[0m [32m INFO[0m [2mphantom_core::api::routes::devices[0m[2m:[0m Heartbeat from 084e39fd-5ea4-4662-b73b-f73ff1233d89
[2m2026-05-01T17:11:06.403214Z[0m [32m INFO[0m [2mphantom_core::api::routes::devices[0m[2m:[0m Heartbeat from 084e39fd-5ea4-4662-b73b-f73ff1233d89
[2m2026-05-01T17:11:36.408239Z[0m [32m INFO[0m [2mphantom_core::api::routes::devices[0m[2m:[0m Heartbeat from 084e39fd-5ea4-4662-b73b-f73ff1233d89
[2m2026-05-01T17:12:18.785062Z[0m [32m INFO[0m [2mphantom_core::api::routes::devices[0m[2m:[0m Heartbeat from 084e39fd-5ea4-4662-b73b-f73ff1233d89
[2m2026-05-01T17:12:48.793639Z[0m [32m INFO[0m [2mphantom_core::api::routes::devices[0m[2m:[0m Heartbeat from 084e39fd-5ea4-4662-b73b-f73ff1233d89
[2m2026-05-01T17:13:28.498771Z[0m [32m INFO[0m [2mphantom_core::api::routes::devices[0m[2m:[0m Heartbeat from 084e39fd-5ea4-4662-b73b-f73ff1233d89
[2m2026-05-01T17:13:58.513967Z[0m [32m INFO[0m [2mphantom_core::api::routes::devices[0m[2m:[0m Heartbeat from 084e39fd-5ea4-4662-b73b-f73ff1233d89
[2m2026-05-01T17:14:37.776023Z[0m [32m INFO[0m [2mphantom_core::api::routes::devices[0m[2m:[0m Heartbeat from 084e39fd-5ea4-4662-b73b-f73ff1233d89
[2m2026-05-01T17:15:07.787941Z[0m [32m INFO[0m [2mphantom_core::api::routes::devices[0m[2m:[0m Heartbeat from 084e39fd-5ea4-4662-b73b-f73ff1233d89
[2m2026-05-01T17:15:43.400072Z[0m [32m INFO[0m [2mphantom_core::api::routes::devices[0m[2m:[0m Heartbeat from 084e39fd-5ea4-4662-b73b-f73ff1233d89
[2m2026-05-01T17:16:13.418944Z[0m [32m INFO[0m [2mphantom_core::api::routes::devices[0m[2m:[0m Heartbeat from 084e39fd-5ea4-4662-b73b-f73ff1233d89
[2m2026-05-01T17:16:51.315706Z[0m [32m INFO[0m [2mphantom_core::api::routes::devices[0m[2m:[0m Heartbeat from 084e39fd-5ea4-4662-b73b-f73ff1233d89
[2m2026-05-01T17:17:21.333401Z[0m [32m INFO[0m [2mphantom_core::api::routes::devices[0m[2m:[0m Heartbeat from 084e39fd-5ea4-4662-b73b-f73ff1233d89
[2m2026-05-01T17:17:55.740096Z[0m [32m INFO[0m [2mphantom_core::api::routes::devices[0m[2m:[0m Heartbeat from 084e39fd-5ea4-4662-b73b-f73ff1233d89
[2m2026-05-01T17:18:25.756832Z[0m [32m INFO[0m [2mphantom_core::api::routes::devices[0m[2m:[0m Heartbeat from 084e39fd-5ea4-4662-b73b-f73ff1233d89
[2m2026-05-01T17:19:00.685170Z[0m [32m INFO[0m [2mphantom_core::api::routes::devices[0m[2m:[0m Heartbeat from 084e39fd-5ea4-4662-b73b-f73ff1233d89
[2m2026-05-01T17:19:30.695384Z[0m [32m INFO[0m [2mphantom_core::api::routes::devices[0m[2m:[0m Heartbeat from 084e39fd-5ea4-4662-b73b-f73ff1233d89
[2m2026-05-01T17:20:13.478764Z[0m [32m INFO[0m [2mphantom_core::api::routes::devices[0m[2m:[0m Heartbeat from 084e39fd-5ea4-4662-b73b-f73ff1233d89
[2m2026-05-01T17:20:43.495349Z[0m [32m INFO[0m [2mphantom_core::api::routes::devices[0m[2m:[0m Heartbeat from 084e39fd-5ea4-4662-b73b-f73ff1233d89
[2m2026-05-01T17:21:18.337605Z[0m [32m INFO[0m [2mphantom_core::api::routes::devices[0m[2m:[0m Heartbeat from 084e39fd-5ea4-4662-b73b-f73ff1233d89
[2m2026-05-01T17:21:48.349818Z[0m [32m INFO[0m [2mphantom_core::api::routes::devices[0m[2m:[0m Heartbeat from 084e39fd-5ea4-4662-b73b-f73ff1233d89
[2m2026-05-01T17:22:22.804853Z[0m [32m INFO[0m [2mphantom_core::api::routes::devices[0m[2m:[0m Heartbeat from 084e39fd-5ea4-4662-b73b-f73ff1233d89
[2m2026-05-01T17:22:52.811284Z[0m [32m INFO[0m [2mphantom_core::api::routes::devices[0m[2m:[0m Heartbeat from 084e39fd-5ea4-4662-b73b-f73ff1233d89
[2m2026-05-01T17:23:30.551192Z[0m [32m INFO[0m [2mphantom_core::api::routes::devices[0m[2m:[0m Heartbeat from 084e39fd-5ea4-4662-b73b-f73ff1233d89
[2m2026-05-01T17:24:00.554273Z[0m [32m INFO[0m [2mphantom_core::api::routes::devices[0m[2m:[0m Heartbeat from 084e39fd-5ea4-4662-b73b-f73ff1233d89
[2m2026-05-01T17:24:36.113277Z[0m [32m INFO[0m [2mphantom_core::api::routes::devices[0m[2m:[0m Heartbeat from 084e39fd-5ea4-4662-b73b-f73ff1233d89
[2m2026-05-01T17:25:06.136520Z[0m [32m INFO[0m [2mphantom_core::api::routes::devices[0m[2m:[0m Heartbeat from 084e39fd-5ea4-4662-b73b-f73ff1233d89
[2m2026-05-01T17:25:44.095247Z[0m [32m INFO[0m [2mphantom_core::api::routes::devices[0m[2m:[0m Heartbeat from 084e39fd-5ea4-4662-b73b-f73ff1233d89
[2m2026-05-01T17:26:14.107414Z[0m [32m INFO[0m [2mphantom_core::api::routes::devices[0m[2m:[0m Heartbeat from 084e39fd-5ea4-4662-b73b-f73ff1233d89
[2m2026-05-01T17:26:49.729744Z[0m [32m INFO[0m [2mphantom_core::api::routes::devices[0m[2m:[0m Heartbeat from 084e39fd-5ea4-4662-b73b-f73ff1233d89
[2m2026-05-01T17:27:19.734296Z[0m [32m INFO[0m [2mphantom_core::api::routes::devices[0m[2m:[0m Heartbeat from 084e39fd-5ea4-4662-b73b-f73ff1233d89
[2m2026-05-01T17:27:55.311176Z[0m [32m INFO[0m [2mphantom_core::api::routes::devices[0m[2m:[0m Heartbeat from 084e39fd-5ea4-4662-b73b-f73ff1233d89
[2m2026-05-01T17:28:25.317904Z[0m [32m INFO[0m [2mphantom_core::api::routes::devices[0m[2m:[0m Heartbeat from 084e39fd-5ea4-4662-b73b-f73ff1233d89
[2m2026-05-01T17:29:42.447002Z[0m [32m INFO[0m [2mphantom_core::api::routes::devices[0m[2m:[0m Heartbeat from 084e39fd-5ea4-4662-b73b-f73ff1233d89
[2m2026-05-01T17:30:12.453050Z[0m [32m INFO[0m [2mphantom_core::api::routes::devices[0m[2m:[0m Heartbeat from 084e39fd-5ea4-4662-b73b-f73ff1233d89
[2m2026-05-01T17:30:51.688776Z[0m [32m INFO[0m [2mphantom_core::api::routes::devices[0m[2m:[0m Heartbeat from 084e39fd-5ea4-4662-b73b-f73ff1233d89
[2m2026-05-01T17:31:21.702949Z[0m [32m INFO[0m [2mphantom_core::api::routes::devices[0m[2m:[0m Heartbeat from 084e39fd-5ea4-4662-b73b-f73ff1233d89
[2m2026-05-01T17:31:58.032998Z[0m [32m INFO[0m [2mphantom_core::api::routes::devices[0m[2m:[0m Heartbeat from 084e39fd-5ea4-4662-b73b-f73ff1233d89
[2m2026-05-01T17:32:28.037986Z[0m [32m INFO[0m [2mphantom_core::api::routes::devices[0m[2m:[0m Heartbeat from 084e39fd-5ea4-4662-b73b-f73ff1233d89
[2m2026-05-01T17:33:03.059940Z[0m [32m INFO[0m [2mphantom_core::api::routes::devices[0m[2m:[0m Heartbeat from 084e39fd-5ea4-4662-b73b-f73ff1233d89
[2m2026-05-01T17:33:33.071376Z[0m [32m INFO[0m [2mphantom_core::api::routes::devices[0m[2m:[0m Heartbeat from 084e39fd-5ea4-4662-b73b-f73ff1233d89
[2m2026-05-01T17:34:10.049543Z[0m [32m INFO[0m [2mphantom_core::api::routes::devices[0m[2m:[0m Heartbeat from 084e39fd-5ea4-4662-b73b-f73ff1233d89
[2m2026-05-01T17:34:40.054446Z[0m [32m INFO[0m [2mphantom_core::api::routes::devices[0m[2m:[0m Heartbeat from 084e39fd-5ea4-4662-b73b-f73ff1233d89
[2m2026-05-01T17:35:14.941265Z[0m [32m INFO[0m [2mphantom_core::api::routes::devices[0m[2m:[0m Heartbeat from 084e39fd-5ea4-4662-b73b-f73ff1233d89
[2m2026-05-01T17:35:44.954521Z[0m [32m INFO[0m [2mphantom_core::api::routes::devices[0m[2m:[0m Heartbeat from 084e39fd-5ea4-4662-b73b-f73ff1233d89
[2m2026-05-01T17:36:20.976959Z[0m [32m INFO[0m [2mphantom_core::api::routes::devices[0m[2m:[0m Heartbeat from 084e39fd-5ea4-4662-b73b-f73ff1233d89
[2m2026-05-01T17:36:50.988280Z[0m [32m INFO[0m [2mphantom_core::api::routes::devices[0m[2m:[0m Heartbeat from 084e39fd-5ea4-4662-b73b-f73ff1233d89
[2m2026-05-01T17:37:26.396061Z[0m [32m INFO[0m [2mphantom_core::api::routes::devices[0m[2m:[0m Heartbeat from 084e39fd-5ea4-4662-b73b-f73ff1233d89
[2m2026-05-01T17:37:56.406096Z[0m [32m INFO[0m [2mphantom_core::api::routes::devices[0m[2m:[0m Heartbeat from 084e39fd-5ea4-4662-b73b-f73ff1233d89
[2m2026-05-01T17:38:31.165088Z[0m [32m INFO[0m [2mphantom_core::api::routes::devices[0m[2m:[0m Heartbeat from 084e39fd-5ea4-4662-b73b-f73ff1233d89
[2m2026-05-01T17:39:01.173431Z[0m [32m INFO[0m [2mphantom_core::api::routes::devices[0m[2m:[0m Heartbeat from 084e39fd-5ea4-4662-b73b-f73ff1233d89
[2m2026-05-01T17:39:36.249522Z[0m [32m INFO[0m [2mphantom_core::api::routes::devices[0m[2m:[0m Heartbeat from 084e39fd-5ea4-4662-b73b-f73ff1233d89
[2m2026-05-01T17:40:06.255959Z[0m [32m INFO[0m [2mphantom_core::api::routes::devices[0m[2m:[0m Heartbeat from 084e39fd-5ea4-4662-b73b-f73ff1233d89
[2m2026-05-01T17:40:41.622990Z[0m [32m INFO[0m [2mphantom_core::api::routes::devices[0m[2m:[0m Heartbeat from 084e39fd-5ea4-4662-b73b-f73ff1233d89
[2m2026-05-01T17:41:11.629361Z[0m [32m INFO[0m [2mphantom_core::api::routes::devices[0m[2m:[0m Heartbeat from 084e39fd-5ea4-4662-b73b-f73ff1233d89
[2m2026-05-01T17:41:46.659171Z[0m [32m INFO[0m [2mphantom_core::api::routes::devices[0m[2m:[0m Heartbeat from 084e39fd-5ea4-4662-b73b-f73ff1233d89
[2m2026-05-01T17:42:16.675396Z[0m [32m INFO[0m [2mphantom_core::api::routes::devices[0m[2m:[0m Heartbeat from 084e39fd-5ea4-4662-b73b-f73ff1233d89
[2m2026-05-01T17:42:51.544228Z[0m [32m INFO[0m [2mphantom_core::api::routes::devices[0m[2m:[0m Heartbeat from 084e39fd-5ea4-4662-b73b-f73ff1233d89
[2m2026-05-01T17:43:21.558849Z[0m [32m INFO[0m [2mphantom_core::api::routes::devices[0m[2m:[0m Heartbeat from 084e39fd-5ea4-4662-b73b-f73ff1233d89
[2m2026-05-01T17:43:58.379260Z[0m [32m INFO[0m [2mphantom_core::api::routes::devices[0m[2m:[0m Heartbeat from 084e39fd-5ea4-4662-b73b-f73ff1233d89
[2m2026-05-01T17:44:28.393029Z[0m [32m INFO[0m [2mphantom_core::api::routes::devices[0m[2m:[0m Heartbeat from 084e39fd-5ea4-4662-b73b-f73ff1233d89
[2m2026-05-01T17:45:03.672231Z[0m [32m INFO[0m [2mphantom_core::api::routes::devices[0m[2m:[0m Heartbeat from 084e39fd-5ea4-4662-b73b-f73ff1233d89
[2m2026-05-01T17:45:33.675277Z[0m [32m INFO[0m [2mphantom_core::api::routes::devices[0m[2m:[0m Heartbeat from 084e39fd-5ea4-4662-b73b-f73ff1233d89
[2m2026-05-01T17:46:08.882283Z[0m [32m INFO[0m [2mphantom_core::api::routes::devices[0m[2m:[0m Heartbeat from 084e39fd-5ea4-4662-b73b-f73ff1233d89
[2m2026-05-01T17:46:38.895534Z[0m [32m INFO[0m [2mphantom_core::api::routes::devices[0m[2m:[0m Heartbeat from 084e39fd-5ea4-4662-b73b-f73ff1233d89
[2m2026-05-01T17:47:13.810801Z[0m [32m INFO[0m [2mphantom_core::api::routes::devices[0m[2m:[0m Heartbeat from 084e39fd-5ea4-4662-b73b-f73ff1233d89
[2m2026-05-01T17:47:43.824455Z[0m [32m INFO[0m [2mphantom_core::api::routes::devices[0m[2m:[0m Heartbeat from 084e39fd-5ea4-4662-b73b-f73ff1233d89
[2m2026-05-01T17:48:18.597147Z[0m [32m INFO[0m [2mphantom_core::api::routes::devices[0m[2m:[0m Heartbeat from 084e39fd-5ea4-4662-b73b-f73ff1233d89
[2m2026-05-01T17:48:48.605008Z[0m [32m INFO[0m [2mphantom_core::api::routes::devices[0m[2m:[0m Heartbeat from 084e39fd-5ea4-4662-b73b-f73ff1233d89
[2m2026-05-01T17:49:39.920172Z[0m [32m INFO[0m [2mphantom_core::api::routes::devices[0m[2m:[0m Heartbeat from 084e39fd-5ea4-4662-b73b-f73ff1233d89
[2m2026-05-01T17:50:09.930668Z[0m [32m INFO[0m [2mphantom_core::api::routes::devices[0m[2m:[0m Heartbeat from 084e39fd-5ea4-4662-b73b-f73ff1233d89
[2m2026-05-01T17:50:46.460388Z[0m [32m INFO[0m [2mphantom_core::api::routes::devices[0m[2m:[0m Heartbeat from 084e39fd-5ea4-4662-b73b-f73ff1233d89
[2m2026-05-01T17:51:16.478810Z[0m [32m INFO[0m [2mphantom_core::api::routes::devices[0m[2m:[0m Heartbeat from 084e39fd-5ea4-4662-b73b-f73ff1233d89
[2m2026-05-01T17:51:51.195016Z[0m [32m INFO[0m [2mphantom_core::api::routes::devices[0m[2m:[0m Heartbeat from 084e39fd-5ea4-4662-b73b-f73ff1233d89
[2m2026-05-01T17:52:21.209533Z[0m [32m INFO[0m [2mphantom_core::api::routes::devices[0m[2m:[0m Heartbeat from 084e39fd-5ea4-4662-b73b-f73ff1233d89
[2m2026-05-01T17:52:55.506035Z[0m [32m INFO[0m [2mphantom_core::api::routes::devices[0m[2m:[0m Heartbeat from 084e39fd-5ea4-4662-b73b-f73ff1233d89
[2m2026-05-01T17:53:25.509617Z[0m [32m INFO[0m [2mphantom_core::api::routes::devices[0m[2m:[0m Heartbeat from 084e39fd-5ea4-4662-b73b-f73ff1233d89
[2m2026-05-01T17:53:59.909803Z[0m [32m INFO[0m [2mphantom_core::api::routes::devices[0m[2m:[0m Heartbeat from 084e39fd-5ea4-4662-b73b-f73ff1233d89
[2m2026-05-01T17:54:29.914190Z[0m [32m INFO[0m [2mphantom_core::api::routes::devices[0m[2m:[0m Heartbeat from 084e39fd-5ea4-4662-b73b-f73ff1233d89
[2m2026-05-01T17:55:08.002004Z[0m [32m INFO[0m [2mphantom_core::api::routes::devices[0m[2m:[0m Heartbeat from 084e39fd-5ea4-4662-b73b-f73ff1233d89
[2m2026-05-01T17:55:38.017725Z[0m [32m INFO[0m [2mphantom_core::api::routes::devices[0m[2m:[0m Heartbeat from 084e39fd-5ea4-4662-b73b-f73ff1233d89
[2m2026-05-01T17:56:12.963610Z[0m [32m INFO[0m [2mphantom_core::api::routes::devices[0m[2m:[0m Heartbeat from 084e39fd-5ea4-4662-b73b-f73ff1233d89
[2m2026-05-01T17:56:42.968120Z[0m [32m INFO[0m [2mphantom_core::api::routes::devices[0m[2m:[0m Heartbeat from 084e39fd-5ea4-4662-b73b-f73ff1233d89
[2m2026-05-01T17:57:20.060525Z[0m [32m INFO[0m [2mphantom_core::api::routes::devices[0m[2m:[0m Heartbeat from 084e39fd-5ea4-4662-b73b-f73ff1233d89
[2m2026-05-01T17:57:50.064544Z[0m [32m INFO[0m [2mphantom_core::api::routes::devices[0m[2m:[0m Heartbeat from 084e39fd-5ea4-4662-b73b-f73ff1233d89
[2m2026-05-01T17:58:25.381858Z[0m [32m INFO[0m [2mphantom_core::api::routes::devices[0m[2m:[0m Heartbeat from 084e39fd-5ea4-4662-b73b-f73ff1233d89
[2m2026-05-01T17:58:55.397358Z[0m [32m INFO[0m [2mphantom_core::api::routes::devices[0m[2m:[0m Heartbeat from 084e39fd-5ea4-4662-b73b-f73ff1233d89
[2m2026-05-01T17:59:30.871085Z[0m [32m INFO[0m [2mphantom_core::api::routes::devices[0m[2m:[0m Heartbeat from 084e39fd-5ea4-4662-b73b-f73ff1233d89
[2m2026-05-01T18:00:00.876659Z[0m [32m INFO[0m [2mphantom_core::api::routes::devices[0m[2m:[0m Heartbeat from 084e39fd-5ea4-4662-b73b-f73ff1233d89
[2m2026-05-01T18:00:36.777667Z[0m [32m INFO[0m [2mphantom_core::api::routes::devices[0m[2m:[0m Heartbeat from 084e39fd-5ea4-4662-b73b-f73ff1233d89
[2m2026-05-01T18:01:06.793193Z[0m [32m INFO[0m [2mphantom_core::api::routes::devices[0m[2m:[0m Heartbeat from 084e39fd-5ea4-4662-b73b-f73ff1233d89
[2m2026-05-01T18:01:42.860008Z[0m [32m INFO[0m [2mphantom_core::api::routes::devices[0m[2m:[0m Heartbeat from 084e39fd-5ea4-4662-b73b-f73ff1233d89
[2m2026-05-01T18:02:12.870758Z[0m [32m INFO[0m [2mphantom_core::api::routes::devices[0m[2m:[0m Heartbeat from 084e39fd-5ea4-4662-b73b-f73ff1233d89
[2m2026-05-01T18:02:57.717274Z[0m [32m INFO[0m [2mphantom_core::api::routes::devices[0m[2m:[0m Heartbeat from 084e39fd-5ea4-4662-b73b-f73ff1233d89
[2m2026-05-01T18:03:27.728260Z[0m [32m INFO[0m [2mphantom_core::api::routes::devices[0m[2m:[0m Heartbeat from 084e39fd-5ea4-4662-b73b-f73ff1233d89
[2m2026-05-01T18:04:06.497673Z[0m [32m INFO[0m [2mphantom_core::api::routes::devices[0m[2m:[0m Heartbeat from 084e39fd-5ea4-4662-b73b-f73ff1233d89
[2m2026-05-01T18:04:36.507739Z[0m [32m INFO[0m [2mphantom_core::api::routes::devices[0m[2m:[0m Heartbeat from 084e39fd-5ea4-4662-b73b-f73ff1233d89
[2m2026-05-01T18:05:11.295791Z[0m [32m INFO[0m [2mphantom_core::api::routes::devices[0m[2m:[0m Heartbeat from 084e39fd-5ea4-4662-b73b-f73ff1233d89
[2m2026-05-01T18:05:41.307494Z[0m [32m INFO[0m [2mphantom_core::api::routes::devices[0m[2m:[0m Heartbeat from 084e39fd-5ea4-4662-b73b-f73ff1233d89
[2m2026-05-01T18:06:16.534550Z[0m [32m INFO[0m [2mphantom_core::api::routes::devices[0m[2m:[0m Heartbeat from 084e39fd-5ea4-4662-b73b-f73ff1233d89
[2m2026-05-01T18:06:46.538785Z[0m [32m INFO[0m [2mphantom_core::api::routes::devices[0m[2m:[0m Heartbeat from 084e39fd-5ea4-4662-b73b-f73ff1233d89
[2m2026-05-01T18:07:24.581019Z[0m [32m INFO[0m [2mphantom_core::api::routes::devices[0m[2m:[0m Heartbeat from 084e39fd-5ea4-4662-b73b-f73ff1233d89
[2m2026-05-01T18:07:54.590415Z[0m [32m INFO[0m [2mphantom_core::api::routes::devices[0m[2m:[0m Heartbeat from 084e39fd-5ea4-4662-b73b-f73ff1233d89
[2m2026-05-01T18:08:29.741787Z[0m [32m INFO[0m [2mphantom_core::api::routes::devices[0m[2m:[0m Heartbeat from 084e39fd-5ea4-4662-b73b-f73ff1233d89
[2m2026-05-01T18:08:59.751858Z[0m [32m INFO[0m [2mphantom_core::api::routes::devices[0m[2m:[0m Heartbeat from 084e39fd-5ea4-4662-b73b-f73ff1233d89
[2m2026-05-01T18:09:33.620801Z[0m [32m INFO[0m [2mphantom_core::api::routes::devices[0m[2m:[0m Heartbeat from 084e39fd-5ea4-4662-b73b-f73ff1233d89
[2m2026-05-01T18:10:03.632813Z[0m [32m INFO[0m [2mphantom_core::api::routes::devices[0m[2m:[0m Heartbeat from 084e39fd-5ea4-4662-b73b-f73ff1233d89
[2m2026-05-01T18:10:38.185942Z[0m [32m INFO[0m [2mphantom_core::api::routes::devices[0m[2m:[0m Heartbeat from 084e39fd-5ea4-4662-b73b-f73ff1233d89
[2m2026-05-01T18:11:08.190777Z[0m [32m INFO[0m [2mphantom_core::api::routes::devices[0m[2m:[0m Heartbeat from 084e39fd-5ea4-4662-b73b-f73ff1233d89
[2m2026-05-01T18:11:42.422590Z[0m [32m INFO[0m [2mphantom_core::api::routes::devices[0m[2m:[0m Heartbeat from 084e39fd-5ea4-4662-b73b-f73ff1233d89
[2m2026-05-01T18:12:12.437879Z[0m [32m INFO[0m [2mphantom_core::api::routes::devices[0m[2m:[0m Heartbeat from 084e39fd-5ea4-4662-b73b-f73ff1233d89
[2m2026-05-01T18:12:47.425824Z[0m [32m INFO[0m [2mphantom_core::api::routes::devices[0m[2m:[0m Heartbeat from 084e39fd-5ea4-4662-b73b-f73ff1233d89
[2m2026-05-01T18:13:17.440563Z[0m [32m INFO[0m [2mphantom_core::api::routes::devices[0m[2m:[0m Heartbeat from 084e39fd-5ea4-4662-b73b-f73ff1233d89
[2m2026-05-01T18:13:55.767775Z[0m [32m INFO[0m [2mphantom_core::api::routes::devices[0m[2m:[0m Heartbeat from 084e39fd-5ea4-4662-b73b-f73ff1233d89
[2m2026-05-01T18:14:25.773210Z[0m [32m INFO[0m [2mphantom_core::api::routes::devices[0m[2m:[0m Heartbeat from 084e39fd-5ea4-4662-b73b-f73ff1233d89
[2m2026-05-01T18:15:00.938132Z[0m [32m INFO[0m [2mphantom_core::api::routes::devices[0m[2m:[0m Heartbeat from 084e39fd-5ea4-4662-b73b-f73ff1233d89
[2m2026-05-01T18:15:30.949325Z[0m [32m INFO[0m [2mphantom_core::api::routes::devices[0m[2m:[0m Heartbeat from 084e39fd-5ea4-4662-b73b-f73ff1233d89
[2m2026-05-01T18:16:06.030495Z[0m [32m INFO[0m [2mphantom_core::api::routes::devices[0m[2m:[0m Heartbeat from 084e39fd-5ea4-4662-b73b-f73ff1233d89
[2m2026-05-01T18:16:36.042000Z[0m [32m INFO[0m [2mphantom_core::api::routes::devices[0m[2m:[0m Heartbeat from 084e39fd-5ea4-4662-b73b-f73ff1233d89
[2m2026-05-01T18:17:11.655107Z[0m [32m INFO[0m [2mphantom_core::api::routes::devices[0m[2m:[0m Heartbeat from 084e39fd-5ea4-4662-b73b-f73ff1233d89
[2m2026-05-01T18:17:41.677332Z[0m [32m INFO[0m [2mphantom_core::api::routes::devices[0m[2m:[0m Heartbeat from 084e39fd-5ea4-4662-b73b-f73ff1233d89
[2m2026-05-01T18:18:46.868437Z[0m [32m INFO[0m [2mphantom_core::api::routes::devices[0m[2m:[0m Heartbeat from 084e39fd-5ea4-4662-b73b-f73ff1233d89
[2m2026-05-01T18:19:16.886463Z[0m [32m INFO[0m [2mphantom_core::api::routes::devices[0m[2m:[0m Heartbeat from 084e39fd-5ea4-4662-b73b-f73ff1233d89
[2m2026-05-01T18:19:51.474219Z[0m [32m INFO[0m [2mphantom_core::api::routes::devices[0m[2m:[0m Heartbeat from 084e39fd-5ea4-4662-b73b-f73ff1233d89
[2m2026-05-01T18:20:21.488797Z[0m [32m INFO[0m [2mphantom_core::api::routes::devices[0m[2m:[0m Heartbeat from 084e39fd-5ea4-4662-b73b-f73ff1233d89
[2m2026-05-01T18:20:58.149072Z[0m [32m INFO[0m [2mphantom_core::api::routes::devices[0m[2m:[0m Heartbeat from 084e39fd-5ea4-4662-b73b-f73ff1233d89
[2m2026-05-01T18:21:28.156737Z[0m [32m INFO[0m [2mphantom_core::api::routes::devices[0m[2m:[0m Heartbeat from 084e39fd-5ea4-4662-b73b-f73ff1233d89
[2m2026-05-01T18:22:06.364500Z[0m [32m INFO[0m [2mphantom_core::api::routes::devices[0m[2m:[0m Heartbeat from 084e39fd-5ea4-4662-b73b-f73ff1233d89
[2m2026-05-01T18:22:36.379811Z[0m [32m INFO[0m [2mphantom_core::api::routes::devices[0m[2m:[0m Heartbeat from 084e39fd-5ea4-4662-b73b-f73ff1233d89
[2m2026-05-01T18:23:11.077262Z[0m [32m INFO[0m [2mphantom_core::api::routes::devices[0m[2m:[0m Heartbeat from 084e39fd-5ea4-4662-b73b-f73ff1233d89
[2m2026-05-01T18:23:41.093960Z[0m [32m INFO[0m [2mphantom_core::api::routes::devices[0m[2m:[0m Heartbeat from 084e39fd-5ea4-4662-b73b-f73ff1233d89
[2m2026-05-01T18:24:19.812930Z[0m [32m INFO[0m [2mphantom_core::api::routes::devices[0m[2m:[0m Heartbeat from 084e39fd-5ea4-4662-b73b-f73ff1233d89
[2m2026-05-01T18:24:49.827252Z[0m [32m INFO[0m [2mphantom_core::api::routes::devices[0m[2m:[0m Heartbeat from 084e39fd-5ea4-4662-b73b-f73ff1233d89
[2m2026-05-01T18:25:24.402752Z[0m [32m INFO[0m [2mphantom_core::api::routes::devices[0m[2m:[0m Heartbeat from 084e39fd-5ea4-4662-b73b-f73ff1233d89
[2m2026-05-01T18:25:54.424633Z[0m [32m INFO[0m [2mphantom_core::api::routes::devices[0m[2m:[0m Heartbeat from 084e39fd-5ea4-4662-b73b-f73ff1233d89
[2m2026-05-01T18:26:33.270391Z[0m [32m INFO[0m [2mphantom_core::api::routes::devices[0m[2m:[0m Heartbeat from 084e39fd-5ea4-4662-b73b-f73ff1233d89
[2m2026-05-01T18:27:03.295044Z[0m [32m INFO[0m [2mphantom_core::api::routes::devices[0m[2m:[0m Heartbeat from 084e39fd-5ea4-4662-b73b-f73ff1233d89
[2m2026-05-01T18:27:38.051937Z[0m [32m INFO[0m [2mphantom_core::api::routes::devices[0m[2m:[0m Heartbeat from 084e39fd-5ea4-4662-b73b-f73ff1233d89
[2m2026-05-01T18:28:08.060989Z[0m [32m INFO[0m [2mphantom_core::api::routes::devices[0m[2m:[0m Heartbeat from 084e39fd-5ea4-4662-b73b-f73ff1233d89
[2m2026-05-01T18:28:42.663762Z[0m [32m INFO[0m [2mphantom_core::api::routes::devices[0m[2m:[0m Heartbeat from 084e39fd-5ea4-4662-b73b-f73ff1233d89
[2m2026-05-01T18:29:12.678615Z[0m [32m INFO[0m [2mphantom_core::api::routes::devices[0m[2m:[0m Heartbeat from 084e39fd-5ea4-4662-b73b-f73ff1233d89
[2m2026-05-01T18:29:51.487754Z[0m [32m INFO[0m [2mphantom_core::api::routes::devices[0m[2m:[0m Heartbeat from 084e39fd-5ea4-4662-b73b-f73ff1233d89
[2m2026-05-01T18:30:21.506195Z[0m [32m INFO[0m [2mphantom_core::api::routes::devices[0m[2m:[0m Heartbeat from 084e39fd-5ea4-4662-b73b-f73ff1233d89
[2m2026-05-01T18:30:55.969282Z[0m [32m INFO[0m [2mphantom_core::api::routes::devices[0m[2m:[0m Heartbeat from 084e39fd-5ea4-4662-b73b-f73ff1233d89
[2m2026-05-01T18:31:25.980149Z[0m [32m INFO[0m [2mphantom_core::api::routes::devices[0m[2m:[0m Heartbeat from 084e39fd-5ea4-4662-b73b-f73ff1233d89
[2m2026-05-01T18:31:59.837295Z[0m [32m INFO[0m [2mphantom_core::api::routes::devices[0m[2m:[0m Heartbeat from 084e39fd-5ea4-4662-b73b-f73ff1233d89
[2m2026-05-01T18:32:29.840921Z[0m [32m INFO[0m [2mphantom_core::api::routes::devices[0m[2m:[0m Heartbeat from 084e39fd-5ea4-4662-b73b-f73ff1233d89
[2m2026-05-01T18:33:39.337473Z[0m [32m INFO[0m [2mphantom_core::api::routes::devices[0m[2m:[0m Heartbeat from 084e39fd-5ea4-4662-b73b-f73ff1233d89
[2m2026-05-01T18:34:09.349534Z[0m [32m INFO[0m [2mphantom_core::api::routes::devices[0m[2m:[0m Heartbeat from 084e39fd-5ea4-4662-b73b-f73ff1233d89
[2m2026-05-01T18:34:44.059722Z[0m [32m INFO[0m [2mphantom_core::api::routes::devices[0m[2m:[0m Heartbeat from 084e39fd-5ea4-4662-b73b-f73ff1233d89
[2m2026-05-01T18:35:14.076615Z[0m [32m INFO[0m [2mphantom_core::api::routes::devices[0m[2m:[0m Heartbeat from 084e39fd-5ea4-4662-b73b-f73ff1233d89
[2m2026-05-01T18:35:48.848248Z[0m [32m INFO[0m [2mphantom_core::api::routes::devices[0m[2m:[0m Heartbeat from 084e39fd-5ea4-4662-b73b-f73ff1233d89
[2m2026-05-01T18:36:18.865418Z[0m [32m INFO[0m [2mphantom_core::api::routes::devices[0m[2m:[0m Heartbeat from 084e39fd-5ea4-4662-b73b-f73ff1233d89
[2m2026-05-01T18:36:53.152544Z[0m [32m INFO[0m [2mphantom_core::api::routes::devices[0m[2m:[0m Heartbeat from 084e39fd-5ea4-4662-b73b-f73ff1233d89
[2m2026-05-01T18:37:23.162383Z[0m [32m INFO[0m [2mphantom_core::api::routes::devices[0m[2m:[0m Heartbeat from 084e39fd-5ea4-4662-b73b-f73ff1233d89
[2m2026-05-01T18:38:00.733993Z[0m [32m INFO[0m [2mphantom_core::api::routes::devices[0m[2m:[0m Heartbeat from 084e39fd-5ea4-4662-b73b-f73ff1233d89
[2m2026-05-01T18:38:30.751887Z[0m [32m INFO[0m [2mphantom_core::api::routes::devices[0m[2m:[0m Heartbeat from 084e39fd-5ea4-4662-b73b-f73ff1233d89
[2m2026-05-01T18:39:11.134552Z[0m [32m INFO[0m [2mphantom_core::api::routes::devices[0m[2m:[0m Heartbeat from 084e39fd-5ea4-4662-b73b-f73ff1233d89
[2m2026-05-01T18:39:41.138198Z[0m [32m INFO[0m [2mphantom_core::api::routes::devices[0m[2m:[0m Heartbeat from 084e39fd-5ea4-4662-b73b-f73ff1233d89
[2m2026-05-01T18:40:23.807844Z[0m [32m INFO[0m [2mphantom_core::api::routes::devices[0m[2m:[0m Heartbeat from 084e39fd-5ea4-4662-b73b-f73ff1233d89
[2m2026-05-01T18:40:53.814802Z[0m [32m INFO[0m [2mphantom_core::api::routes::devices[0m[2m:[0m Heartbeat from 084e39fd-5ea4-4662-b73b-f73ff1233d89
[2m2026-05-01T18:41:28.926904Z[0m [32m INFO[0m [2mphantom_core::api::routes::devices[0m[2m:[0m Heartbeat from 084e39fd-5ea4-4662-b73b-f73ff1233d89
[2m2026-05-01T18:41:58.949698Z[0m [32m INFO[0m [2mphantom_core::api::routes::devices[0m[2m:[0m Heartbeat from 084e39fd-5ea4-4662-b73b-f73ff1233d89
[2m2026-05-01T18:42:35.368878Z[0m [32m INFO[0m [2mphantom_core::api::routes::devices[0m[2m:[0m Heartbeat from 084e39fd-5ea4-4662-b73b-f73ff1233d89
[2m2026-05-01T18:43:05.389228Z[0m [32m INFO[0m [2mphantom_core::api::routes::devices[0m[2m:[0m Heartbeat from 084e39fd-5ea4-4662-b73b-f73ff1233d89
[2m2026-05-01T18:43:39.735878Z[0m [32m INFO[0m [2mphantom_core::api::routes::devices[0m[2m:[0m Heartbeat from 084e39fd-5ea4-4662-b73b-f73ff1233d89
[2m2026-05-01T18:44:09.757675Z[0m [32m INFO[0m [2mphantom_core::api::routes::devices[0m[2m:[0m Heartbeat from 084e39fd-5ea4-4662-b73b-f73ff1233d89
[2m2026-05-01T18:45:14.604086Z[0m [32m INFO[0m [2mphantom_core::api::routes::devices[0m[2m:[0m Heartbeat from 084e39fd-5ea4-4662-b73b-f73ff1233d89
[2m2026-05-01T18:45:44.610235Z[0m [32m INFO[0m [2mphantom_core::api::routes::devices[0m[2m:[0m Heartbeat from 084e39fd-5ea4-4662-b73b-f73ff1233d89
[2m2026-05-01T18:46:19.098250Z[0m [32m INFO[0m [2mphantom_core::api::routes::devices[0m[2m:[0m Heartbeat from 084e39fd-5ea4-4662-b73b-f73ff1233d89
[2m2026-05-01T18:46:49.107269Z[0m [32m INFO[0m [2mphantom_core::api::routes::devices[0m[2m:[0m Heartbeat from 084e39fd-5ea4-4662-b73b-f73ff1233d89
[2m2026-05-01T18:47:26.632470Z[0m [32m INFO[0m [2mphantom_core::api::routes::devices[0m[2m:[0m Heartbeat from 084e39fd-5ea4-4662-b73b-f73ff1233d89
[2m2026-05-01T18:47:56.650723Z[0m [32m INFO[0m [2mphantom_core::api::routes::devices[0m[2m:[0m Heartbeat from 084e39fd-5ea4-4662-b73b-f73ff1233d89
[2m2026-05-01T18:48:37.928766Z[0m [32m INFO[0m [2mphantom_core::api::routes::devices[0m[2m:[0m Heartbeat from 084e39fd-5ea4-4662-b73b-f73ff1233d89
[2m2026-05-01T18:49:07.936149Z[0m [32m INFO[0m [2mphantom_core::api::routes::devices[0m[2m:[0m Heartbeat from 084e39fd-5ea4-4662-b73b-f73ff1233d89
[2m2026-05-01T18:49:44.772421Z[0m [32m INFO[0m [2mphantom_core::api::routes::devices[0m[2m:[0m Heartbeat from 084e39fd-5ea4-4662-b73b-f73ff1233d89
[2m2026-05-01T18:50:14.779220Z[0m [32m INFO[0m [2mphantom_core::api::routes::devices[0m[2m:[0m Heartbeat from 084e39fd-5ea4-4662-b73b-f73ff1233d89
[2m2026-05-01T18:50:50.226661Z[0m [32m INFO[0m [2mphantom_core::api::routes::devices[0m[2m:[0m Heartbeat from 084e39fd-5ea4-4662-b73b-f73ff1233d89
[2m2026-05-01T18:51:20.238160Z[0m [32m INFO[0m [2mphantom_core::api::routes::devices[0m[2m:[0m Heartbeat from 084e39fd-5ea4-4662-b73b-f73ff1233d89
[2m2026-05-01T18:51:54.591261Z[0m [32m INFO[0m [2mphantom_core::api::routes::devices[0m[2m:[0m Heartbeat from 084e39fd-5ea4-4662-b73b-f73ff1233d89
[2m2026-05-01T18:52:24.595604Z[0m [32m INFO[0m [2mphantom_core::api::routes::devices[0m[2m:[0m Heartbeat from 084e39fd-5ea4-4662-b73b-f73ff1233d89
[2m2026-05-01T18:52:59.878383Z[0m [32m INFO[0m [2mphantom_core::api::routes::devices[0m[2m:[0m Heartbeat from 084e39fd-5ea4-4662-b73b-f73ff1233d89
[2m2026-05-01T18:53:29.889987Z[0m [32m INFO[0m [2mphantom_core::api::routes::devices[0m[2m:[0m Heartbeat from 084e39fd-5ea4-4662-b73b-f73ff1233d89
[2m2026-05-01T18:54:04.300605Z[0m [32m INFO[0m [2mphantom_core::api::routes::devices[0m[2m:[0m Heartbeat from 084e39fd-5ea4-4662-b73b-f73ff1233d89
[2m2026-05-01T18:54:34.304381Z[0m [32m INFO[0m [2mphantom_core::api::routes::devices[0m[2m:[0m Heartbeat from 084e39fd-5ea4-4662-b73b-f73ff1233d89
[2m2026-05-01T18:55:39.575795Z[0m [32m INFO[0m [2mphantom_core::api::routes::devices[0m[2m:[0m Heartbeat from 084e39fd-5ea4-4662-b73b-f73ff1233d89
[2m2026-05-01T18:56:09.589112Z[0m [32m INFO[0m [2mphantom_core::api::routes::devices[0m[2m:[0m Heartbeat from 084e39fd-5ea4-4662-b73b-f73ff1233d89
[2m2026-05-01T18:56:48.494411Z[0m [32m INFO[0m [2mphantom_core::api::routes::devices[0m[2m:[0m Heartbeat from 084e39fd-5ea4-4662-b73b-f73ff1233d89
[2m2026-05-01T18:57:18.517194Z[0m [32m INFO[0m [2mphantom_core::api::routes::devices[0m[2m:[0m Heartbeat from 084e39fd-5ea4-4662-b73b-f73ff1233d89
[2m2026-05-01T18:57:53.453403Z[0m [32m INFO[0m [2mphantom_core::api::routes::devices[0m[2m:[0m Heartbeat from 084e39fd-5ea4-4662-b73b-f73ff1233d89
[2m2026-05-01T18:58:23.465473Z[0m [32m INFO[0m [2mphantom_core::api::routes::devices[0m[2m:[0m Heartbeat from 084e39fd-5ea4-4662-b73b-f73ff1233d89
[2m2026-05-01T18:59:04.055291Z[0m [32m INFO[0m [2mphantom_core::api::routes::devices[0m[2m:[0m Heartbeat from 084e39fd-5ea4-4662-b73b-f73ff1233d89
[2m2026-05-01T18:59:34.059267Z[0m [32m INFO[0m [2mphantom_core::api::routes::devices[0m[2m:[0m Heartbeat from 084e39fd-5ea4-4662-b73b-f73ff1233d89
[2m2026-05-01T19:00:09.247756Z[0m [32m INFO[0m [2mphantom_core::api::routes::devices[0m[2m:[0m Heartbeat from 084e39fd-5ea4-4662-b73b-f73ff1233d89
[2m2026-05-01T19:00:39.263088Z[0m [32m INFO[0m [2mphantom_core::api::routes::devices[0m[2m:[0m Heartbeat from 084e39fd-5ea4-4662-b73b-f73ff1233d89
[2m2026-05-01T19:01:15.168222Z[0m [32m INFO[0m [2mphantom_core::api::routes::devices[0m[2m:[0m Heartbeat from 084e39fd-5ea4-4662-b73b-f73ff1233d89
[2m2026-05-01T19:01:45.172060Z[0m [32m INFO[0m [2mphantom_core::api::routes::devices[0m[2m:[0m Heartbeat from 084e39fd-5ea4-4662-b73b-f73ff1233d89
[2m2026-05-01T19:02:23.791394Z[0m [32m INFO[0m [2mphantom_core::api::routes::devices[0m[2m:[0m Heartbeat from 084e39fd-5ea4-4662-b73b-f73ff1233d89
[2m2026-05-01T19:02:53.795236Z[0m [32m INFO[0m [2mphantom_core::api::routes::devices[0m[2m:[0m Heartbeat from 084e39fd-5ea4-4662-b73b-f73ff1233d89
[2m2026-05-01T19:03:33.294002Z[0m [32m INFO[0m [2mphantom_core::api::routes::devices[0m[2m:[0m Heartbeat from 084e39fd-5ea4-4662-b73b-f73ff1233d89
[2m2026-05-01T19:04:03.310011Z[0m [32m INFO[0m [2mphantom_core::api::routes::devices[0m[2m:[0m Heartbeat from 084e39fd-5ea4-4662-b73b-f73ff1233d89
[2m2026-05-01T19:04:40.617369Z[0m [32m INFO[0m [2mphantom_core::api::routes::devices[0m[2m:[0m Heartbeat from 084e39fd-5ea4-4662-b73b-f73ff1233d89
[2m2026-05-01T19:05:10.621478Z[0m [32m INFO[0m [2mphantom_core::api::routes::devices[0m[2m:[0m Heartbeat from 084e39fd-5ea4-4662-b73b-f73ff1233d89
[2m2026-05-01T19:06:39.007622Z[0m [32m INFO[0m [2mphantom_core::api::routes::devices[0m[2m:[0m Heartbeat from 084e39fd-5ea4-4662-b73b-f73ff1233d89
[2m2026-05-01T19:07:09.018863Z[0m [32m INFO[0m [2mphantom_core::api::routes::devices[0m[2m:[0m Heartbeat from 084e39fd-5ea4-4662-b73b-f73ff1233d89
[2m2026-05-01T19:07:43.507707Z[0m [32m INFO[0m [2mphantom_core::api::routes::devices[0m[2m:[0m Heartbeat from 084e39fd-5ea4-4662-b73b-f73ff1233d89
[2m2026-05-01T19:08:13.525661Z[0m [32m INFO[0m [2mphantom_core::api::routes::devices[0m[2m:[0m Heartbeat from 084e39fd-5ea4-4662-b73b-f73ff1233d89
[2m2026-05-01T19:08:52.986598Z[0m [32m INFO[0m [2mphantom_core::api::routes::devices[0m[2m:[0m Heartbeat from 084e39fd-5ea4-4662-b73b-f73ff1233d89
[2m2026-05-01T19:09:22.991031Z[0m [32m INFO[0m [2mphantom_core::api::routes::devices[0m[2m:[0m Heartbeat from 084e39fd-5ea4-4662-b73b-f73ff1233d89
[2m2026-05-01T19:09:59.384439Z[0m [32m INFO[0m [2mphantom_core::api::routes::devices[0m[2m:[0m Heartbeat from 084e39fd-5ea4-4662-b73b-f73ff1233d89
[2m2026-05-01T19:10:29.396556Z[0m [32m INFO[0m [2mphantom_core::api::routes::devices[0m[2m:[0m Heartbeat from 084e39fd-5ea4-4662-b73b-f73ff1233d89
[2m2026-05-01T19:11:03.980909Z[0m [32m INFO[0m [2mphantom_core::api::routes::devices[0m[2m:[0m Heartbeat from 084e39fd-5ea4-4662-b73b-f73ff1233d89
[2m2026-05-01T19:11:33.988751Z[0m [32m INFO[0m [2mphantom_core::api::routes::devices[0m[2m:[0m Heartbeat from 084e39fd-5ea4-4662-b73b-f73ff1233d89
[2m2026-05-01T19:12:08.394470Z[0m [32m INFO[0m [2mphantom_core::api::routes::devices[0m[2m:[0m Heartbeat from 084e39fd-5ea4-4662-b73b-f73ff1233d89
[2m2026-05-01T19:12:38.406085Z[0m [32m INFO[0m [2mphantom_core::api::routes::devices[0m[2m:[0m Heartbeat from 084e39fd-5ea4-4662-b73b-f73ff1233d89
[2m2026-05-01T19:13:12.922390Z[0m [32m INFO[0m [2mphantom_core::api::routes::devices[0m[2m:[0m Heartbeat from 084e39fd-5ea4-4662-b73b-f73ff1233d89
[2m2026-05-01T19:13:42.926838Z[0m [32m INFO[0m [2mphantom_core::api::routes::devices[0m[2m:[0m Heartbeat from 084e39fd-5ea4-4662-b73b-f73ff1233d89
[2m2026-05-01T19:14:20.812120Z[0m [32m INFO[0m [2mphantom_core::api::routes::devices[0m[2m:[0m Heartbeat from 084e39fd-5ea4-4662-b73b-f73ff1233d89
[2m2026-05-01T19:14:50.826897Z[0m [32m INFO[0m [2mphantom_core::api::routes::devices[0m[2m:[0m Heartbeat from 084e39fd-5ea4-4662-b73b-f73ff1233d89
[2m2026-05-01T19:15:30.120376Z[0m [32m INFO[0m [2mphantom_core::api::routes::devices[0m[2m:[0m Heartbeat from 084e39fd-5ea4-4662-b73b-f73ff1233d89
[2m2026-05-01T19:16:00.137331Z[0m [32m INFO[0m [2mphantom_core::api::routes::devices[0m[2m:[0m Heartbeat from 084e39fd-5ea4-4662-b73b-f73ff1233d89
[2m2026-05-01T19:16:34.316622Z[0m [32m INFO[0m [2mphantom_core::api::routes::devices[0m[2m:[0m Heartbeat from 084e39fd-5ea4-4662-b73b-f73ff1233d89
[2m2026-05-01T19:17:04.334341Z[0m [32m INFO[0m [2mphantom_core::api::routes::devices[0m[2m:[0m Heartbeat from 084e39fd-5ea4-4662-b73b-f73ff1233d89
[2m2026-05-01T19:17:38.834130Z[0m [32m INFO[0m [2mphantom_core::api::routes::devices[0m[2m:[0m Heartbeat from 084e39fd-5ea4-4662-b73b-f73ff1233d89
[2m2026-05-01T19:18:08.839687Z[0m [32m INFO[0m [2mphantom_core::api::routes::devices[0m[2m:[0m Heartbeat from 084e39fd-5ea4-4662-b73b-f73ff1233d89
[2m2026-05-01T19:18:49.206259Z[0m [32m INFO[0m [2mphantom_core::api::routes::devices[0m[2m:[0m Heartbeat from 084e39fd-5ea4-4662-b73b-f73ff1233d89
[2m2026-05-01T19:19:19.223826Z[0m [32m INFO[0m [2mphantom_core::api::routes::devices[0m[2m:[0m Heartbeat from 084e39fd-5ea4-4662-b73b-f73ff1233d89
[2m2026-05-01T19:19:54.718703Z[0m [32m INFO[0m [2mphantom_core::api::routes::devices[0m[2m:[0m Heartbeat from 084e39fd-5ea4-4662-b73b-f73ff1233d89
[2m2026-05-01T19:20:24.731957Z[0m [32m INFO[0m [2mphantom_core::api::routes::devices[0m[2m:[0m Heartbeat from 084e39fd-5ea4-4662-b73b-f73ff1233d89
[2m2026-05-01T19:21:01.996456Z[0m [32m INFO[0m [2mphantom_core::api::routes::devices[0m[2m:[0m Heartbeat from 084e39fd-5ea4-4662-b73b-f73ff1233d89
[2m2026-05-01T19:21:31.999457Z[0m [32m INFO[0m [2mphantom_core::api::routes::devices[0m[2m:[0m Heartbeat from 084e39fd-5ea4-4662-b73b-f73ff1233d89
[2m2026-05-01T19:22:07.485785Z[0m [32m INFO[0m [2mphantom_core::api::routes::devices[0m[2m:[0m Heartbeat from 084e39fd-5ea4-4662-b73b-f73ff1233d89
[2m2026-05-01T19:22:37.499993Z[0m [32m INFO[0m [2mphantom_core::api::routes::devices[0m[2m:[0m Heartbeat from 084e39fd-5ea4-4662-b73b-f73ff1233d89
[2m2026-05-01T19:23:14.755932Z[0m [32m INFO[0m [2mphantom_core::api::routes::devices[0m[2m:[0m Heartbeat from 084e39fd-5ea4-4662-b73b-f73ff1233d89
[2m2026-05-01T19:23:44.767440Z[0m [32m INFO[0m [2mphantom_core::api::routes::devices[0m[2m:[0m Heartbeat from 084e39fd-5ea4-4662-b73b-f73ff1233d89
[2m2026-05-01T19:24:19.136635Z[0m [32m INFO[0m [2mphantom_core::api::routes::devices[0m[2m:[0m Heartbeat from 084e39fd-5ea4-4662-b73b-f73ff1233d89
[2m2026-05-01T19:24:49.152000Z[0m [32m INFO[0m [2mphantom_core::api::routes::devices[0m[2m:[0m Heartbeat from 084e39fd-5ea4-4662-b73b-f73ff1233d89
[2m2026-05-01T19:25:24.225961Z[0m [32m INFO[0m [2mphantom_core::api::routes::devices[0m[2m:[0m Heartbeat from 084e39fd-5ea4-4662-b73b-f73ff1233d89
[2m2026-05-01T19:25:54.235673Z[0m [32m INFO[0m [2mphantom_core::api::routes::devices[0m[2m:[0m Heartbeat from 084e39fd-5ea4-4662-b73b-f73ff1233d89
[2m2026-05-01T19:26:29.537821Z[0m [32m INFO[0m [2mphantom_core::api::routes::devices[0m[2m:[0m Heartbeat from 084e39fd-5ea4-4662-b73b-f73ff1233d89
[2m2026-05-01T19:26:59.552033Z[0m [32m INFO[0m [2mphantom_core::api::routes::devices[0m[2m:[0m Heartbeat from 084e39fd-5ea4-4662-b73b-f73ff1233d89
[2m2026-05-01T19:27:34.113525Z[0m [32m INFO[0m [2mphantom_core::api::routes::devices[0m[2m:[0m Heartbeat from 084e39fd-5ea4-4662-b73b-f73ff1233d89
[2m2026-05-01T19:28:04.118636Z[0m [32m INFO[0m [2mphantom_core::api::routes::devices[0m[2m:[0m Heartbeat from 084e39fd-5ea4-4662-b73b-f73ff1233d89
[2m2026-05-01T19:28:41.003047Z[0m [32m INFO[0m [2mphantom_core::api::routes::devices[0m[2m:[0m Heartbeat from 084e39fd-5ea4-4662-b73b-f73ff1233d89
[2m2026-05-01T19:29:11.004982Z[0m [32m INFO[0m [2mphantom_core::api::routes::devices[0m[2m:[0m Heartbeat from 084e39fd-5ea4-4662-b73b-f73ff1233d89
[2m2026-05-01T19:29:45.876621Z[0m [32m INFO[0m [2mphantom_core::api::routes::devices[0m[2m:[0m Heartbeat from 084e39fd-5ea4-4662-b73b-f73ff1233d89
[2m2026-05-01T19:30:15.886852Z[0m [32m INFO[0m [2mphantom_core::api::routes::devices[0m[2m:[0m Heartbeat from 084e39fd-5ea4-4662-b73b-f73ff1233d89
[2m2026-05-01T19:31:32.030190Z[0m [32m INFO[0m [2mphantom_core::api::routes::devices[0m[2m:[0m Heartbeat from 084e39fd-5ea4-4662-b73b-f73ff1233d89
[2m2026-05-01T19:32:02.046018Z[0m [32m INFO[0m [2mphantom_core::api::routes::devices[0m[2m:[0m Heartbeat from 084e39fd-5ea4-4662-b73b-f73ff1233d89
[2m2026-05-01T19:32:36.686895Z[0m [32m INFO[0m [2mphantom_core::api::routes::devices[0m[2m:[0m Heartbeat from 084e39fd-5ea4-4662-b73b-f73ff1233d89
[2m2026-05-01T19:33:06.701020Z[0m [32m INFO[0m [2mphantom_core::api::routes::devices[0m[2m:[0m Heartbeat from 084e39fd-5ea4-4662-b73b-f73ff1233d89
[2m2026-05-01T19:33:40.632083Z[0m [32m INFO[0m [2mphantom_core::api::routes::devices[0m[2m:[0m Heartbeat from 084e39fd-5ea4-4662-b73b-f73ff1233d89
[2m2026-05-01T19:34:10.634777Z[0m [32m INFO[0m [2mphantom_core::api::routes::devices[0m[2m:[0m Heartbeat from 084e39fd-5ea4-4662-b73b-f73ff1233d89
[2m2026-05-01T19:34:52.012783Z[0m [32m INFO[0m [2mphantom_core::api::routes::devices[0m[2m:[0m Heartbeat from 084e39fd-5ea4-4662-b73b-f73ff1233d89
[2m2026-05-01T19:35:22.023884Z[0m [32m INFO[0m [2mphantom_core::api::routes::devices[0m[2m:[0m Heartbeat from 084e39fd-5ea4-4662-b73b-f73ff1233d89
[2m2026-05-01T19:35:58.028845Z[0m [32m INFO[0m [2mphantom_core::api::routes::devices[0m[2m:[0m Heartbeat from 084e39fd-5ea4-4662-b73b-f73ff1233d89
[2m2026-05-01T19:36:28.039829Z[0m [32m INFO[0m [2mphantom_core::api::routes::devices[0m[2m:[0m Heartbeat from 084e39fd-5ea4-4662-b73b-f73ff1233d89
[2m2026-05-01T19:37:09.397623Z[0m [32m INFO[0m [2mphantom_core::api::routes::devices[0m[2m:[0m Heartbeat from 084e39fd-5ea4-4662-b73b-f73ff1233d89
[2m2026-05-01T19:37:39.407828Z[0m [32m INFO[0m [2mphantom_core::api::routes::devices[0m[2m:[0m Heartbeat from 084e39fd-5ea4-4662-b73b-f73ff1233d89
[2m2026-05-01T19:38:14.191798Z[0m [32m INFO[0m [2mphantom_core::api::routes::devices[0m[2m:[0m Heartbeat from 084e39fd-5ea4-4662-b73b-f73ff1233d89
[2m2026-05-01T19:38:44.207477Z[0m [32m INFO[0m [2mphantom_core::api::routes::devices[0m[2m:[0m Heartbeat from 084e39fd-5ea4-4662-b73b-f73ff1233d89
[2m2026-05-01T19:39:22.878386Z[0m [32m INFO[0m [2mphantom_core::api::routes::devices[0m[2m:[0m Heartbeat from 084e39fd-5ea4-4662-b73b-f73ff1233d89
[2m2026-05-01T19:39:52.891507Z[0m [32m INFO[0m [2mphantom_core::api::routes::devices[0m[2m:[0m Heartbeat from 084e39fd-5ea4-4662-b73b-f73ff1233d89
[2m2026-05-01T19:40:27.671963Z[0m [32m INFO[0m [2mphantom_core::api::routes::devices[0m[2m:[0m Heartbeat from 084e39fd-5ea4-4662-b73b-f73ff1233d89
[2m2026-05-01T19:40:57.676017Z[0m [32m INFO[0m [2mphantom_core::api::routes::devices[0m[2m:[0m Heartbeat from 084e39fd-5ea4-4662-b73b-f73ff1233d89
[2m2026-05-01T19:41:51.772155Z[0m [32m INFO[0m [2mphantom_core::api::routes::devices[0m[2m:[0m Heartbeat from 084e39fd-5ea4-4662-b73b-f73ff1233d89
[2m2026-05-01T19:42:21.775761Z[0m [32m INFO[0m [2mphantom_core::api::routes::devices[0m[2m:[0m Heartbeat from 084e39fd-5ea4-4662-b73b-f73ff1233d89
[2m2026-05-01T19:42:57.995679Z[0m [32m INFO[0m [2mphantom_core::api::routes::devices[0m[2m:[0m Heartbeat from 084e39fd-5ea4-4662-b73b-f73ff1233d89
[2m2026-05-01T19:43:28.009817Z[0m [32m INFO[0m [2mphantom_core::api::routes::devices[0m[2m:[0m Heartbeat from 084e39fd-5ea4-4662-b73b-f73ff1233d89
[2m2026-05-01T19:44:03.571173Z[0m [32m INFO[0m [2mphantom_core::api::routes::devices[0m[2m:[0m Heartbeat from 084e39fd-5ea4-4662-b73b-f73ff1233d89
[2m2026-05-01T19:44:33.589477Z[0m [32m INFO[0m [2mphantom_core::api::routes::devices[0m[2m:[0m Heartbeat from 084e39fd-5ea4-4662-b73b-f73ff1233d89
[2m2026-05-01T19:45:08.035437Z[0m [32m INFO[0m [2mphantom_core::api::routes::devices[0m[2m:[0m Heartbeat from 084e39fd-5ea4-4662-b73b-f73ff1233d89
[2m2026-05-01T19:45:38.039470Z[0m [32m INFO[0m [2mphantom_core::api::routes::devices[0m[2m:[0m Heartbeat from 084e39fd-5ea4-4662-b73b-f73ff1233d89
[2m2026-05-01T19:46:15.171152Z[0m [32m INFO[0m [2mphantom_core::api::routes::devices[0m[2m:[0m Heartbeat from 084e39fd-5ea4-4662-b73b-f73ff1233d89
[2m2026-05-01T19:46:45.187678Z[0m [32m INFO[0m [2mphantom_core::api::routes::devices[0m[2m:[0m Heartbeat from 084e39fd-5ea4-4662-b73b-f73ff1233d89
[2m2026-05-01T19:47:23.203327Z[0m [32m INFO[0m [2mphantom_core::api::routes::devices[0m[2m:[0m Heartbeat from 084e39fd-5ea4-4662-b73b-f73ff1233d89
[2m2026-05-01T19:47:53.212545Z[0m [32m INFO[0m [2mphantom_core::api::routes::devices[0m[2m:[0m Heartbeat from 084e39fd-5ea4-4662-b73b-f73ff1233d89
[2m2026-05-01T19:48:30.274595Z[0m [32m INFO[0m [2mphantom_core::api::routes::devices[0m[2m:[0m Heartbeat from 084e39fd-5ea4-4662-b73b-f73ff1233d89
[2m2026-05-01T19:49:00.278313Z[0m [32m INFO[0m [2mphantom_core::api::routes::devices[0m[2m:[0m Heartbeat from 084e39fd-5ea4-4662-b73b-f73ff1233d89
[2m2026-05-01T19:50:28.024530Z[0m [32m INFO[0m [2mphantom_core::api::routes::devices[0m[2m:[0m Heartbeat from 084e39fd-5ea4-4662-b73b-f73ff1233d89
[2m2026-05-01T19:50:58.032684Z[0m [32m INFO[0m [2mphantom_core::api::routes::devices[0m[2m:[0m Heartbeat from 084e39fd-5ea4-4662-b73b-f73ff1233d89
[2m2026-05-01T19:51:34.621975Z[0m [32m INFO[0m [2mphantom_core::api::routes::devices[0m[2m:[0m Heartbeat from 084e39fd-5ea4-4662-b73b-f73ff1233d89
[2m2026-05-01T19:52:04.630936Z[0m [32m INFO[0m [2mphantom_core::api::routes::devices[0m[2m:[0m Heartbeat from 084e39fd-5ea4-4662-b73b-f73ff1233d89
[2m2026-05-01T19:52:43.938068Z[0m [32m INFO[0m [2mphantom_core::api::routes::devices[0m[2m:[0m Heartbeat from 084e39fd-5ea4-4662-b73b-f73ff1233d89
[2m2026-05-01T19:53:13.947516Z[0m [32m INFO[0m [2mphantom_core::api::routes::devices[0m[2m:[0m Heartbeat from 084e39fd-5ea4-4662-b73b-f73ff1233d89
[2m2026-05-01T19:53:51.197344Z[0m [32m INFO[0m [2mphantom_core::api::routes::devices[0m[2m:[0m Heartbeat from 084e39fd-5ea4-4662-b73b-f73ff1233d89
[2m2026-05-01T19:54:21.215711Z[0m [32m INFO[0m [2mphantom_core::api::routes::devices[0m[2m:[0m Heartbeat from 084e39fd-5ea4-4662-b73b-f73ff1233d89
[2m2026-05-01T19:55:00.872085Z[0m [32m INFO[0m [2mphantom_core::api::routes::devices[0m[2m:[0m Heartbeat from 084e39fd-5ea4-4662-b73b-f73ff1233d89
[2m2026-05-01T19:55:30.883377Z[0m [32m INFO[0m [2mphantom_core::api::routes::devices[0m[2m:[0m Heartbeat from 084e39fd-5ea4-4662-b73b-f73ff1233d89
[2m2026-05-01T19:56:08.544052Z[0m [32m INFO[0m [2mphantom_core::api::routes::devices[0m[2m:[0m Heartbeat from 084e39fd-5ea4-4662-b73b-f73ff1233d89
[2m2026-05-01T19:56:38.552176Z[0m [32m INFO[0m [2mphantom_core::api::routes::devices[0m[2m:[0m Heartbeat from 084e39fd-5ea4-4662-b73b-f73ff1233d89
[2m2026-05-01T19:57:15.213009Z[0m [32m INFO[0m [2mphantom_core::api::routes::devices[0m[2m:[0m Heartbeat from 084e39fd-5ea4-4662-b73b-f73ff1233d89
[2m2026-05-01T19:57:45.217924Z[0m [32m INFO[0m [2mphantom_core::api::routes::devices[0m[2m:[0m Heartbeat from 084e39fd-5ea4-4662-b73b-f73ff1233d89
[2m2026-05-01T19:58:19.727766Z[0m [32m INFO[0m [2mphantom_core::api::routes::devices[0m[2m:[0m Heartbeat from 084e39fd-5ea4-4662-b73b-f73ff1233d89
[2m2026-05-01T19:58:49.734577Z[0m [32m INFO[0m [2mphantom_core::api::routes::devices[0m[2m:[0m Heartbeat from 084e39fd-5ea4-4662-b73b-f73ff1233d89
[2m2026-05-01T19:59:23.818876Z[0m [32m INFO[0m [2mphantom_core::api::routes::devices[0m[2m:[0m Heartbeat from 084e39fd-5ea4-4662-b73b-f73ff1233d89
[2m2026-05-01T19:59:53.834853Z[0m [32m INFO[0m [2mphantom_core::api::routes::devices[0m[2m:[0m Heartbeat from 084e39fd-5ea4-4662-b73b-f73ff1233d89
[2m2026-05-01T20:00:29.481433Z[0m [32m INFO[0m [2mphantom_core::api::routes::devices[0m[2m:[0m Heartbeat from 084e39fd-5ea4-4662-b73b-f73ff1233d89
[2m2026-05-01T20:00:59.485370Z[0m [32m INFO[0m [2mphantom_core::api::routes::devices[0m[2m:[0m Heartbeat from 084e39fd-5ea4-4662-b73b-f73ff1233d89
[2m2026-05-01T20:01:59.745192Z[0m [32m INFO[0m [2mphantom_core::api::routes::devices[0m[2m:[0m Heartbeat from 084e39fd-5ea4-4662-b73b-f73ff1233d89
[2m2026-05-01T20:02:29.754112Z[0m [32m INFO[0m [2mphantom_core::api::routes::devices[0m[2m:[0m Heartbeat from 084e39fd-5ea4-4662-b73b-f73ff1233d89
[2m2026-05-01T20:03:07.664637Z[0m [32m INFO[0m [2mphantom_core::api::routes::devices[0m[2m:[0m Heartbeat from 084e39fd-5ea4-4662-b73b-f73ff1233d89
[2m2026-05-01T20:03:37.670439Z[0m [32m INFO[0m [2mphantom_core::api::routes::devices[0m[2m:[0m Heartbeat from 084e39fd-5ea4-4662-b73b-f73ff1233d89
[2m2026-05-01T20:04:15.880317Z[0m [32m INFO[0m [2mphantom_core::api::routes::devices[0m[2m:[0m Heartbeat from 084e39fd-5ea4-4662-b73b-f73ff1233d89
[2m2026-05-01T20:04:45.886957Z[0m [32m INFO[0m [2mphantom_core::api::routes::devices[0m[2m:[0m Heartbeat from 084e39fd-5ea4-4662-b73b-f73ff1233d89
[2m2026-05-01T20:05:23.601824Z[0m [32m INFO[0m [2mphantom_core::api::routes::devices[0m[2m:[0m Heartbeat from 084e39fd-5ea4-4662-b73b-f73ff1233d89
[2m2026-05-01T20:05:53.618375Z[0m [32m INFO[0m [2mphantom_core::api::routes::devices[0m[2m:[0m Heartbeat from 084e39fd-5ea4-4662-b73b-f73ff1233d89
[2m2026-05-01T20:06:30.815197Z[0m [32m INFO[0m [2mphantom_core::api::routes::devices[0m[2m:[0m Heartbeat from 084e39fd-5ea4-4662-b73b-f73ff1233d89
[2m2026-05-01T20:07:00.820953Z[0m [32m INFO[0m [2mphantom_core::api::routes::devices[0m[2m:[0m Heartbeat from 084e39fd-5ea4-4662-b73b-f73ff1233d89
[2m2026-05-01T20:07:35.181996Z[0m [32m INFO[0m [2mphantom_core::api::routes::devices[0m[2m:[0m Heartbeat from 084e39fd-5ea4-4662-b73b-f73ff1233d89
[2m2026-05-01T20:08:05.187799Z[0m [32m INFO[0m [2mphantom_core::api::routes::devices[0m[2m:[0m Heartbeat from 084e39fd-5ea4-4662-b73b-f73ff1233d89
[2m2026-05-01T20:08:52.630384Z[0m [32m INFO[0m [2mphantom_core::api::routes::devices[0m[2m:[0m Heartbeat from 084e39fd-5ea4-4662-b73b-f73ff1233d89
[2m2026-05-01T20:09:22.638735Z[0m [32m INFO[0m [2mphantom_core::api::routes::devices[0m[2m:[0m Heartbeat from 084e39fd-5ea4-4662-b73b-f73ff1233d89
[2m2026-05-01T20:09:56.997981Z[0m [32m INFO[0m [2mphantom_core::api::routes::devices[0m[2m:[0m Heartbeat from 084e39fd-5ea4-4662-b73b-f73ff1233d89
[2m2026-05-01T20:10:27.008915Z[0m [32m INFO[0m [2mphantom_core::api::routes::devices[0m[2m:[0m Heartbeat from 084e39fd-5ea4-4662-b73b-f73ff1233d89
[2m2026-05-01T20:11:42.178414Z[0m [32m INFO[0m [2mphantom_core::api::routes::devices[0m[2m:[0m Heartbeat from 084e39fd-5ea4-4662-b73b-f73ff1233d89
[2m2026-05-01T20:12:12.188161Z[0m [32m INFO[0m [2mphantom_core::api::routes::devices[0m[2m:[0m Heartbeat from 084e39fd-5ea4-4662-b73b-f73ff1233d89
[2m2026-05-01T20:12:49.425732Z[0m [32m INFO[0m [2mphantom_core::api::routes::devices[0m[2m:[0m Heartbeat from 084e39fd-5ea4-4662-b73b-f73ff1233d89
[2m2026-05-01T20:13:19.430108Z[0m [32m INFO[0m [2mphantom_core::api::routes::devices[0m[2m:[0m Heartbeat from 084e39fd-5ea4-4662-b73b-f73ff1233d89
[2m2026-05-01T20:13:54.063872Z[0m [32m INFO[0m [2mphantom_core::api::routes::devices[0m[2m:[0m Heartbeat from 084e39fd-5ea4-4662-b73b-f73ff1233d89
[2m2026-05-01T20:14:24.073286Z[0m [32m INFO[0m [2mphantom_core::api::routes::devices[0m[2m:[0m Heartbeat from 084e39fd-5ea4-4662-b73b-f73ff1233d89
[2m2026-05-01T20:14:58.552511Z[0m [32m INFO[0m [2mphantom_core::api::routes::devices[0m[2m:[0m Heartbeat from 084e39fd-5ea4-4662-b73b-f73ff1233d89
[2m2026-05-01T20:15:28.559683Z[0m [32m INFO[0m [2mphantom_core::api::routes::devices[0m[2m:[0m Heartbeat from 084e39fd-5ea4-4662-b73b-f73ff1233d89
[2m2026-05-01T20:16:02.941152Z[0m [32m INFO[0m [2mphantom_core::api::routes::devices[0m[2m:[0m Heartbeat from 084e39fd-5ea4-4662-b73b-f73ff1233d89
[2m2026-05-01T20:16:32.967945Z[0m [32m INFO[0m [2mphantom_core::api::routes::devices[0m[2m:[0m Heartbeat from 084e39fd-5ea4-4662-b73b-f73ff1233d89
[2m2026-05-01T20:17:10.160961Z[0m [32m INFO[0m [2mphantom_core::api::routes::devices[0m[2m:[0m Heartbeat from 084e39fd-5ea4-4662-b73b-f73ff1233d89
[2m2026-05-01T20:17:40.176589Z[0m [32m INFO[0m [2mphantom_core::api::routes::devices[0m[2m:[0m Heartbeat from 084e39fd-5ea4-4662-b73b-f73ff1233d89
[2m2026-05-01T20:18:15.227754Z[0m [32m INFO[0m [2mphantom_core::api::routes::devices[0m[2m:[0m Heartbeat from 084e39fd-5ea4-4662-b73b-f73ff1233d89
[2m2026-05-01T20:18:45.241793Z[0m [32m INFO[0m [2mphantom_core::api::routes::devices[0m[2m:[0m Heartbeat from 084e39fd-5ea4-4662-b73b-f73ff1233d89
[2m2026-05-01T20:19:20.002671Z[0m [32m INFO[0m [2mphantom_core::api::routes::devices[0m[2m:[0m Heartbeat from 084e39fd-5ea4-4662-b73b-f73ff1233d89
[2m2026-05-01T20:19:50.009954Z[0m [32m INFO[0m [2mphantom_core::api::routes::devices[0m[2m:[0m Heartbeat from 084e39fd-5ea4-4662-b73b-f73ff1233d89
[2m2026-05-01T20:20:30.063083Z[0m [32m INFO[0m [2mphantom_core::api::routes::devices[0m[2m:[0m Heartbeat from 084e39fd-5ea4-4662-b73b-f73ff1233d89
[2m2026-05-01T20:21:00.077508Z[0m [32m INFO[0m [2mphantom_core::api::routes::devices[0m[2m:[0m Heartbeat from 084e39fd-5ea4-4662-b73b-f73ff1233d89
[2m2026-05-01T20:21:37.424095Z[0m [32m INFO[0m [2mphantom_core::api::routes::devices[0m[2m:[0m Heartbeat from 084e39fd-5ea4-4662-b73b-f73ff1233d89
[2m2026-05-01T20:22:07.427643Z[0m [32m INFO[0m [2mphantom_core::api::routes::devices[0m[2m:[0m Heartbeat from 084e39fd-5ea4-4662-b73b-f73ff1233d89
[2m2026-05-01T20:22:45.207411Z[0m [32m INFO[0m [2mphantom_core::api::routes::devices[0m[2m:[0m Heartbeat from 084e39fd-5ea4-4662-b73b-f73ff1233d89
[2m2026-05-01T20:23:15.213297Z[0m [32m INFO[0m [2mphantom_core::api::routes::devices[0m[2m:[0m Heartbeat from 084e39fd-5ea4-4662-b73b-f73ff1233d89
[2m2026-05-01T20:23:51.790496Z[0m [32m INFO[0m [2mphantom_core::api::routes::devices[0m[2m:[0m Heartbeat from 084e39fd-5ea4-4662-b73b-f73ff1233d89
[2m2026-05-01T20:24:21.796783Z[0m [32m INFO[0m [2mphantom_core::api::routes::devices[0m[2m:[0m Heartbeat from 084e39fd-5ea4-4662-b73b-f73ff1233d89
[2m2026-05-01T20:24:56.767333Z[0m [32m INFO[0m [2mphantom_core::api::routes::devices[0m[2m:[0m Heartbeat from 084e39fd-5ea4-4662-b73b-f73ff1233d89
[2m2026-05-01T20:25:26.778231Z[0m [32m INFO[0m [2mphantom_core::api::routes::devices[0m[2m:[0m Heartbeat from 084e39fd-5ea4-4662-b73b-f73ff1233d89
[2m2026-05-01T20:26:01.792122Z[0m [32m INFO[0m [2mphantom_core::api::routes::devices[0m[2m:[0m Heartbeat from 084e39fd-5ea4-4662-b73b-f73ff1233d89
[2m2026-05-01T20:26:31.796572Z[0m [32m INFO[0m [2mphantom_core::api::routes::devices[0m[2m:[0m Heartbeat from 084e39fd-5ea4-4662-b73b-f73ff1233d89
[2m2026-05-01T20:27:07.390416Z[0m [32m INFO[0m [2mphantom_core::api::routes::devices[0m[2m:[0m Heartbeat from 084e39fd-5ea4-4662-b73b-f73ff1233d89
[2m2026-05-01T20:27:37.395341Z[0m [32m INFO[0m [2mphantom_core::api::routes::devices[0m[2m:[0m Heartbeat from 084e39fd-5ea4-4662-b73b-f73ff1233d89
[2m2026-05-01T20:28:14.809824Z[0m [32m INFO[0m [2mphantom_core::api::routes::devices[0m[2m:[0m Heartbeat from 084e39fd-5ea4-4662-b73b-f73ff1233d89
[2m2026-05-01T20:28:44.813028Z[0m [32m INFO[0m [2mphantom_core::api::routes::devices[0m[2m:[0m Heartbeat from 084e39fd-5ea4-4662-b73b-f73ff1233d89
[2m2026-05-01T20:29:18.709510Z[0m [32m INFO[0m [2mphantom_core::api::routes::devices[0m[2m:[0m Heartbeat from 084e39fd-5ea4-4662-b73b-f73ff1233d89
[2m2026-05-01T20:29:48.713501Z[0m [32m INFO[0m [2mphantom_core::api::routes::devices[0m[2m:[0m Heartbeat from 084e39fd-5ea4-4662-b73b-f73ff1233d89
[2m2026-05-01T20:30:24.597516Z[0m [32m INFO[0m [2mphantom_core::api::routes::devices[0m[2m:[0m Heartbeat from 084e39fd-5ea4-4662-b73b-f73ff1233d89
[2m2026-05-01T20:30:54.613035Z[0m [32m INFO[0m [2mphantom_core::api::routes::devices[0m[2m:[0m Heartbeat from 084e39fd-5ea4-4662-b73b-f73ff1233d89
[2m2026-05-01T20:31:30.599871Z[0m [32m INFO[0m [2mphantom_core::api::routes::devices[0m[2m:[0m Heartbeat from 084e39fd-5ea4-4662-b73b-f73ff1233d89
[2m2026-05-01T20:32:00.613034Z[0m [32m INFO[0m [2mphantom_core::api::routes::devices[0m[2m:[0m Heartbeat from 084e39fd-5ea4-4662-b73b-f73ff1233d89
[2m2026-05-01T20:32:39.708042Z[0m [32m INFO[0m [2mphantom_core::api::routes::devices[0m[2m:[0m Heartbeat from 084e39fd-5ea4-4662-b73b-f73ff1233d89
[2m2026-05-01T20:33:09.719748Z[0m [32m INFO[0m [2mphantom_core::api::routes::devices[0m[2m:[0m Heartbeat from 084e39fd-5ea4-4662-b73b-f73ff1233d89
[2m2026-05-01T20:34:12.283423Z[0m [32m INFO[0m [2mphantom_core::api::routes::devices[0m[2m:[0m Heartbeat from 084e39fd-5ea4-4662-b73b-f73ff1233d89
[2m2026-05-01T20:34:42.291629Z[0m [32m INFO[0m [2mphantom_core::api::routes::devices[0m[2m:[0m Heartbeat from 084e39fd-5ea4-4662-b73b-f73ff1233d89
[2m2026-05-01T20:35:19.299719Z[0m [32m INFO[0m [2mphantom_core::api::routes::devices[0m[2m:[0m Heartbeat from 084e39fd-5ea4-4662-b73b-f73ff1233d89
[2m2026-05-01T20:35:49.317384Z[0m [32m INFO[0m [2mphantom_core::api::routes::devices[0m[2m:[0m Heartbeat from 084e39fd-5ea4-4662-b73b-f73ff1233d89
[2m2026-05-01T20:36:33.485903Z[0m [32m INFO[0m [2mphantom_core::api::routes::devices[0m[2m:[0m Heartbeat from 084e39fd-5ea4-4662-b73b-f73ff1233d89
[2m2026-05-01T20:37:03.492486Z[0m [32m INFO[0m [2mphantom_core::api::routes::devices[0m[2m:[0m Heartbeat from 084e39fd-5ea4-4662-b73b-f73ff1233d89
[2m2026-05-01T20:37:38.862312Z[0m [32m INFO[0m [2mphantom_core::api::routes::devices[0m[2m:[0m Heartbeat from 084e39fd-5ea4-4662-b73b-f73ff1233d89
[2m2026-05-01T20:38:08.868897Z[0m [32m INFO[0m [2mphantom_core::api::routes::devices[0m[2m:[0m Heartbeat from 084e39fd-5ea4-4662-b73b-f73ff1233d89
[2m2026-05-01T20:38:43.933319Z[0m [32m INFO[0m [2mphantom_core::api::routes::devices[0m[2m:[0m Heartbeat from 084e39fd-5ea4-4662-b73b-f73ff1233d89
[2m2026-05-01T20:39:13.952464Z[0m [32m INFO[0m [2mphantom_core::api::routes::devices[0m[2m:[0m Heartbeat from 084e39fd-5ea4-4662-b73b-f73ff1233d89
[2m2026-05-01T20:39:55.982922Z[0m [32m INFO[0m [2mphantom_core::api::routes::devices[0m[2m:[0m Heartbeat from 084e39fd-5ea4-4662-b73b-f73ff1233d89
[2m2026-05-01T20:40:25.985918Z[0m [32m INFO[0m [2mphantom_core::api::routes::devices[0m[2m:[0m Heartbeat from 084e39fd-5ea4-4662-b73b-f73ff1233d89
[2m2026-05-01T20:41:02.688044Z[0m [32m INFO[0m [2mphantom_core::api::routes::devices[0m[2m:[0m Heartbeat from 084e39fd-5ea4-4662-b73b-f73ff1233d89
[2m2026-05-01T20:41:32.702959Z[0m [32m INFO[0m [2mphantom_core::api::routes::devices[0m[2m:[0m Heartbeat from 084e39fd-5ea4-4662-b73b-f73ff1233d89
[2m2026-05-01T20:42:09.618456Z[0m [32m INFO[0m [2mphantom_core::api::routes::devices[0m[2m:[0m Heartbeat from 084e39fd-5ea4-4662-b73b-f73ff1233d89
[2m2026-05-01T20:42:39.635275Z[0m [32m INFO[0m [2mphantom_core::api::routes::devices[0m[2m:[0m Heartbeat from 084e39fd-5ea4-4662-b73b-f73ff1233d89
[2m2026-05-01T20:43:20.979638Z[0m [32m INFO[0m [2mphantom_core::api::routes::devices[0m[2m:[0m Heartbeat from 084e39fd-5ea4-4662-b73b-f73ff1233d89
[2m2026-05-01T20:43:50.993959Z[0m [32m INFO[0m [2mphantom_core::api::routes::devices[0m[2m:[0m Heartbeat from 084e39fd-5ea4-4662-b73b-f73ff1233d89
[2m2026-05-01T20:44:30.820725Z[0m [32m INFO[0m [2mphantom_core::api::routes::devices[0m[2m:[0m Heartbeat from 084e39fd-5ea4-4662-b73b-f73ff1233d89
[2m2026-05-01T20:45:00.828220Z[0m [32m INFO[0m [2mphantom_core::api::routes::devices[0m[2m:[0m Heartbeat from 084e39fd-5ea4-4662-b73b-f73ff1233d89
[2m2026-05-01T20:45:35.165864Z[0m [32m INFO[0m [2mphantom_core::api::routes::devices[0m[2m:[0m Heartbeat from 084e39fd-5ea4-4662-b73b-f73ff1233d89
[2m2026-05-01T20:46:05.180838Z[0m [32m INFO[0m [2mphantom_core::api::routes::devices[0m[2m:[0m Heartbeat from 084e39fd-5ea4-4662-b73b-f73ff1233d89
[2m2026-05-01T20:46:43.117695Z[0m [32m INFO[0m [2mphantom_core::api::routes::devices[0m[2m:[0m Heartbeat from 084e39fd-5ea4-4662-b73b-f73ff1233d89
[2m2026-05-01T20:47:13.130195Z[0m [32m INFO[0m [2mphantom_core::api::routes::devices[0m[2m:[0m Heartbeat from 084e39fd-5ea4-4662-b73b-f73ff1233d89
[2m2026-05-01T20:47:48.082336Z[0m [32m INFO[0m [2mphantom_core::api::routes::devices[0m[2m:[0m Heartbeat from 084e39fd-5ea4-4662-b73b-f73ff1233d89
[2m2026-05-01T20:48:18.096595Z[0m [32m INFO[0m [2mphantom_core::api::routes::devices[0m[2m:[0m Heartbeat from 084e39fd-5ea4-4662-b73b-f73ff1233d89
[2m2026-05-01T20:48:52.714599Z[0m [32m INFO[0m [2mphantom_core::api::routes::devices[0m[2m:[0m Heartbeat from 084e39fd-5ea4-4662-b73b-f73ff1233d89
[2m2026-05-01T20:49:22.727420Z[0m [32m INFO[0m [2mphantom_core::api::routes::devices[0m[2m:[0m Heartbeat from 084e39fd-5ea4-4662-b73b-f73ff1233d89
[2m2026-05-01T20:49:57.163389Z[0m [32m INFO[0m [2mphantom_core::api::routes::devices[0m[2m:[0m Heartbeat from 084e39fd-5ea4-4662-b73b-f73ff1233d89
[2m2026-05-01T20:50:27.171122Z[0m [32m INFO[0m [2mphantom_core::api::routes::devices[0m[2m:[0m Heartbeat from 084e39fd-5ea4-4662-b73b-f73ff1233d89
[2m2026-05-01T20:51:01.445075Z[0m [32m INFO[0m [2mphantom_core::api::routes::devices[0m[2m:[0m Heartbeat from 084e39fd-5ea4-4662-b73b-f73ff1233d89
[2m2026-05-01T20:51:31.446855Z[0m [32m INFO[0m [2mphantom_core::api::routes::devices[0m[2m:[0m Heartbeat from 084e39fd-5ea4-4662-b73b-f73ff1233d89
[2m2026-05-01T20:52:10.192985Z[0m [32m INFO[0m [2mphantom_core::api::routes::devices[0m[2m:[0m Heartbeat from 084e39fd-5ea4-4662-b73b-f73ff1233d89
[2m2026-05-01T20:52:40.200961Z[0m [32m INFO[0m [2mphantom_core::api::routes::devices[0m[2m:[0m Heartbeat from 084e39fd-5ea4-4662-b73b-f73ff1233d89
[2m2026-05-01T20:53:17.153897Z[0m [32m INFO[0m [2mphantom_core::api::routes::devices[0m[2m:[0m Heartbeat from 084e39fd-5ea4-4662-b73b-f73ff1233d89
[2m2026-05-01T20:53:47.171041Z[0m [32m INFO[0m [2mphantom_core::api::routes::devices[0m[2m:[0m Heartbeat from 084e39fd-5ea4-4662-b73b-f73ff1233d89
[2m2026-05-01T20:54:27.523882Z[0m [32m INFO[0m [2mphantom_core::api::routes::devices[0m[2m:[0m Heartbeat from 084e39fd-5ea4-4662-b73b-f73ff1233d89
[2m2026-05-01T20:54:57.531188Z[0m [32m INFO[0m [2mphantom_core::api::routes::devices[0m[2m:[0m Heartbeat from 084e39fd-5ea4-4662-b73b-f73ff1233d89
[2m2026-05-01T20:55:32.770477Z[0m [32m INFO[0m [2mphantom_core::api::routes::devices[0m[2m:[0m Heartbeat from 084e39fd-5ea4-4662-b73b-f73ff1233d89
[2m2026-05-01T20:56:02.774446Z[0m [32m INFO[0m [2mphantom_core::api::routes::devices[0m[2m:[0m Heartbeat from 084e39fd-5ea4-4662-b73b-f73ff1233d89
[2m2026-05-01T20:56:37.879799Z[0m [32m INFO[0m [2mphantom_core::api::routes::devices[0m[2m:[0m Heartbeat from 084e39fd-5ea4-4662-b73b-f73ff1233d89
[2m2026-05-01T20:57:07.885727Z[0m [32m INFO[0m [2mphantom_core::api::routes::devices[0m[2m:[0m Heartbeat from 084e39fd-5ea4-4662-b73b-f73ff1233d89
[2m2026-05-01T20:57:45.994643Z[0m [32m INFO[0m [2mphantom_core::api::routes::devices[0m[2m:[0m Heartbeat from 084e39fd-5ea4-4662-b73b-f73ff1233d89
[2m2026-05-01T20:58:16.008561Z[0m [32m INFO[0m [2mphantom_core::api::routes::devices[0m[2m:[0m Heartbeat from 084e39fd-5ea4-4662-b73b-f73ff1233d89
[2m2026-05-01T20:58:53.090591Z[0m [32m INFO[0m [2mphantom_core::api::routes::devices[0m[2m:[0m Heartbeat from 084e39fd-5ea4-4662-b73b-f73ff1233d89
[2m2026-05-01T20:59:23.099748Z[0m [32m INFO[0m [2mphantom_core::api::routes::devices[0m[2m:[0m Heartbeat from 084e39fd-5ea4-4662-b73b-f73ff1233d89
[2m2026-05-01T21:00:02.499063Z[0m [32m INFO[0m [2mphantom_core::api::routes::devices[0m[2m:[0m Heartbeat from 084e39fd-5ea4-4662-b73b-f73ff1233d89
[2m2026-05-01T21:00:32.512540Z[0m [32m INFO[0m [2mphantom_core::api::routes::devices[0m[2m:[0m Heartbeat from 084e39fd-5ea4-4662-b73b-f73ff1233d89
[2m2026-05-01T21:01:07.820188Z[0m [32m INFO[0m [2mphantom_core::api::routes::devices[0m[2m:[0m Heartbeat from 084e39fd-5ea4-4662-b73b-f73ff1233d89
[2m2026-05-01T21:01:37.827234Z[0m [32m INFO[0m [2mphantom_core::api::routes::devices[0m[2m:[0m Heartbeat from 084e39fd-5ea4-4662-b73b-f73ff1233d89
[2m2026-05-01T21:02:15.736616Z[0m [32m INFO[0m [2mphantom_core::api::routes::devices[0m[2m:[0m Heartbeat from 084e39fd-5ea4-4662-b73b-f73ff1233d89
[2m2026-05-01T21:02:45.753764Z[0m [32m INFO[0m [2mphantom_core::api::routes::devices[0m[2m:[0m Heartbeat from 084e39fd-5ea4-4662-b73b-f73ff1233d89
[2m2026-05-01T21:03:20.971416Z[0m [32m INFO[0m [2mphantom_core::api::routes::devices[0m[2m:[0m Heartbeat from 084e39fd-5ea4-4662-b73b-f73ff1233d89
[2m2026-05-01T21:03:50.976417Z[0m [32m INFO[0m [2mphantom_core::api::routes::devices[0m[2m:[0m Heartbeat from 084e39fd-5ea4-4662-b73b-f73ff1233d89
[2m2026-05-01T21:04:26.438479Z[0m [32m INFO[0m [2mphantom_core::api::routes::devices[0m[2m:[0m Heartbeat from 084e39fd-5ea4-4662-b73b-f73ff1233d89
[2m2026-05-01T21:04:56.455777Z[0m [32m INFO[0m [2mphantom_core::api::routes::devices[0m[2m:[0m Heartbeat from 084e39fd-5ea4-4662-b73b-f73ff1233d89
[2m2026-05-01T21:05:31.720524Z[0m [32m INFO[0m [2mphantom_core::api::routes::devices[0m[2m:[0m Heartbeat from 084e39fd-5ea4-4662-b73b-f73ff1233d89
[2m2026-05-01T21:06:01.736401Z[0m [32m INFO[0m [2mphantom_core::api::routes::devices[0m[2m:[0m Heartbeat from 084e39fd-5ea4-4662-b73b-f73ff1233d89
[2m2026-05-01T21:06:39.578747Z[0m [32m INFO[0m [2mphantom_core::api::routes::devices[0m[2m:[0m Heartbeat from 084e39fd-5ea4-4662-b73b-f73ff1233d89
[2m2026-05-01T21:07:09.584956Z[0m [32m INFO[0m [2mphantom_core::api::routes::devices[0m[2m:[0m Heartbeat from 084e39fd-5ea4-4662-b73b-f73ff1233d89
[2m2026-05-01T21:07:44.867922Z[0m [32m INFO[0m [2mphantom_core::api::routes::devices[0m[2m:[0m Heartbeat from 084e39fd-5ea4-4662-b73b-f73ff1233d89
[2m2026-05-01T21:08:14.876101Z[0m [32m INFO[0m [2mphantom_core::api::routes::devices[0m[2m:[0m Heartbeat from 084e39fd-5ea4-4662-b73b-f73ff1233d89
[2m2026-05-01T21:08:51.558950Z[0m [32m INFO[0m [2mphantom_core::api::routes::devices[0m[2m:[0m Heartbeat from 084e39fd-5ea4-4662-b73b-f73ff1233d89
[2m2026-05-01T21:09:21.574508Z[0m [32m INFO[0m [2mphantom_core::api::routes::devices[0m[2m:[0m Heartbeat from 084e39fd-5ea4-4662-b73b-f73ff1233d89
[2m2026-05-01T21:09:59.699872Z[0m [32m INFO[0m [2mphantom_core::api::routes::devices[0m[2m:[0m Heartbeat from 084e39fd-5ea4-4662-b73b-f73ff1233d89
[2m2026-05-01T21:10:29.714172Z[0m [32m INFO[0m [2mphantom_core::api::routes::devices[0m[2m:[0m Heartbeat from 084e39fd-5ea4-4662-b73b-f73ff1233d89
[2m2026-05-01T21:11:06.836876Z[0m [32m INFO[0m [2mphantom_core::api::routes::devices[0m[2m:[0m Heartbeat from 084e39fd-5ea4-4662-b73b-f73ff1233d89
[2m2026-05-01T21:11:36.843411Z[0m [32m INFO[0m [2mphantom_core::api::routes::devices[0m[2m:[0m Heartbeat from 084e39fd-5ea4-4662-b73b-f73ff1233d89
[2m2026-05-01T21:12:11.565297Z[0m [32m INFO[0m [2mphantom_core::api::routes::devices[0m[2m:[0m Heartbeat from 084e39fd-5ea4-4662-b73b-f73ff1233d89
[2m2026-05-01T21:12:41.573883Z[0m [32m INFO[0m [2mphantom_core::api::routes::devices[0m[2m:[0m Heartbeat from 084e39fd-5ea4-4662-b73b-f73ff1233d89
[2m2026-05-01T21:13:16.202053Z[0m [32m INFO[0m [2mphantom_core::api::routes::devices[0m[2m:[0m Heartbeat from 084e39fd-5ea4-4662-b73b-f73ff1233d89
[2m2026-05-01T21:13:46.219640Z[0m [32m INFO[0m [2mphantom_core::api::routes::devices[0m[2m:[0m Heartbeat from 084e39fd-5ea4-4662-b73b-f73ff1233d89
[2m2026-05-01T21:14:22.288011Z[0m [32m INFO[0m [2mphantom_core::api::routes::devices[0m[2m:[0m Heartbeat from 084e39fd-5ea4-4662-b73b-f73ff1233d89
[2m2026-05-01T21:14:52.304469Z[0m [32m INFO[0m [2mphantom_core::api::routes::devices[0m[2m:[0m Heartbeat from 084e39fd-5ea4-4662-b73b-f73ff1233d89
[2m2026-05-01T21:15:31.226873Z[0m [32m INFO[0m [2mphantom_core::api::routes::devices[0m[2m:[0m Heartbeat from 084e39fd-5ea4-4662-b73b-f73ff1233d89
[2m2026-05-01T21:16:01.237358Z[0m [32m INFO[0m [2mphantom_core::api::routes::devices[0m[2m:[0m Heartbeat from 084e39fd-5ea4-4662-b73b-f73ff1233d89
[2m2026-05-01T21:16:37.638973Z[0m [32m INFO[0m [2mphantom_core::api::routes::devices[0m[2m:[0m Heartbeat from 084e39fd-5ea4-4662-b73b-f73ff1233d89
[2m2026-05-01T21:17:07.646193Z[0m [32m INFO[0m [2mphantom_core::api::routes::devices[0m[2m:[0m Heartbeat from 084e39fd-5ea4-4662-b73b-f73ff1233d89
[2m2026-05-01T21:17:43.130820Z[0m [32m INFO[0m [2mphantom_core::api::routes::devices[0m[2m:[0m Heartbeat from 084e39fd-5ea4-4662-b73b-f73ff1233d89
[2m2026-05-01T21:18:13.137254Z[0m [32m INFO[0m [2mphantom_core::api::routes::devices[0m[2m:[0m Heartbeat from 084e39fd-5ea4-4662-b73b-f73ff1233d89
[2m2026-05-01T21:18:48.450482Z[0m [32m INFO[0m [2mphantom_core::api::routes::devices[0m[2m:[0m Heartbeat from 084e39fd-5ea4-4662-b73b-f73ff1233d89
[2m2026-05-01T21:19:18.463508Z[0m [32m INFO[0m [2mphantom_core::api::routes::devices[0m[2m:[0m Heartbeat from 084e39fd-5ea4-4662-b73b-f73ff1233d89
[2m2026-05-01T21:19:53.579258Z[0m [32m INFO[0m [2mphantom_core::api::routes::devices[0m[2m:[0m Heartbeat from 084e39fd-5ea4-4662-b73b-f73ff1233d89
[2m2026-05-01T21:20:23.591117Z[0m [32m INFO[0m [2mphantom_core::api::routes::devices[0m[2m:[0m Heartbeat from 084e39fd-5ea4-4662-b73b-f73ff1233d89
[2m2026-05-01T21:21:02.037810Z[0m [32m INFO[0m [2mphantom_core::api::routes::devices[0m[2m:[0m Heartbeat from 084e39fd-5ea4-4662-b73b-f73ff1233d89
[2m2026-05-01T21:21:32.045000Z[0m [32m INFO[0m [2mphantom_core::api::routes::devices[0m[2m:[0m Heartbeat from 084e39fd-5ea4-4662-b73b-f73ff1233d89
[2m2026-05-01T21:22:23.229543Z[0m [32m INFO[0m [2mphantom_core::api::routes::devices[0m[2m:[0m Heartbeat from 084e39fd-5ea4-4662-b73b-f73ff1233d89
[2m2026-05-01T21:22:53.234851Z[0m [32m INFO[0m [2mphantom_core::api::routes::devices[0m[2m:[0m Heartbeat from 084e39fd-5ea4-4662-b73b-f73ff1233d89
[2m2026-05-01T21:23:31.109196Z[0m [32m INFO[0m [2mphantom_core::api::routes::devices[0m[2m:[0m Heartbeat from 084e39fd-5ea4-4662-b73b-f73ff1233d89
[2m2026-05-01T21:24:01.117398Z[0m [32m INFO[0m [2mphantom_core::api::routes::devices[0m[2m:[0m Heartbeat from 084e39fd-5ea4-4662-b73b-f73ff1233d89
[2m2026-05-01T21:24:40.876597Z[0m [32m INFO[0m [2mphantom_core::api::routes::devices[0m[2m:[0m Heartbeat from 084e39fd-5ea4-4662-b73b-f73ff1233d89
[2m2026-05-01T21:25:10.885254Z[0m [32m INFO[0m [2mphantom_core::api::routes::devices[0m[2m:[0m Heartbeat from 084e39fd-5ea4-4662-b73b-f73ff1233d89
[2m2026-05-01T21:25:45.793674Z[0m [32m INFO[0m [2mphantom_core::api::routes::devices[0m[2m:[0m Heartbeat from 084e39fd-5ea4-4662-b73b-f73ff1233d89
[2m2026-05-01T21:26:15.805536Z[0m [32m INFO[0m [2mphantom_core::api::routes::devices[0m[2m:[0m Heartbeat from 084e39fd-5ea4-4662-b73b-f73ff1233d89
[2m2026-05-01T21:26:58.506346Z[0m [32m INFO[0m [2mphantom_core::api::routes::devices[0m[2m:[0m Heartbeat from 084e39fd-5ea4-4662-b73b-f73ff1233d89
[2m2026-05-01T21:27:28.516205Z[0m [32m INFO[0m [2mphantom_core::api::routes::devices[0m[2m:[0m Heartbeat from 084e39fd-5ea4-4662-b73b-f73ff1233d89
[2m2026-05-01T21:28:03.377417Z[0m [32m INFO[0m [2mphantom_core::api::routes::devices[0m[2m:[0m Heartbeat from 084e39fd-5ea4-4662-b73b-f73ff1233d89
[2m2026-05-01T21:28:33.380935Z[0m [32m INFO[0m [2mphantom_core::api::routes::devices[0m[2m:[0m Heartbeat from 084e39fd-5ea4-4662-b73b-f73ff1233d89
[2m2026-05-01T21:29:09.723123Z[0m [32m INFO[0m [2mphantom_core::api::routes::devices[0m[2m:[0m Heartbeat from 084e39fd-5ea4-4662-b73b-f73ff1233d89
[2m2026-05-01T21:29:39.739188Z[0m [32m INFO[0m [2mphantom_core::api::routes::devices[0m[2m:[0m Heartbeat from 084e39fd-5ea4-4662-b73b-f73ff1233d89
[2m2026-05-01T21:30:23.509603Z[0m [32m INFO[0m [2mphantom_core::api::routes::devices[0m[2m:[0m Heartbeat from 084e39fd-5ea4-4662-b73b-f73ff1233d89
[2m2026-05-01T21:30:53.513708Z[0m [32m INFO[0m [2mphantom_core::api::routes::devices[0m[2m:[0m Heartbeat from 084e39fd-5ea4-4662-b73b-f73ff1233d89
[2m2026-05-01T21:32:26.704868Z[0m [32m INFO[0m [2mphantom_core::api::routes::devices[0m[2m:[0m Heartbeat from 084e39fd-5ea4-4662-b73b-f73ff1233d89
[2m2026-05-01T21:32:56.713332Z[0m [32m INFO[0m [2mphantom_core::api::routes::devices[0m[2m:[0m Heartbeat from 084e39fd-5ea4-4662-b73b-f73ff1233d89
[2m2026-05-01T21:33:35.541709Z[0m [32m INFO[0m [2mphantom_core::api::routes::devices[0m[2m:[0m Heartbeat from 084e39fd-5ea4-4662-b73b-f73ff1233d89
[2m2026-05-01T21:34:05.547665Z[0m [32m INFO[0m [2mphantom_core::api::routes::devices[0m[2m:[0m Heartbeat from 084e39fd-5ea4-4662-b73b-f73ff1233d89
[2m2026-05-01T21:34:58.226668Z[0m [32m INFO[0m [2mphantom_core::api::routes::devices[0m[2m:[0m Heartbeat from 084e39fd-5ea4-4662-b73b-f73ff1233d89
[2m2026-05-01T21:35:28.239761Z[0m [32m INFO[0m [2mphantom_core::api::routes::devices[0m[2m:[0m Heartbeat from 084e39fd-5ea4-4662-b73b-f73ff1233d89
[2m2026-05-01T21:36:06.198589Z[0m [32m INFO[0m [2mphantom_core::api::routes::devices[0m[2m:[0m Heartbeat from 084e39fd-5ea4-4662-b73b-f73ff1233d89
[2m2026-05-01T21:36:36.213912Z[0m [32m INFO[0m [2mphantom_core::api::routes::devices[0m[2m:[0m Heartbeat from 084e39fd-5ea4-4662-b73b-f73ff1233d89
[2m2026-05-01T21:37:13.337221Z[0m [32m INFO[0m [2mphantom_core::api::routes::devices[0m[2m:[0m Heartbeat from 084e39fd-5ea4-4662-b73b-f73ff1233d89
[2m2026-05-01T21:37:43.340223Z[0m [32m INFO[0m [2mphantom_core::api::routes::devices[0m[2m:[0m Heartbeat from 084e39fd-5ea4-4662-b73b-f73ff1233d89
[2m2026-05-01T21:38:18.226166Z[0m [32m INFO[0m [2mphantom_core::api::routes::devices[0m[2m:[0m Heartbeat from 084e39fd-5ea4-4662-b73b-f73ff1233d89
[2m2026-05-01T21:38:48.230281Z[0m [32m INFO[0m [2mphantom_core::api::routes::devices[0m[2m:[0m Heartbeat from 084e39fd-5ea4-4662-b73b-f73ff1233d89
[2m2026-05-01T21:39:27.475495Z[0m [32m INFO[0m [2mphantom_core::api::routes::devices[0m[2m:[0m Heartbeat from 084e39fd-5ea4-4662-b73b-f73ff1233d89
[2m2026-05-01T21:39:57.484283Z[0m [32m INFO[0m [2mphantom_core::api::routes::devices[0m[2m:[0m Heartbeat from 084e39fd-5ea4-4662-b73b-f73ff1233d89
[2m2026-05-01T21:40:42.291007Z[0m [32m INFO[0m [2mphantom_core::api::routes::devices[0m[2m:[0m Heartbeat from 084e39fd-5ea4-4662-b73b-f73ff1233d89
[2m2026-05-01T21:41:12.307629Z[0m [32m INFO[0m [2mphantom_core::api::routes::devices[0m[2m:[0m Heartbeat from 084e39fd-5ea4-4662-b73b-f73ff1233d89
[2m2026-05-01T21:41:49.659038Z[0m [32m INFO[0m [2mphantom_core::api::routes::devices[0m[2m:[0m Heartbeat from 084e39fd-5ea4-4662-b73b-f73ff1233d89
[2m2026-05-01T21:42:19.678086Z[0m [32m INFO[0m [2mphantom_core::api::routes::devices[0m[2m:[0m Heartbeat from 084e39fd-5ea4-4662-b73b-f73ff1233d89
[2m2026-05-01T21:42:54.756490Z[0m [32m INFO[0m [2mphantom_core::api::routes::devices[0m[2m:[0m Heartbeat from 084e39fd-5ea4-4662-b73b-f73ff1233d89
[2m2026-05-01T21:43:24.759404Z[0m [32m INFO[0m [2mphantom_core::api::routes::devices[0m[2m:[0m Heartbeat from 084e39fd-5ea4-4662-b73b-f73ff1233d89
[2m2026-05-01T21:44:01.007459Z[0m [32m INFO[0m [2mphantom_core::api::routes::devices[0m[2m:[0m Heartbeat from 084e39fd-5ea4-4662-b73b-f73ff1233d89
[2m2026-05-01T21:44:31.022124Z[0m [32m INFO[0m [2mphantom_core::api::routes::devices[0m[2m:[0m Heartbeat from 084e39fd-5ea4-4662-b73b-f73ff1233d89
[2m2026-05-01T21:45:44.466278Z[0m [32m INFO[0m [2mphantom_core::api::routes::devices[0m[2m:[0m Heartbeat from 084e39fd-5ea4-4662-b73b-f73ff1233d89
[2m2026-05-01T21:46:14.479978Z[0m [32m INFO[0m [2mphantom_core::api::routes::devices[0m[2m:[0m Heartbeat from 084e39fd-5ea4-4662-b73b-f73ff1233d89
[2m2026-05-01T21:47:03.250889Z[0m [32m INFO[0m [2mphantom_core::api::routes::devices[0m[2m:[0m Heartbeat from 084e39fd-5ea4-4662-b73b-f73ff1233d89
[2m2026-05-01T21:47:33.254948Z[0m [32m INFO[0m [2mphantom_core::api::routes::devices[0m[2m:[0m Heartbeat from 084e39fd-5ea4-4662-b73b-f73ff1233d89
[2m2026-05-01T21:49:00.785541Z[0m [32m INFO[0m [2mphantom_core::api::routes::devices[0m[2m:[0m Heartbeat from 084e39fd-5ea4-4662-b73b-f73ff1233d89
[2m2026-05-01T21:49:30.799229Z[0m [32m INFO[0m [2mphantom_core::api::routes::devices[0m[2m:[0m Heartbeat from 084e39fd-5ea4-4662-b73b-f73ff1233d89
[2m2026-05-01T21:50:20.356464Z[0m [32m INFO[0m [2mphantom_core::api::routes::devices[0m[2m:[0m Heartbeat from 084e39fd-5ea4-4662-b73b-f73ff1233d89
[2m2026-05-01T21:50:50.364928Z[0m [32m INFO[0m [2mphantom_core::api::routes::devices[0m[2m:[0m Heartbeat from 084e39fd-5ea4-4662-b73b-f73ff1233d89
[2m2026-05-01T21:51:28.911446Z[0m [32m INFO[0m [2mphantom_core::api::routes::devices[0m[2m:[0m Heartbeat from 084e39fd-5ea4-4662-b73b-f73ff1233d89
[2m2026-05-01T21:51:58.914270Z[0m [32m INFO[0m [2mphantom_core::api::routes::devices[0m[2m:[0m Heartbeat from 084e39fd-5ea4-4662-b73b-f73ff1233d89
[2m2026-05-01T21:52:33.082978Z[0m [32m INFO[0m [2mphantom_core::api::routes::devices[0m[2m:[0m Heartbeat from 084e39fd-5ea4-4662-b73b-f73ff1233d89
[2m2026-05-01T21:53:03.099798Z[0m [32m INFO[0m [2mphantom_core::api::routes::devices[0m[2m:[0m Heartbeat from 084e39fd-5ea4-4662-b73b-f73ff1233d89
[2m2026-05-01T21:53:42.218146Z[0m [32m INFO[0m [2mphantom_core::api::routes::devices[0m[2m:[0m Heartbeat from 084e39fd-5ea4-4662-b73b-f73ff1233d89
[2m2026-05-01T21:54:12.248865Z[0m [32m INFO[0m [2mphantom_core::api::routes::devices[0m[2m:[0m Heartbeat from 084e39fd-5ea4-4662-b73b-f73ff1233d89
[2m2026-05-01T21:55:20.413425Z[0m [32m INFO[0m [2mphantom_core[0m[2m:[0m PHANTOM Core v1.0.0 starting...
[2m2026-05-01T21:55:20.413612Z[0m [32m INFO[0m [2mphantom_core[0m[2m:[0m Config loaded from: ./data
[2m2026-05-01T21:55:20.421540Z[0m [32m INFO[0m [2mphantom_core::db::migrations[0m[2m:[0m Database migrations applied
[2m2026-05-01T21:55:20.421580Z[0m [32m INFO[0m [2mphantom_core[0m[2m:[0m Database initialized
[2m2026-05-01T21:55:20.421588Z[0m [32m INFO[0m [2mphantom_core[0m[2m:[0m PHANTOM Core running on port 8000
[2m2026-05-01T21:55:20.421827Z[0m [32m INFO[0m [2mphantom_core::api[0m[2m:[0m API listening on 0.0.0.0:8000
[2m2026-05-01T21:55:47.275840Z[0m [32m INFO[0m [2mphantom_core::api::routes::devices[0m[2m:[0m Heartbeat from 084e39fd-5ea4-4662-b73b-f73ff1233d89
[2m2026-05-01T21:56:17.285361Z[0m [32m INFO[0m [2mphantom_core::api::routes::devices[0m[2m:[0m Heartbeat from 084e39fd-5ea4-4662-b73b-f73ff1233d89
[2m2026-05-01T21:56:47.299995Z[0m [32m INFO[0m [2mphantom_core::api::routes::devices[0m[2m:[0m Heartbeat from 084e39fd-5ea4-4662-b73b-f73ff1233d89
[2m2026-05-01T21:57:17.310001Z[0m [32m INFO[0m [2mphantom_core::api::routes::devices[0m[2m:[0m Heartbeat from 084e39fd-5ea4-4662-b73b-f73ff1233d89
[2m2026-05-01T21:57:47.312287Z[0m [32m INFO[0m [2mphantom_core::api::routes::devices[0m[2m:[0m Heartbeat from 084e39fd-5ea4-4662-b73b-f73ff1233d89
[2m2026-05-01T21:58:17.344911Z[0m [32m INFO[0m [2mphantom_core::api::routes::devices[0m[2m:[0m Heartbeat from 084e39fd-5ea4-4662-b73b-f73ff1233d89
[2m2026-05-01T21:58:59.405749Z[0m [32m INFO[0m [2mphantom_core::api::routes::devices[0m[2m:[0m Heartbeat from 084e39fd-5ea4-4662-b73b-f73ff1233d89
[2m2026-05-01T21:59:29.455806Z[0m [32m INFO[0m [2mphantom_core::api::routes::devices[0m[2m:[0m Heartbeat from 084e39fd-5ea4-4662-b73b-f73ff1233d89
[2m2026-05-01T22:00:28.123827Z[0m [32m INFO[0m [2mphantom_core::api::routes::devices[0m[2m:[0m Heartbeat from 084e39fd-5ea4-4662-b73b-f73ff1233d89
[2m2026-05-01T22:00:58.150148Z[0m [32m INFO[0m [2mphantom_core::api::routes::devices[0m[2m:[0m Heartbeat from 084e39fd-5ea4-4662-b73b-f73ff1233d89
[2m2026-05-01T22:01:33.063446Z[0m [32m INFO[0m [2mphantom_core::api::routes::devices[0m[2m:[0m Heartbeat from 084e39fd-5ea4-4662-b73b-f73ff1233d89
[2m2026-05-01T22:02:03.074153Z[0m [32m INFO[0m [2mphantom_core::api::routes::devices[0m[2m:[0m Heartbeat from 084e39fd-5ea4-4662-b73b-f73ff1233d89
[2m2026-05-01T22:02:40.852131Z[0m [32m INFO[0m [2mphantom_core::api::routes::devices[0m[2m:[0m Heartbeat from 084e39fd-5ea4-4662-b73b-f73ff1233d89
[2m2026-05-01T22:03:10.056031Z[0m [32m INFO[0m [2mphantom_core[0m[2m:[0m PHANTOM Core v1.0.0 starting...
[2m2026-05-01T22:03:10.056271Z[0m [32m INFO[0m [2mphantom_core[0m[2m:[0m Config loaded from: ./data
[2m2026-05-01T22:03:10.064876Z[0m [32m INFO[0m [2mphantom_core::db::migrations[0m[2m:[0m Database migrations applied
[2m2026-05-01T22:03:10.064896Z[0m [32m INFO[0m [2mphantom_core[0m[2m:[0m Database initialized
[2m2026-05-01T22:03:10.064903Z[0m [32m INFO[0m [2mphantom_core[0m[2m:[0m PHANTOM Core running on port 8000
[2m2026-05-01T22:03:10.066238Z[0m [32m INFO[0m [2mphantom_core::api[0m[2m:[0m API listening on 0.0.0.0:8000
[2m2026-05-01T22:03:11.194415Z[0m [32m INFO[0m [2mphantom_core::api::routes::devices[0m[2m:[0m Heartbeat from 084e39fd-5ea4-4662-b73b-f73ff1233d89
[2m2026-05-01T22:03:41.213568Z[0m [32m INFO[0m [2mphantom_core::api::routes::devices[0m[2m:[0m Heartbeat from 084e39fd-5ea4-4662-b73b-f73ff1233d89
[2m2026-05-01T22:04:11.220929Z[0m [32m INFO[0m [2mphantom_core::api::routes::devices[0m[2m:[0m Heartbeat from 084e39fd-5ea4-4662-b73b-f73ff1233d89
[2m2026-05-01T22:04:41.229823Z[0m [32m INFO[0m [2mphantom_core::api::routes::devices[0m[2m:[0m Heartbeat from 084e39fd-5ea4-4662-b73b-f73ff1233d89
[2m2026-05-01T22:05:11.232251Z[0m [32m INFO[0m [2mphantom_core::api::routes::devices[0m[2m:[0m Heartbeat from 084e39fd-5ea4-4662-b73b-f73ff1233d89
[2m2026-05-01T22:06:21.604203Z[0m [32m INFO[0m [2mphantom_core::api::routes::devices[0m[2m:[0m Heartbeat from 084e39fd-5ea4-4662-b73b-f73ff1233d89
[2m2026-05-01T22:06:51.621494Z[0m [32m INFO[0m [2mphantom_core::api::routes::devices[0m[2m:[0m Heartbeat from 084e39fd-5ea4-4662-b73b-f73ff1233d89
[2m2026-05-01T22:07:25.424184Z[0m [32m INFO[0m [2mphantom_core::api::routes::devices[0m[2m:[0m Heartbeat from 084e39fd-5ea4-4662-b73b-f73ff1233d89
[2m2026-05-01T22:07:55.438008Z[0m [32m INFO[0m [2mphantom_core::api::routes::devices[0m[2m:[0m Heartbeat from 084e39fd-5ea4-4662-b73b-f73ff1233d89
[2m2026-05-01T22:08:32.478241Z[0m [32m INFO[0m [2mphantom_core::api::routes::devices[0m[2m:[0m Heartbeat from 084e39fd-5ea4-4662-b73b-f73ff1233d89
[2m2026-05-01T22:09:02.488936Z[0m [32m INFO[0m [2mphantom_core::api::routes::devices[0m[2m:[0m Heartbeat from 084e39fd-5ea4-4662-b73b-f73ff1233d89
[2m2026-05-01T22:09:48.296522Z[0m [32m INFO[0m [2mphantom_core::api::routes::devices[0m[2m:[0m Heartbeat from 084e39fd-5ea4-4662-b73b-f73ff1233d89
[2m2026-05-01T22:10:18.309986Z[0m [32m INFO[0m [2mphantom_core::api::routes::devices[0m[2m:[0m Heartbeat from 084e39fd-5ea4-4662-b73b-f73ff1233d89
[2m2026-05-01T22:11:13.533110Z[0m [32m INFO[0m [2mphantom_core::api::routes::devices[0m[2m:[0m Heartbeat from 084e39fd-5ea4-4662-b73b-f73ff1233d89
[2m2026-05-01T22:11:43.540889Z[0m [32m INFO[0m [2mphantom_core::api::routes::devices[0m[2m:[0m Heartbeat from 084e39fd-5ea4-4662-b73b-f73ff1233d89
[2m2026-05-01T22:12:18.030803Z[0m [32m INFO[0m [2mphantom_core::api::routes::devices[0m[2m:[0m Heartbeat from 084e39fd-5ea4-4662-b73b-f73ff1233d89
[2m2026-05-01T22:12:40.669460Z[0m [32m INFO[0m [2mphantom_core::notifications[0m[2m:[0m Push token registered: test...
[2m2026-05-01T22:12:48.041611Z[0m [32m INFO[0m [2mphantom_core::api::routes::devices[0m[2m:[0m Heartbeat from 084e39fd-5ea4-4662-b73b-f73ff1233d89
[2m2026-05-01T22:13:28.389993Z[0m [32m INFO[0m [2mphantom_core::api::routes::devices[0m[2m:[0m Heartbeat from 084e39fd-5ea4-4662-b73b-f73ff1233d89
[2m2026-05-01T22:13:58.408648Z[0m [32m INFO[0m [2mphantom_core::api::routes::devices[0m[2m:[0m Heartbeat from 084e39fd-5ea4-4662-b73b-f73ff1233d89
[2m2026-05-01T22:14:32.152825Z[0m [32m INFO[0m [2mphantom_core::api::routes::devices[0m[2m:[0m Heartbeat from 084e39fd-5ea4-4662-b73b-f73ff1233d89
[2m2026-05-01T22:15:02.158388Z[0m [32m INFO[0m [2mphantom_core::api::routes::devices[0m[2m:[0m Heartbeat from 084e39fd-5ea4-4662-b73b-f73ff1233d89
[2m2026-05-01T22:15:36.572610Z[0m [32m INFO[0m [2mphantom_core::api::routes::devices[0m[2m:[0m Heartbeat from 084e39fd-5ea4-4662-b73b-f73ff1233d89
[2m2026-05-01T22:16:06.585313Z[0m [32m INFO[0m [2mphantom_core::api::routes::devices[0m[2m:[0m Heartbeat from 084e39fd-5ea4-4662-b73b-f73ff1233d89
[2m2026-05-02T06:27:28.421019Z[0m [32m INFO[0m [2mphantom_core[0m[2m:[0m PHANTOM Core v1.0.0 starting...
[2m2026-05-02T06:27:28.424051Z[0m [32m INFO[0m [2mphantom_core[0m[2m:[0m Config loaded from: ./data
[2m2026-05-02T06:27:28.449398Z[0m [32m INFO[0m [2mphantom_core::db::migrations[0m[2m:[0m Database migrations applied
[2m2026-05-02T06:27:28.449423Z[0m [32m INFO[0m [2mphantom_core[0m[2m:[0m Database initialized
[2m2026-05-02T06:27:28.449431Z[0m [32m INFO[0m [2mphantom_core[0m[2m:[0m PHANTOM Core running on port 8000
[2m2026-05-02T06:27:28.457831Z[0m [32m INFO[0m [2mphantom_core::api[0m[2m:[0m API listening on 0.0.0.0:8000
[2m2026-05-02T06:27:28.815066Z[0m [32m INFO[0m [2mphantom_core::api::routes::devices[0m[2m:[0m Heartbeat from dcb7b2db-07f7-472d-96fa-40015945f6ce
[2m2026-05-02T06:27:58.832558Z[0m [32m INFO[0m [2mphantom_core::api::routes::devices[0m[2m:[0m Heartbeat from dcb7b2db-07f7-472d-96fa-40015945f6ce
[2m2026-05-02T06:28:28.839696Z[0m [32m INFO[0m [2mphantom_core::api::routes::devices[0m[2m:[0m Heartbeat from dcb7b2db-07f7-472d-96fa-40015945f6ce
[2m2026-05-02T06:28:41.373743Z[0m [32m INFO[0m [2mphantom_core::notifications[0m[2m:[0m Push notification sent: New device(s) joined: 192.168.1.4 (6E:FD:FB:EB:96:35), 192.168.1.10 (8C:5C:53:78:43:BB)
[2m2026-05-02T06:28:58.850400Z[0m [32m INFO[0m [2mphantom_core::api::routes::devices[0m[2m:[0m Heartbeat from dcb7b2db-07f7-472d-96fa-40015945f6ce
[2m2026-05-02T06:29:28.862365Z[0m [32m INFO[0m [2mphantom_core::api::routes::devices[0m[2m:[0m Heartbeat from dcb7b2db-07f7-472d-96fa-40015945f6ce
[2m2026-05-02T06:29:46.408008Z[0m [32m INFO[0m [2mphantom_core::notifications[0m[2m:[0m Push notification sent: New device(s) joined: 192.168.1.5 (BA:43:FA:D7:95:90)
[2m2026-05-02T06:29:58.876308Z[0m [32m INFO[0m [2mphantom_core::api::routes::devices[0m[2m:[0m Heartbeat from dcb7b2db-07f7-472d-96fa-40015945f6ce
[2m2026-05-02T06:30:28.880959Z[0m [32m INFO[0m [2mphantom_core::api::routes::devices[0m[2m:[0m Heartbeat from dcb7b2db-07f7-472d-96fa-40015945f6ce
[2m2026-05-02T06:30:58.885180Z[0m [32m INFO[0m [2mphantom_core::api::routes::devices[0m[2m:[0m Heartbeat from dcb7b2db-07f7-472d-96fa-40015945f6ce
[2m2026-05-02T06:31:28.894678Z[0m [32m INFO[0m [2mphantom_core::api::routes::devices[0m[2m:[0m Heartbeat from dcb7b2db-07f7-472d-96fa-40015945f6ce
[2m2026-05-02T06:32:05.808401Z[0m [32m INFO[0m [2mphantom_core::api::routes::devices[0m[2m:[0m Heartbeat from dcb7b2db-07f7-472d-96fa-40015945f6ce
[2m2026-05-02T06:32:35.816604Z[0m [32m INFO[0m [2mphantom_core::api::routes::devices[0m[2m:[0m Heartbeat from dcb7b2db-07f7-472d-96fa-40015945f6ce
[2m2026-05-02T06:33:19.121533Z[0m [32m INFO[0m [2mphantom_core::api::routes::devices[0m[2m:[0m Heartbeat from dcb7b2db-07f7-472d-96fa-40015945f6ce
[2m2026-05-02T06:33:49.137137Z[0m [32m INFO[0m [2mphantom_core::api::routes::devices[0m[2m:[0m Heartbeat from dcb7b2db-07f7-472d-96fa-40015945f6ce
[2m2026-05-02T06:34:52.483007Z[0m [32m INFO[0m [2mphantom_core::api::routes::devices[0m[2m:[0m Heartbeat from dcb7b2db-07f7-472d-96fa-40015945f6ce
[2m2026-05-02T06:35:22.496015Z[0m [32m INFO[0m [2mphantom_core::api::routes::devices[0m[2m:[0m Heartbeat from dcb7b2db-07f7-472d-96fa-40015945f6ce
[2m2026-05-02T06:35:57.426498Z[0m [32m INFO[0m [2mphantom_core::api::routes::devices[0m[2m:[0m Heartbeat from dcb7b2db-07f7-472d-96fa-40015945f6ce
[2m2026-05-02T06:36:27.439433Z[0m [32m INFO[0m [2mphantom_core::api::routes::devices[0m[2m:[0m Heartbeat from dcb7b2db-07f7-472d-96fa-40015945f6ce
[2m2026-05-02T06:37:05.041096Z[0m [32m INFO[0m [2mphantom_core::api::routes::devices[0m[2m:[0m Heartbeat from dcb7b2db-07f7-472d-96fa-40015945f6ce
[2m2026-05-02T06:37:35.054255Z[0m [32m INFO[0m [2mphantom_core::api::routes::devices[0m[2m:[0m Heartbeat from dcb7b2db-07f7-472d-96fa-40015945f6ce
[2m2026-05-02T06:38:17.897411Z[0m [32m INFO[0m [2mphantom_core::api::routes::devices[0m[2m:[0m Heartbeat from dcb7b2db-07f7-472d-96fa-40015945f6ce
[2m2026-05-02T06:38:47.905080Z[0m [32m INFO[0m [2mphantom_core::api::routes::devices[0m[2m:[0m Heartbeat from dcb7b2db-07f7-472d-96fa-40015945f6ce
[2m2026-05-02T06:40:02.015735Z[0m [32m INFO[0m [2mphantom_core::api::routes::devices[0m[2m:[0m Heartbeat from dcb7b2db-07f7-472d-96fa-40015945f6ce
[2m2026-05-02T06:40:32.019933Z[0m [32m INFO[0m [2mphantom_core::api::routes::devices[0m[2m:[0m Heartbeat from dcb7b2db-07f7-472d-96fa-40015945f6ce
[2m2026-05-02T06:41:09.577903Z[0m [32m INFO[0m [2mphantom_core::api::routes::devices[0m[2m:[0m Heartbeat from dcb7b2db-07f7-472d-96fa-40015945f6ce
[2m2026-05-02T06:41:39.583965Z[0m [32m INFO[0m [2mphantom_core::api::routes::devices[0m[2m:[0m Heartbeat from dcb7b2db-07f7-472d-96fa-40015945f6ce
[2m2026-05-02T06:42:14.290305Z[0m [32m INFO[0m [2mphantom_core::api::routes::devices[0m[2m:[0m Heartbeat from dcb7b2db-07f7-472d-96fa-40015945f6ce
[2m2026-05-02T06:42:44.304660Z[0m [32m INFO[0m [2mphantom_core::api::routes::devices[0m[2m:[0m Heartbeat from dcb7b2db-07f7-472d-96fa-40015945f6ce
[2m2026-05-02T06:43:18.510662Z[0m [32m INFO[0m [2mphantom_core::api::routes::devices[0m[2m:[0m Heartbeat from dcb7b2db-07f7-472d-96fa-40015945f6ce
[2m2026-05-02T06:43:48.519458Z[0m [32m INFO[0m [2mphantom_core::api::routes::devices[0m[2m:[0m Heartbeat from dcb7b2db-07f7-472d-96fa-40015945f6ce
[2m2026-05-02T06:45:08.909707Z[0m [32m INFO[0m [2mphantom_core::api::routes::devices[0m[2m:[0m Heartbeat from dcb7b2db-07f7-472d-96fa-40015945f6ce
[2m2026-05-02T06:45:38.921215Z[0m [32m INFO[0m [2mphantom_core::api::routes::devices[0m[2m:[0m Heartbeat from dcb7b2db-07f7-472d-96fa-40015945f6ce
[2m2026-05-02T06:46:16.707212Z[0m [32m INFO[0m [2mphantom_core::api::routes::devices[0m[2m:[0m Heartbeat from dcb7b2db-07f7-472d-96fa-40015945f6ce
[2m2026-05-02T06:46:46.722643Z[0m [32m INFO[0m [2mphantom_core::api::routes::devices[0m[2m:[0m Heartbeat from dcb7b2db-07f7-472d-96fa-40015945f6ce
[2m2026-05-02T06:47:24.751815Z[0m [32m INFO[0m [2mphantom_core::api::routes::devices[0m[2m:[0m Heartbeat from dcb7b2db-07f7-472d-96fa-40015945f6ce
[2m2026-05-02T06:47:54.756502Z[0m [32m INFO[0m [2mphantom_core::api::routes::devices[0m[2m:[0m Heartbeat from dcb7b2db-07f7-472d-96fa-40015945f6ce
[2m2026-05-02T06:48:32.007314Z[0m [32m INFO[0m [2mphantom_core::api::routes::devices[0m[2m:[0m Heartbeat from dcb7b2db-07f7-472d-96fa-40015945f6ce
[2m2026-05-02T06:49:02.015428Z[0m [32m INFO[0m [2mphantom_core::api::routes::devices[0m[2m:[0m Heartbeat from dcb7b2db-07f7-472d-96fa-40015945f6ce
[2m2026-05-02T06:49:36.287401Z[0m [32m INFO[0m [2mphantom_core::api::routes::devices[0m[2m:[0m Heartbeat from dcb7b2db-07f7-472d-96fa-40015945f6ce
[2m2026-05-02T06:50:06.289602Z[0m [32m INFO[0m [2mphantom_core::api::routes::devices[0m[2m:[0m Heartbeat from dcb7b2db-07f7-472d-96fa-40015945f6ce
[2m2026-05-02T06:50:41.152807Z[0m [32m INFO[0m [2mphantom_core::api::routes::devices[0m[2m:[0m Heartbeat from dcb7b2db-07f7-472d-96fa-40015945f6ce
[2m2026-05-02T06:51:11.158206Z[0m [32m INFO[0m [2mphantom_core::api::routes::devices[0m[2m:[0m Heartbeat from dcb7b2db-07f7-472d-96fa-40015945f6ce
[2m2026-05-02T06:51:51.409401Z[0m [32m INFO[0m [2mphantom_core::api::routes::devices[0m[2m:[0m Heartbeat from dcb7b2db-07f7-472d-96fa-40015945f6ce
[2m2026-05-02T06:52:21.424377Z[0m [32m INFO[0m [2mphantom_core::api::routes::devices[0m[2m:[0m Heartbeat from dcb7b2db-07f7-472d-96fa-40015945f6ce
[2m2026-05-02T06:52:58.927361Z[0m [32m INFO[0m [2mphantom_core::api::routes::devices[0m[2m:[0m Heartbeat from dcb7b2db-07f7-472d-96fa-40015945f6ce
[2m2026-05-02T06:53:28.939601Z[0m [32m INFO[0m [2mphantom_core::api::routes::devices[0m[2m:[0m Heartbeat from dcb7b2db-07f7-472d-96fa-40015945f6ce
[2m2026-05-02T06:54:03.708399Z[0m [32m INFO[0m [2mphantom_core::api::routes::devices[0m[2m:[0m Heartbeat from dcb7b2db-07f7-472d-96fa-40015945f6ce
[2m2026-05-02T06:54:33.712939Z[0m [32m INFO[0m [2mphantom_core::api::routes::devices[0m[2m:[0m Heartbeat from dcb7b2db-07f7-472d-96fa-40015945f6ce
[2m2026-05-02T06:55:08.181636Z[0m [32m INFO[0m [2mphantom_core::api::routes::devices[0m[2m:[0m Heartbeat from dcb7b2db-07f7-472d-96fa-40015945f6ce
[2m2026-05-02T06:55:38.190824Z[0m [32m INFO[0m [2mphantom_core::api::routes::devices[0m[2m:[0m Heartbeat from dcb7b2db-07f7-472d-96fa-40015945f6ce
[2m2026-05-02T06:56:12.795193Z[0m [32m INFO[0m [2mphantom_core::api::routes::devices[0m[2m:[0m Heartbeat from dcb7b2db-07f7-472d-96fa-40015945f6ce
[2m2026-05-02T06:56:42.810412Z[0m [32m INFO[0m [2mphantom_core::api::routes::devices[0m[2m:[0m Heartbeat from dcb7b2db-07f7-472d-96fa-40015945f6ce
[2m2026-05-02T06:57:17.732981Z[0m [32m INFO[0m [2mphantom_core::api::routes::devices[0m[2m:[0m Heartbeat from dcb7b2db-07f7-472d-96fa-40015945f6ce
[2m2026-05-02T06:57:47.753171Z[0m [32m INFO[0m [2mphantom_core::api::routes::devices[0m[2m:[0m Heartbeat from dcb7b2db-07f7-472d-96fa-40015945f6ce
[2m2026-05-02T06:58:21.742452Z[0m [32m INFO[0m [2mphantom_core::api::routes::devices[0m[2m:[0m Heartbeat from dcb7b2db-07f7-472d-96fa-40015945f6ce
[2m2026-05-02T06:58:51.758824Z[0m [32m INFO[0m [2mphantom_core::api::routes::devices[0m[2m:[0m Heartbeat from dcb7b2db-07f7-472d-96fa-40015945f6ce
[2m2026-05-02T06:59:25.954726Z[0m [32m INFO[0m [2mphantom_core::api::routes::devices[0m[2m:[0m Heartbeat from dcb7b2db-07f7-472d-96fa-40015945f6ce
[2m2026-05-02T06:59:55.964423Z[0m [32m INFO[0m [2mphantom_core::api::routes::devices[0m[2m:[0m Heartbeat from dcb7b2db-07f7-472d-96fa-40015945f6ce
[2m2026-05-02T07:00:32.700053Z[0m [32m INFO[0m [2mphantom_core::api::routes::devices[0m[2m:[0m Heartbeat from dcb7b2db-07f7-472d-96fa-40015945f6ce
[2m2026-05-02T07:00:33.364576Z[0m [32m INFO[0m [2mphantom_core::notifications[0m[2m:[0m Push notification sent: New device(s) joined: 192.168.1.8 (3E:EE:A0:72:B5:45)
[2m2026-05-02T07:01:02.710977Z[0m [32m INFO[0m [2mphantom_core::api::routes::devices[0m[2m:[0m Heartbeat from dcb7b2db-07f7-472d-96fa-40015945f6ce
[2m2026-05-02T07:01:37.026965Z[0m [32m INFO[0m [2mphantom_core::api::routes::devices[0m[2m:[0m Heartbeat from dcb7b2db-07f7-472d-96fa-40015945f6ce
[2m2026-05-02T07:02:07.044315Z[0m [32m INFO[0m [2mphantom_core::api::routes::devices[0m[2m:[0m Heartbeat from dcb7b2db-07f7-472d-96fa-40015945f6ce
[2m2026-05-02T07:02:41.369012Z[0m [32m INFO[0m [2mphantom_core::api::routes::devices[0m[2m:[0m Heartbeat from dcb7b2db-07f7-472d-96fa-40015945f6ce
[2m2026-05-02T07:03:11.380426Z[0m [32m INFO[0m [2mphantom_core::api::routes::devices[0m[2m:[0m Heartbeat from dcb7b2db-07f7-472d-96fa-40015945f6ce
[2m2026-05-02T07:04:05.565767Z[0m [32m INFO[0m [2mphantom_core::api::routes::devices[0m[2m:[0m Heartbeat from dcb7b2db-07f7-472d-96fa-40015945f6ce
[2m2026-05-02T07:04:35.584169Z[0m [32m INFO[0m [2mphantom_core::api::routes::devices[0m[2m:[0m Heartbeat from dcb7b2db-07f7-472d-96fa-40015945f6ce
[2m2026-05-02T07:05:10.951487Z[0m [32m INFO[0m [2mphantom_core::api::routes::devices[0m[2m:[0m Heartbeat from dcb7b2db-07f7-472d-96fa-40015945f6ce
[2m2026-05-02T07:05:40.956614Z[0m [32m INFO[0m [2mphantom_core::api::routes::devices[0m[2m:[0m Heartbeat from dcb7b2db-07f7-472d-96fa-40015945f6ce
[2m2026-05-02T07:06:15.209765Z[0m [32m INFO[0m [2mphantom_core::api::routes::devices[0m[2m:[0m Heartbeat from dcb7b2db-07f7-472d-96fa-40015945f6ce
[2m2026-05-02T07:06:45.220558Z[0m [32m INFO[0m [2mphantom_core::api::routes::devices[0m[2m:[0m Heartbeat from dcb7b2db-07f7-472d-96fa-40015945f6ce
[2m2026-05-02T07:07:20.292990Z[0m [32m INFO[0m [2mphantom_core::api::routes::devices[0m[2m:[0m Heartbeat from dcb7b2db-07f7-472d-96fa-40015945f6ce
[2m2026-05-02T07:08:44.417524Z[0m [32m INFO[0m [2mphantom_core[0m[2m:[0m PHANTOM Core v1.0.0 starting...
[2m2026-05-02T07:08:44.419705Z[0m [32m INFO[0m [2mphantom_core[0m[2m:[0m Config loaded from: ./data
[2m2026-05-02T07:08:44.465760Z[0m [32m INFO[0m [2mphantom_core::db::migrations[0m[2m:[0m Database migrations applied
[2m2026-05-02T07:08:44.465783Z[0m [32m INFO[0m [2mphantom_core[0m[2m:[0m Database initialized
[2m2026-05-02T07:08:44.465792Z[0m [32m INFO[0m [2mphantom_core[0m[2m:[0m PHANTOM Core running on port 8000
[2m2026-05-02T07:08:44.472788Z[0m [32m INFO[0m [2mphantom_core::api[0m[2m:[0m API listening on 0.0.0.0:8000
[2m2026-05-02T07:08:44.794424Z[0m [32m INFO[0m [2mphantom_core::api::routes::devices[0m[2m:[0m Heartbeat from 76b1c34b-8297-4e2c-8484-999ff0a31dec
[2m2026-05-02T07:09:14.811442Z[0m [32m INFO[0m [2mphantom_core::api::routes::devices[0m[2m:[0m Heartbeat from 76b1c34b-8297-4e2c-8484-999ff0a31dec
[2m2026-05-02T07:09:44.823057Z[0m [32m INFO[0m [2mphantom_core::api::routes::devices[0m[2m:[0m Heartbeat from 76b1c34b-8297-4e2c-8484-999ff0a31dec
[2m2026-05-02T07:10:14.841768Z[0m [32m INFO[0m [2mphantom_core::api::routes::devices[0m[2m:[0m Heartbeat from 76b1c34b-8297-4e2c-8484-999ff0a31dec
[2m2026-05-02T07:10:44.870236Z[0m [32m INFO[0m [2mphantom_core::api::routes::devices[0m[2m:[0m Heartbeat from 76b1c34b-8297-4e2c-8484-999ff0a31dec
[2m2026-05-02T07:11:14.880555Z[0m [32m INFO[0m [2mphantom_core::api::routes::devices[0m[2m:[0m Heartbeat from 76b1c34b-8297-4e2c-8484-999ff0a31dec
[2m2026-05-02T07:11:44.890600Z[0m [32m INFO[0m [2mphantom_core::api::routes::devices[0m[2m:[0m Heartbeat from 76b1c34b-8297-4e2c-8484-999ff0a31dec
[2m2026-05-02T07:12:14.908951Z[0m [32m INFO[0m [2mphantom_core::api::routes::devices[0m[2m:[0m Heartbeat from 76b1c34b-8297-4e2c-8484-999ff0a31dec
[2m2026-05-02T07:12:44.924334Z[0m [32m INFO[0m [2mphantom_core::api::routes::devices[0m[2m:[0m Heartbeat from 76b1c34b-8297-4e2c-8484-999ff0a31dec
[2m2026-05-02T07:13:14.935169Z[0m [32m INFO[0m [2mphantom_core::api::routes::devices[0m[2m:[0m Heartbeat from 76b1c34b-8297-4e2c-8484-999ff0a31dec
[2m2026-05-02T07:13:44.938523Z[0m [32m INFO[0m [2mphantom_core::api::routes::devices[0m[2m:[0m Heartbeat from 76b1c34b-8297-4e2c-8484-999ff0a31dec
[2m2026-05-02T07:14:14.943053Z[0m [32m INFO[0m [2mphantom_core::api::routes::devices[0m[2m:[0m Heartbeat from 76b1c34b-8297-4e2c-8484-999ff0a31dec
[2m2026-05-02T07:14:44.959160Z[0m [32m INFO[0m [2mphantom_core::api::routes::devices[0m[2m:[0m Heartbeat from 76b1c34b-8297-4e2c-8484-999ff0a31dec
[2m2026-05-02T07:15:14.977763Z[0m [32m INFO[0m [2mphantom_core::api::routes::devices[0m[2m:[0m Heartbeat from 76b1c34b-8297-4e2c-8484-999ff0a31dec
[2m2026-05-02T07:15:44.982677Z[0m [32m INFO[0m [2mphantom_core::api::routes::devices[0m[2m:[0m Heartbeat from 76b1c34b-8297-4e2c-8484-999ff0a31dec
[2m2026-05-02T07:16:18.296203Z[0m [32m INFO[0m [2mphantom_core::api::routes::devices[0m[2m:[0m Heartbeat from 76b1c34b-8297-4e2c-8484-999ff0a31dec
[2m2026-05-02T07:16:48.309599Z[0m [32m INFO[0m [2mphantom_core::api::routes::devices[0m[2m:[0m Heartbeat from 76b1c34b-8297-4e2c-8484-999ff0a31dec
[2m2026-05-02T07:17:26.000967Z[0m [32m INFO[0m [2mphantom_core::api::routes::devices[0m[2m:[0m Heartbeat from 76b1c34b-8297-4e2c-8484-999ff0a31dec
[2m2026-05-02T07:17:56.018565Z[0m [32m INFO[0m [2mphantom_core::api::routes::devices[0m[2m:[0m Heartbeat from 76b1c34b-8297-4e2c-8484-999ff0a31dec
[2m2026-05-02T07:20:10.036299Z[0m [32m INFO[0m [2mphantom_core::api::routes::devices[0m[2m:[0m Heartbeat from 76b1c34b-8297-4e2c-8484-999ff0a31dec
[2m2026-05-02T07:20:40.040702Z[0m [32m INFO[0m [2mphantom_core::api::routes::devices[0m[2m:[0m Heartbeat from 76b1c34b-8297-4e2c-8484-999ff0a31dec
[2m2026-05-02T07:21:15.278512Z[0m [32m INFO[0m [2mphantom_core::api::routes::devices[0m[2m:[0m Heartbeat from 76b1c34b-8297-4e2c-8484-999ff0a31dec
[2m2026-05-02T07:21:45.292248Z[0m [32m INFO[0m [2mphantom_core::api::routes::devices[0m[2m:[0m Heartbeat from 76b1c34b-8297-4e2c-8484-999ff0a31dec
[2m2026-05-02T07:22:20.134800Z[0m [32m INFO[0m [2mphantom_core::api::routes::devices[0m[2m:[0m Heartbeat from 76b1c34b-8297-4e2c-8484-999ff0a31dec
[2m2026-05-02T07:22:50.148928Z[0m [32m INFO[0m [2mphantom_core::api::routes::devices[0m[2m:[0m Heartbeat from 76b1c34b-8297-4e2c-8484-999ff0a31dec
[2m2026-05-02T07:23:24.293087Z[0m [32m INFO[0m [2mphantom_core::api::routes::devices[0m[2m:[0m Heartbeat from 76b1c34b-8297-4e2c-8484-999ff0a31dec
[2m2026-05-02T07:23:54.296757Z[0m [32m INFO[0m [2mphantom_core::api::routes::devices[0m[2m:[0m Heartbeat from 76b1c34b-8297-4e2c-8484-999ff0a31dec
[2m2026-05-02T07:24:28.283875Z[0m [32m INFO[0m [2mphantom_core::api::routes::devices[0m[2m:[0m Heartbeat from 76b1c34b-8297-4e2c-8484-999ff0a31dec
[2m2026-05-02T07:24:58.295384Z[0m [32m INFO[0m [2mphantom_core::api::routes::devices[0m[2m:[0m Heartbeat from 76b1c34b-8297-4e2c-8484-999ff0a31dec
[2m2026-05-02T07:25:32.122997Z[0m [32m INFO[0m [2mphantom_core::api::routes::devices[0m[2m:[0m Heartbeat from 76b1c34b-8297-4e2c-8484-999ff0a31dec
[2m2026-05-02T07:26:02.130283Z[0m [32m INFO[0m [2mphantom_core::api::routes::devices[0m[2m:[0m Heartbeat from 76b1c34b-8297-4e2c-8484-999ff0a31dec
[2m2026-05-02T07:26:36.613961Z[0m [32m INFO[0m [2mphantom_core::api::routes::devices[0m[2m:[0m Heartbeat from 76b1c34b-8297-4e2c-8484-999ff0a31dec
[2m2026-05-02T07:27:06.621219Z[0m [32m INFO[0m [2mphantom_core::api::routes::devices[0m[2m:[0m Heartbeat from 76b1c34b-8297-4e2c-8484-999ff0a31dec
[2m2026-05-02T07:27:40.283848Z[0m [32m INFO[0m [2mphantom_core::api::routes::devices[0m[2m:[0m Heartbeat from 76b1c34b-8297-4e2c-8484-999ff0a31dec
[2m2026-05-02T07:28:10.299004Z[0m [32m INFO[0m [2mphantom_core::api::routes::devices[0m[2m:[0m Heartbeat from 76b1c34b-8297-4e2c-8484-999ff0a31dec
[2m2026-05-02T07:28:44.268992Z[0m [32m INFO[0m [2mphantom_core::api::routes::devices[0m[2m:[0m Heartbeat from 76b1c34b-8297-4e2c-8484-999ff0a31dec
[2m2026-05-02T07:29:14.285391Z[0m [32m INFO[0m [2mphantom_core::api::routes::devices[0m[2m:[0m Heartbeat from 76b1c34b-8297-4e2c-8484-999ff0a31dec
[2m2026-05-02T07:30:25.026822Z[0m [32m INFO[0m [2mphantom_core::api::routes::devices[0m[2m:[0m Heartbeat from 76b1c34b-8297-4e2c-8484-999ff0a31dec
[2m2026-05-02T07:30:55.047991Z[0m [32m INFO[0m [2mphantom_core::api::routes::devices[0m[2m:[0m Heartbeat from 76b1c34b-8297-4e2c-8484-999ff0a31dec
[2m2026-05-02T07:31:29.526927Z[0m [32m INFO[0m [2mphantom_core::api::routes::devices[0m[2m:[0m Heartbeat from 76b1c34b-8297-4e2c-8484-999ff0a31dec
[2m2026-05-02T07:31:59.531067Z[0m [32m INFO[0m [2mphantom_core::api::routes::devices[0m[2m:[0m Heartbeat from 76b1c34b-8297-4e2c-8484-999ff0a31dec
[2m2026-05-02T07:32:33.417439Z[0m [32m INFO[0m [2mphantom_core::api::routes::devices[0m[2m:[0m Heartbeat from 76b1c34b-8297-4e2c-8484-999ff0a31dec
[2m2026-05-02T07:33:03.431410Z[0m [32m INFO[0m [2mphantom_core::api::routes::devices[0m[2m:[0m Heartbeat from 76b1c34b-8297-4e2c-8484-999ff0a31dec
[2m2026-05-02T07:33:37.961694Z[0m [32m INFO[0m [2mphantom_core::api::routes::devices[0m[2m:[0m Heartbeat from 76b1c34b-8297-4e2c-8484-999ff0a31dec
[2m2026-05-02T07:34:07.963363Z[0m [32m INFO[0m [2mphantom_core::api::routes::devices[0m[2m:[0m Heartbeat from 76b1c34b-8297-4e2c-8484-999ff0a31dec
[2m2026-05-02T07:34:45.366992Z[0m [32m INFO[0m [2mphantom_core::api::routes::devices[0m[2m:[0m Heartbeat from 76b1c34b-8297-4e2c-8484-999ff0a31dec
[2m2026-05-02T07:35:15.371427Z[0m [32m INFO[0m [2mphantom_core::api::routes::devices[0m[2m:[0m Heartbeat from 76b1c34b-8297-4e2c-8484-999ff0a31dec
[2m2026-05-02T07:35:52.573068Z[0m [32m INFO[0m [2mphantom_core::api::routes::devices[0m[2m:[0m Heartbeat from 76b1c34b-8297-4e2c-8484-999ff0a31dec
[2m2026-05-02T07:36:22.593856Z[0m [32m INFO[0m [2mphantom_core::api::routes::devices[0m[2m:[0m Heartbeat from 76b1c34b-8297-4e2c-8484-999ff0a31dec
[2m2026-05-02T07:36:56.522940Z[0m [32m INFO[0m [2mphantom_core::api::routes::devices[0m[2m:[0m Heartbeat from 76b1c34b-8297-4e2c-8484-999ff0a31dec
[2m2026-05-02T07:37:26.535635Z[0m [32m INFO[0m [2mphantom_core::api::routes::devices[0m[2m:[0m Heartbeat from 76b1c34b-8297-4e2c-8484-999ff0a31dec
[2m2026-05-02T07:38:02.659653Z[0m [32m INFO[0m [2mphantom_core::api::routes::devices[0m[2m:[0m Heartbeat from 76b1c34b-8297-4e2c-8484-999ff0a31dec
[2m2026-05-02T07:38:32.669813Z[0m [32m INFO[0m [2mphantom_core::api::routes::devices[0m[2m:[0m Heartbeat from 76b1c34b-8297-4e2c-8484-999ff0a31dec
[2m2026-05-02T07:39:07.098175Z[0m [32m INFO[0m [2mphantom_core::api::routes::devices[0m[2m:[0m Heartbeat from 76b1c34b-8297-4e2c-8484-999ff0a31dec
[2m2026-05-02T07:39:37.117327Z[0m [32m INFO[0m [2mphantom_core::api::routes::devices[0m[2m:[0m Heartbeat from 76b1c34b-8297-4e2c-8484-999ff0a31dec
[2m2026-05-02T07:40:10.974908Z[0m [32m INFO[0m [2mphantom_core::api::routes::devices[0m[2m:[0m Heartbeat from 76b1c34b-8297-4e2c-8484-999ff0a31dec
[2m2026-05-02T07:40:40.993724Z[0m [32m INFO[0m [2mphantom_core::api::routes::devices[0m[2m:[0m Heartbeat from 76b1c34b-8297-4e2c-8484-999ff0a31dec
[2m2026-05-02T07:41:15.566986Z[0m [32m INFO[0m [2mphantom_core::api::routes::devices[0m[2m:[0m Heartbeat from 76b1c34b-8297-4e2c-8484-999ff0a31dec
[2m2026-05-02T07:41:45.574490Z[0m [32m INFO[0m [2mphantom_core::api::routes::devices[0m[2m:[0m Heartbeat from 76b1c34b-8297-4e2c-8484-999ff0a31dec
[2m2026-05-02T07:42:20.278916Z[0m [32m INFO[0m [2mphantom_core::api::routes::devices[0m[2m:[0m Heartbeat from 76b1c34b-8297-4e2c-8484-999ff0a31dec
[2m2026-05-02T07:42:50.281426Z[0m [32m INFO[0m [2mphantom_core::api::routes::devices[0m[2m:[0m Heartbeat from 76b1c34b-8297-4e2c-8484-999ff0a31dec
[2m2026-05-02T07:43:25.086811Z[0m [32m INFO[0m [2mphantom_core::api::routes::devices[0m[2m:[0m Heartbeat from 76b1c34b-8297-4e2c-8484-999ff0a31dec
[2m2026-05-02T07:43:55.095454Z[0m [32m INFO[0m [2mphantom_core::api::routes::devices[0m[2m:[0m Heartbeat from 76b1c34b-8297-4e2c-8484-999ff0a31dec
[2m2026-05-02T07:44:50.158834Z[0m [32m INFO[0m [2mphantom_core::api::routes::devices[0m[2m:[0m Heartbeat from 76b1c34b-8297-4e2c-8484-999ff0a31dec
[2m2026-05-02T07:45:20.173066Z[0m [32m INFO[0m [2mphantom_core::api::routes::devices[0m[2m:[0m Heartbeat from 76b1c34b-8297-4e2c-8484-999ff0a31dec
[2m2026-05-02T07:45:54.891394Z[0m [32m INFO[0m [2mphantom_core::api::routes::devices[0m[2m:[0m Heartbeat from 76b1c34b-8297-4e2c-8484-999ff0a31dec
[2m2026-05-02T07:46:24.927777Z[0m [32m INFO[0m [2mphantom_core::api::routes::devices[0m[2m:[0m Heartbeat from 76b1c34b-8297-4e2c-8484-999ff0a31dec
[2m2026-05-02T07:46:59.957812Z[0m [32m INFO[0m [2mphantom_core::api::routes::devices[0m[2m:[0m Heartbeat from 76b1c34b-8297-4e2c-8484-999ff0a31dec
[2m2026-05-02T07:47:29.964309Z[0m [32m INFO[0m [2mphantom_core::api::routes::devices[0m[2m:[0m Heartbeat from 76b1c34b-8297-4e2c-8484-999ff0a31dec
[2m2026-05-02T07:48:05.823103Z[0m [32m INFO[0m [2mphantom_core::api::routes::devices[0m[2m:[0m Heartbeat from 76b1c34b-8297-4e2c-8484-999ff0a31dec
[2m2026-05-02T07:48:35.841038Z[0m [32m INFO[0m [2mphantom_core::api::routes::devices[0m[2m:[0m Heartbeat from 76b1c34b-8297-4e2c-8484-999ff0a31dec
[2m2026-05-02T07:49:57.601554Z[0m [32m INFO[0m [2mphantom_core::api::routes::devices[0m[2m:[0m Heartbeat from 76b1c34b-8297-4e2c-8484-999ff0a31dec
[2m2026-05-02T07:50:27.615539Z[0m [32m INFO[0m [2mphantom_core::api::routes::devices[0m[2m:[0m Heartbeat from 76b1c34b-8297-4e2c-8484-999ff0a31dec
[2m2026-05-02T07:51:01.263765Z[0m [32m INFO[0m [2mphantom_core::api::routes::devices[0m[2m:[0m Heartbeat from 76b1c34b-8297-4e2c-8484-999ff0a31dec
[2m2026-05-02T07:51:31.277841Z[0m [32m INFO[0m [2mphantom_core::api::routes::devices[0m[2m:[0m Heartbeat from 76b1c34b-8297-4e2c-8484-999ff0a31dec
[2m2026-05-02T07:52:14.751648Z[0m [32m INFO[0m [2mphantom_core::api::routes::devices[0m[2m:[0m Heartbeat from 76b1c34b-8297-4e2c-8484-999ff0a31dec
[2m2026-05-02T07:52:44.766445Z[0m [32m INFO[0m [2mphantom_core::api::routes::devices[0m[2m:[0m Heartbeat from 76b1c34b-8297-4e2c-8484-999ff0a31dec
[2m2026-05-02T07:53:21.722108Z[0m [32m INFO[0m [2mphantom_core::api::routes::devices[0m[2m:[0m Heartbeat from 76b1c34b-8297-4e2c-8484-999ff0a31dec
[2m2026-05-02T07:53:51.733726Z[0m [32m INFO[0m [2mphantom_core::api::routes::devices[0m[2m:[0m Heartbeat from 76b1c34b-8297-4e2c-8484-999ff0a31dec
[2m2026-05-02T07:54:29.945181Z[0m [32m INFO[0m [2mphantom_core::api::routes::devices[0m[2m:[0m Heartbeat from 76b1c34b-8297-4e2c-8484-999ff0a31dec
[2m2026-05-02T07:54:59.954376Z[0m [32m INFO[0m [2mphantom_core::api::routes::devices[0m[2m:[0m Heartbeat from 76b1c34b-8297-4e2c-8484-999ff0a31dec
[2m2026-05-02T07:55:44.333051Z[0m [32m INFO[0m [2mphantom_core::api::routes::devices[0m[2m:[0m Heartbeat from 76b1c34b-8297-4e2c-8484-999ff0a31dec
[2m2026-05-02T07:56:14.344212Z[0m [32m INFO[0m [2mphantom_core::api::routes::devices[0m[2m:[0m Heartbeat from 76b1c34b-8297-4e2c-8484-999ff0a31dec
[2m2026-05-02T07:56:48.728980Z[0m [32m INFO[0m [2mphantom_core::api::routes::devices[0m[2m:[0m Heartbeat from 76b1c34b-8297-4e2c-8484-999ff0a31dec
[2m2026-05-02T07:57:18.735097Z[0m [32m INFO[0m [2mphantom_core::api::routes::devices[0m[2m:[0m Heartbeat from 76b1c34b-8297-4e2c-8484-999ff0a31dec
[2m2026-05-02T07:57:52.543682Z[0m [32m INFO[0m [2mphantom_core::api::routes::devices[0m[2m:[0m Heartbeat from 76b1c34b-8297-4e2c-8484-999ff0a31dec
[2m2026-05-02T07:58:22.550779Z[0m [32m INFO[0m [2mphantom_core::api::routes::devices[0m[2m:[0m Heartbeat from 76b1c34b-8297-4e2c-8484-999ff0a31dec
[2m2026-05-02T07:58:57.845647Z[0m [32m INFO[0m [2mphantom_core::api::routes::devices[0m[2m:[0m Heartbeat from 76b1c34b-8297-4e2c-8484-999ff0a31dec
[2m2026-05-02T07:59:27.852908Z[0m [32m INFO[0m [2mphantom_core::api::routes::devices[0m[2m:[0m Heartbeat from 76b1c34b-8297-4e2c-8484-999ff0a31dec
[2m2026-05-02T08:00:01.815662Z[0m [32m INFO[0m [2mphantom_core::api::routes::devices[0m[2m:[0m Heartbeat from 76b1c34b-8297-4e2c-8484-999ff0a31dec
[2m2026-05-02T08:00:31.828163Z[0m [32m INFO[0m [2mphantom_core::api::routes::devices[0m[2m:[0m Heartbeat from 76b1c34b-8297-4e2c-8484-999ff0a31dec
[2m2026-05-02T08:01:06.561495Z[0m [32m INFO[0m [2mphantom_core::api::routes::devices[0m[2m:[0m Heartbeat from 76b1c34b-8297-4e2c-8484-999ff0a31dec
[2m2026-05-02T08:01:36.565052Z[0m [32m INFO[0m [2mphantom_core::api::routes::devices[0m[2m:[0m Heartbeat from 76b1c34b-8297-4e2c-8484-999ff0a31dec
[2m2026-05-02T08:02:18.132980Z[0m [32m INFO[0m [2mphantom_core::api::routes::devices[0m[2m:[0m Heartbeat from 76b1c34b-8297-4e2c-8484-999ff0a31dec
[2m2026-05-02T08:02:48.149496Z[0m [32m INFO[0m [2mphantom_core::api::routes::devices[0m[2m:[0m Heartbeat from 76b1c34b-8297-4e2c-8484-999ff0a31dec
[2m2026-05-02T08:03:23.169717Z[0m [32m INFO[0m [2mphantom_core::api::routes::devices[0m[2m:[0m Heartbeat from 76b1c34b-8297-4e2c-8484-999ff0a31dec
[2m2026-05-02T08:03:53.178156Z[0m [32m INFO[0m [2mphantom_core::api::routes::devices[0m[2m:[0m Heartbeat from 76b1c34b-8297-4e2c-8484-999ff0a31dec
[2m2026-05-02T08:05:13.614241Z[0m [32m INFO[0m [2mphantom_core::api::routes::devices[0m[2m:[0m Heartbeat from 76b1c34b-8297-4e2c-8484-999ff0a31dec
[2m2026-05-02T08:05:43.621010Z[0m [32m INFO[0m [2mphantom_core::api::routes::devices[0m[2m:[0m Heartbeat from 76b1c34b-8297-4e2c-8484-999ff0a31dec
[2m2026-05-02T08:06:17.029002Z[0m [32m INFO[0m [2mphantom_core::api::routes::devices[0m[2m:[0m Heartbeat from 76b1c34b-8297-4e2c-8484-999ff0a31dec
[2m2026-05-02T08:06:47.041886Z[0m [32m INFO[0m [2mphantom_core::api::routes::devices[0m[2m:[0m Heartbeat from 76b1c34b-8297-4e2c-8484-999ff0a31dec
[2m2026-05-02T08:07:21.798278Z[0m [32m INFO[0m [2mphantom_core::api::routes::devices[0m[2m:[0m Heartbeat from 76b1c34b-8297-4e2c-8484-999ff0a31dec
[2m2026-05-02T08:07:51.802305Z[0m [32m INFO[0m [2mphantom_core::api::routes::devices[0m[2m:[0m Heartbeat from 76b1c34b-8297-4e2c-8484-999ff0a31dec
[2m2026-05-02T08:08:26.790527Z[0m [32m INFO[0m [2mphantom_core::api::routes::devices[0m[2m:[0m Heartbeat from 76b1c34b-8297-4e2c-8484-999ff0a31dec
[2m2026-05-02T08:08:56.808921Z[0m [32m INFO[0m [2mphantom_core::api::routes::devices[0m[2m:[0m Heartbeat from 76b1c34b-8297-4e2c-8484-999ff0a31dec
[2m2026-05-02T08:09:33.965517Z[0m [32m INFO[0m [2mphantom_core::api::routes::devices[0m[2m:[0m Heartbeat from 76b1c34b-8297-4e2c-8484-999ff0a31dec
[2m2026-05-02T08:10:03.981974Z[0m [32m INFO[0m [2mphantom_core::api::routes::devices[0m[2m:[0m Heartbeat from 76b1c34b-8297-4e2c-8484-999ff0a31dec
[2m2026-05-02T08:10:38.307431Z[0m [32m INFO[0m [2mphantom_core::api::routes::devices[0m[2m:[0m Heartbeat from 76b1c34b-8297-4e2c-8484-999ff0a31dec
[2m2026-05-02T08:11:08.310532Z[0m [32m INFO[0m [2mphantom_core::api::routes::devices[0m[2m:[0m Heartbeat from 76b1c34b-8297-4e2c-8484-999ff0a31dec
[2m2026-05-02T08:12:32.239719Z[0m [32m INFO[0m [2mphantom_core::api::routes::devices[0m[2m:[0m Heartbeat from 76b1c34b-8297-4e2c-8484-999ff0a31dec
[2m2026-05-02T08:13:02.255022Z[0m [32m INFO[0m [2mphantom_core::api::routes::devices[0m[2m:[0m Heartbeat from 76b1c34b-8297-4e2c-8484-999ff0a31dec
[2m2026-05-02T08:13:39.135445Z[0m [32m INFO[0m [2mphantom_core::api::routes::devices[0m[2m:[0m Heartbeat from 76b1c34b-8297-4e2c-8484-999ff0a31dec
[2m2026-05-02T08:14:09.145291Z[0m [32m INFO[0m [2mphantom_core::api::routes::devices[0m[2m:[0m Heartbeat from 76b1c34b-8297-4e2c-8484-999ff0a31dec
[2m2026-05-02T08:16:25.202588Z[0m [32m INFO[0m [2mphantom_core::api::routes::devices[0m[2m:[0m Heartbeat from 76b1c34b-8297-4e2c-8484-999ff0a31dec
[2m2026-05-02T08:16:55.218201Z[0m [32m INFO[0m [2mphantom_core::api::routes::devices[0m[2m:[0m Heartbeat from 76b1c34b-8297-4e2c-8484-999ff0a31dec
[2m2026-05-02T08:17:28.984406Z[0m [32m INFO[0m [2mphantom_core::api::routes::devices[0m[2m:[0m Heartbeat from 76b1c34b-8297-4e2c-8484-999ff0a31dec
[2m2026-05-02T08:17:58.995128Z[0m [32m INFO[0m [2mphantom_core::api::routes::devices[0m[2m:[0m Heartbeat from 76b1c34b-8297-4e2c-8484-999ff0a31dec
[2m2026-05-02T08:18:33.094443Z[0m [32m INFO[0m [2mphantom_core::api::routes::devices[0m[2m:[0m Heartbeat from 76b1c34b-8297-4e2c-8484-999ff0a31dec
[2m2026-05-02T08:19:03.111258Z[0m [32m INFO[0m [2mphantom_core::api::routes::devices[0m[2m:[0m Heartbeat from 76b1c34b-8297-4e2c-8484-999ff0a31dec
[2m2026-05-02T08:19:39.635273Z[0m [32m INFO[0m [2mphantom_core::api::routes::devices[0m[2m:[0m Heartbeat from 76b1c34b-8297-4e2c-8484-999ff0a31dec
[2m2026-05-02T08:20:09.651522Z[0m [32m INFO[0m [2mphantom_core::api::routes::devices[0m[2m:[0m Heartbeat from 76b1c34b-8297-4e2c-8484-999ff0a31dec
[2m2026-05-02T08:20:44.192411Z[0m [32m INFO[0m [2mphantom_core::api::routes::devices[0m[2m:[0m Heartbeat from 76b1c34b-8297-4e2c-8484-999ff0a31dec
[2m2026-05-02T08:21:14.204891Z[0m [32m INFO[0m [2mphantom_core::api::routes::devices[0m[2m:[0m Heartbeat from 76b1c34b-8297-4e2c-8484-999ff0a31dec
[2m2026-05-02T08:21:48.287467Z[0m [32m INFO[0m [2mphantom_core::api::routes::devices[0m[2m:[0m Heartbeat from 76b1c34b-8297-4e2c-8484-999ff0a31dec
[2m2026-05-02T08:22:18.299633Z[0m [32m INFO[0m [2mphantom_core::api::routes::devices[0m[2m:[0m Heartbeat from 76b1c34b-8297-4e2c-8484-999ff0a31dec
[2m2026-05-02T08:22:52.439299Z[0m [32m INFO[0m [2mphantom_core::api::routes::devices[0m[2m:[0m Heartbeat from 76b1c34b-8297-4e2c-8484-999ff0a31dec
[2m2026-05-02T08:23:22.453173Z[0m [32m INFO[0m [2mphantom_core::api::routes::devices[0m[2m:[0m Heartbeat from 76b1c34b-8297-4e2c-8484-999ff0a31dec
[2m2026-05-02T08:23:56.849800Z[0m [32m INFO[0m [2mphantom_core::api::routes::devices[0m[2m:[0m Heartbeat from 76b1c34b-8297-4e2c-8484-999ff0a31dec
[2m2026-05-02T08:24:26.863501Z[0m [32m INFO[0m [2mphantom_core::api::routes::devices[0m[2m:[0m Heartbeat from 76b1c34b-8297-4e2c-8484-999ff0a31dec
[2m2026-05-02T08:25:01.232690Z[0m [32m INFO[0m [2mphantom_core::api::routes::devices[0m[2m:[0m Heartbeat from 76b1c34b-8297-4e2c-8484-999ff0a31dec
[2m2026-05-02T08:25:31.237419Z[0m [32m INFO[0m [2mphantom_core::api::routes::devices[0m[2m:[0m Heartbeat from 76b1c34b-8297-4e2c-8484-999ff0a31dec
[2m2026-05-02T08:26:07.409078Z[0m [32m INFO[0m [2mphantom_core::api::routes::devices[0m[2m:[0m Heartbeat from 76b1c34b-8297-4e2c-8484-999ff0a31dec
[2m2026-05-02T08:26:37.420002Z[0m [32m INFO[0m [2mphantom_core::api::routes::devices[0m[2m:[0m Heartbeat from 76b1c34b-8297-4e2c-8484-999ff0a31dec
[2m2026-05-02T08:27:11.251770Z[0m [32m INFO[0m [2mphantom_core::api::routes::devices[0m[2m:[0m Heartbeat from 76b1c34b-8297-4e2c-8484-999ff0a31dec
[2m2026-05-02T08:27:41.254534Z[0m [32m INFO[0m [2mphantom_core::api::routes::devices[0m[2m:[0m Heartbeat from 76b1c34b-8297-4e2c-8484-999ff0a31dec
[2m2026-05-02T08:28:15.483767Z[0m [32m INFO[0m [2mphantom_core::api::routes::devices[0m[2m:[0m Heartbeat from 76b1c34b-8297-4e2c-8484-999ff0a31dec
[2m2026-05-02T08:28:45.489005Z[0m [32m INFO[0m [2mphantom_core::api::routes::devices[0m[2m:[0m Heartbeat from 76b1c34b-8297-4e2c-8484-999ff0a31dec
[2m2026-05-02T08:29:24.871913Z[0m [32m INFO[0m [2mphantom_core::api::routes::devices[0m[2m:[0m Heartbeat from 76b1c34b-8297-4e2c-8484-999ff0a31dec
[2m2026-05-02T08:29:54.886731Z[0m [32m INFO[0m [2mphantom_core::api::routes::devices[0m[2m:[0m Heartbeat from 76b1c34b-8297-4e2c-8484-999ff0a31dec
[2m2026-05-02T08:30:29.523516Z[0m [32m INFO[0m [2mphantom_core::api::routes::devices[0m[2m:[0m Heartbeat from 76b1c34b-8297-4e2c-8484-999ff0a31dec
[2m2026-05-02T08:30:59.539256Z[0m [32m INFO[0m [2mphantom_core::api::routes::devices[0m[2m:[0m Heartbeat from 76b1c34b-8297-4e2c-8484-999ff0a31dec
[2m2026-05-02T08:31:37.623411Z[0m [32m INFO[0m [2mphantom_core::api::routes::devices[0m[2m:[0m Heartbeat from 76b1c34b-8297-4e2c-8484-999ff0a31dec
[2m2026-05-02T08:32:07.637608Z[0m [32m INFO[0m [2mphantom_core::api::routes::devices[0m[2m:[0m Heartbeat from 76b1c34b-8297-4e2c-8484-999ff0a31dec
[2m2026-05-02T08:32:43.473202Z[0m [32m INFO[0m [2mphantom_core::api::routes::devices[0m[2m:[0m Heartbeat from 76b1c34b-8297-4e2c-8484-999ff0a31dec
[2m2026-05-02T08:33:13.489070Z[0m [32m INFO[0m [2mphantom_core::api::routes::devices[0m[2m:[0m Heartbeat from 76b1c34b-8297-4e2c-8484-999ff0a31dec
[2m2026-05-02T08:33:47.514191Z[0m [32m INFO[0m [2mphantom_core::api::routes::devices[0m[2m:[0m Heartbeat from 76b1c34b-8297-4e2c-8484-999ff0a31dec
[2m2026-05-02T08:34:17.522920Z[0m [32m INFO[0m [2mphantom_core::api::routes::devices[0m[2m:[0m Heartbeat from 76b1c34b-8297-4e2c-8484-999ff0a31dec
[2m2026-05-02T08:34:51.834944Z[0m [32m INFO[0m [2mphantom_core::api::routes::devices[0m[2m:[0m Heartbeat from 76b1c34b-8297-4e2c-8484-999ff0a31dec
[2m2026-05-02T08:35:21.840755Z[0m [32m INFO[0m [2mphantom_core::api::routes::devices[0m[2m:[0m Heartbeat from 76b1c34b-8297-4e2c-8484-999ff0a31dec
[2m2026-05-02T08:35:56.264156Z[0m [32m INFO[0m [2mphantom_core::api::routes::devices[0m[2m:[0m Heartbeat from 76b1c34b-8297-4e2c-8484-999ff0a31dec
[2m2026-05-02T08:36:26.273825Z[0m [32m INFO[0m [2mphantom_core::api::routes::devices[0m[2m:[0m Heartbeat from 76b1c34b-8297-4e2c-8484-999ff0a31dec
[2m2026-05-02T08:37:20.850903Z[0m [32m INFO[0m [2mphantom_core::api::routes::devices[0m[2m:[0m Heartbeat from 76b1c34b-8297-4e2c-8484-999ff0a31dec
[2m2026-05-02T08:37:50.854800Z[0m [32m INFO[0m [2mphantom_core::api::routes::devices[0m[2m:[0m Heartbeat from 76b1c34b-8297-4e2c-8484-999ff0a31dec
[2m2026-05-02T08:38:24.813865Z[0m [32m INFO[0m [2mphantom_core::api::routes::devices[0m[2m:[0m Heartbeat from 76b1c34b-8297-4e2c-8484-999ff0a31dec
[2m2026-05-02T08:38:54.825051Z[0m [32m INFO[0m [2mphantom_core::api::routes::devices[0m[2m:[0m Heartbeat from 76b1c34b-8297-4e2c-8484-999ff0a31dec
[2m2026-05-02T08:39:32.827092Z[0m [32m INFO[0m [2mphantom_core::api::routes::devices[0m[2m:[0m Heartbeat from 76b1c34b-8297-4e2c-8484-999ff0a31dec
[2m2026-05-02T08:40:02.841434Z[0m [32m INFO[0m [2mphantom_core::api::routes::devices[0m[2m:[0m Heartbeat from 76b1c34b-8297-4e2c-8484-999ff0a31dec
[2m2026-05-02T08:40:37.826732Z[0m [32m INFO[0m [2mphantom_core::api::routes::devices[0m[2m:[0m Heartbeat from 76b1c34b-8297-4e2c-8484-999ff0a31dec
[2m2026-05-02T08:41:07.828887Z[0m [32m INFO[0m [2mphantom_core::api::routes::devices[0m[2m:[0m Heartbeat from 76b1c34b-8297-4e2c-8484-999ff0a31dec
[2m2026-05-02T08:41:41.777389Z[0m [32m INFO[0m [2mphantom_core::api::routes::devices[0m[2m:[0m Heartbeat from 76b1c34b-8297-4e2c-8484-999ff0a31dec
[2m2026-05-02T08:42:11.782554Z[0m [32m INFO[0m [2mphantom_core::api::routes::devices[0m[2m:[0m Heartbeat from 76b1c34b-8297-4e2c-8484-999ff0a31dec
[2m2026-05-02T08:42:47.589840Z[0m [32m INFO[0m [2mphantom_core::api::routes::devices[0m[2m:[0m Heartbeat from 76b1c34b-8297-4e2c-8484-999ff0a31dec
[2m2026-05-02T08:43:17.593444Z[0m [32m INFO[0m [2mphantom_core::api::routes::devices[0m[2m:[0m Heartbeat from 76b1c34b-8297-4e2c-8484-999ff0a31dec
[2m2026-05-02T08:44:42.460101Z[0m [32m INFO[0m [2mphantom_core::api::routes::devices[0m[2m:[0m Heartbeat from 76b1c34b-8297-4e2c-8484-999ff0a31dec
[2m2026-05-02T08:45:12.464138Z[0m [32m INFO[0m [2mphantom_core::api::routes::devices[0m[2m:[0m Heartbeat from 76b1c34b-8297-4e2c-8484-999ff0a31dec
[2m2026-05-02T08:45:49.314283Z[0m [32m INFO[0m [2mphantom_core::api::routes::devices[0m[2m:[0m Heartbeat from 76b1c34b-8297-4e2c-8484-999ff0a31dec
[2m2026-05-02T08:46:19.330137Z[0m [32m INFO[0m [2mphantom_core::api::routes::devices[0m[2m:[0m Heartbeat from 76b1c34b-8297-4e2c-8484-999ff0a31dec
[2m2026-05-02T08:46:54.878930Z[0m [32m INFO[0m [2mphantom_core::api::routes::devices[0m[2m:[0m Heartbeat from 76b1c34b-8297-4e2c-8484-999ff0a31dec
[2m2026-05-02T08:47:24.886548Z[0m [32m INFO[0m [2mphantom_core::api::routes::devices[0m[2m:[0m Heartbeat from 76b1c34b-8297-4e2c-8484-999ff0a31dec
[2m2026-05-02T08:48:00.132550Z[0m [32m INFO[0m [2mphantom_core::api::routes::devices[0m[2m:[0m Heartbeat from 76b1c34b-8297-4e2c-8484-999ff0a31dec
[2m2026-05-02T08:48:30.142140Z[0m [32m INFO[0m [2mphantom_core::api::routes::devices[0m[2m:[0m Heartbeat from 76b1c34b-8297-4e2c-8484-999ff0a31dec
[2m2026-05-02T08:49:04.335626Z[0m [32m INFO[0m [2mphantom_core::api::routes::devices[0m[2m:[0m Heartbeat from 76b1c34b-8297-4e2c-8484-999ff0a31dec
[2m2026-05-02T08:49:34.349197Z[0m [32m INFO[0m [2mphantom_core::api::routes::devices[0m[2m:[0m Heartbeat from 76b1c34b-8297-4e2c-8484-999ff0a31dec
[2m2026-05-02T08:50:09.244958Z[0m [32m INFO[0m [2mphantom_core::api::routes::devices[0m[2m:[0m Heartbeat from 76b1c34b-8297-4e2c-8484-999ff0a31dec
[2m2026-05-02T08:50:39.259515Z[0m [32m INFO[0m [2mphantom_core::api::routes::devices[0m[2m:[0m Heartbeat from 76b1c34b-8297-4e2c-8484-999ff0a31dec
[2m2026-05-02T08:51:17.303608Z[0m [32m INFO[0m [2mphantom_core::api::routes::devices[0m[2m:[0m Heartbeat from 76b1c34b-8297-4e2c-8484-999ff0a31dec
[2m2026-05-02T08:51:47.317463Z[0m [32m INFO[0m [2mphantom_core::api::routes::devices[0m[2m:[0m Heartbeat from 76b1c34b-8297-4e2c-8484-999ff0a31dec
[2m2026-05-02T08:52:25.533356Z[0m [32m INFO[0m [2mphantom_core::api::routes::devices[0m[2m:[0m Heartbeat from 76b1c34b-8297-4e2c-8484-999ff0a31dec
[2m2026-05-02T08:52:55.538174Z[0m [32m INFO[0m [2mphantom_core::api::routes::devices[0m[2m:[0m Heartbeat from 76b1c34b-8297-4e2c-8484-999ff0a31dec
[2m2026-05-02T08:53:29.437157Z[0m [32m INFO[0m [2mphantom_core::api::routes::devices[0m[2m:[0m Heartbeat from 76b1c34b-8297-4e2c-8484-999ff0a31dec
[2m2026-05-02T08:53:59.447918Z[0m [32m INFO[0m [2mphantom_core::api::routes::devices[0m[2m:[0m Heartbeat from 76b1c34b-8297-4e2c-8484-999ff0a31dec
[2m2026-05-02T08:54:34.347130Z[0m [32m INFO[0m [2mphantom_core::api::routes::devices[0m[2m:[0m Heartbeat from 76b1c34b-8297-4e2c-8484-999ff0a31dec
[2m2026-05-02T08:55:04.357180Z[0m [32m INFO[0m [2mphantom_core::api::routes::devices[0m[2m:[0m Heartbeat from 76b1c34b-8297-4e2c-8484-999ff0a31dec
[2m2026-05-02T08:55:41.228753Z[0m [32m INFO[0m [2mphantom_core::api::routes::devices[0m[2m:[0m Heartbeat from 76b1c34b-8297-4e2c-8484-999ff0a31dec
[2m2026-05-02T08:56:11.239392Z[0m [32m INFO[0m [2mphantom_core::api::routes::devices[0m[2m:[0m Heartbeat from 76b1c34b-8297-4e2c-8484-999ff0a31dec
[2m2026-05-02T08:56:49.525038Z[0m [32m INFO[0m [2mphantom_core::api::routes::devices[0m[2m:[0m Heartbeat from 76b1c34b-8297-4e2c-8484-999ff0a31dec
[2m2026-05-02T08:57:19.542466Z[0m [32m INFO[0m [2mphantom_core::api::routes::devices[0m[2m:[0m Heartbeat from 76b1c34b-8297-4e2c-8484-999ff0a31dec
[2m2026-05-02T08:57:56.864496Z[0m [32m INFO[0m [2mphantom_core::api::routes::devices[0m[2m:[0m Heartbeat from 8df58e07-68c9-4ff2-9b58-7910e7721455
[2m2026-05-02T08:58:26.886388Z[0m [32m INFO[0m [2mphantom_core::api::routes::devices[0m[2m:[0m Heartbeat from 8df58e07-68c9-4ff2-9b58-7910e7721455
[2m2026-05-02T08:59:01.420096Z[0m [32m INFO[0m [2mphantom_core::api::routes::devices[0m[2m:[0m Heartbeat from 8df58e07-68c9-4ff2-9b58-7910e7721455
[2m2026-05-02T08:59:31.448925Z[0m [32m INFO[0m [2mphantom_core::api::routes::devices[0m[2m:[0m Heartbeat from 8df58e07-68c9-4ff2-9b58-7910e7721455
[2m2026-05-02T09:00:05.653312Z[0m [32m INFO[0m [2mphantom_core::api::routes::devices[0m[2m:[0m Heartbeat from 8df58e07-68c9-4ff2-9b58-7910e7721455
[2m2026-05-02T09:00:35.665933Z[0m [32m INFO[0m [2mphantom_core::api::routes::devices[0m[2m:[0m Heartbeat from 8df58e07-68c9-4ff2-9b58-7910e7721455
[2m2026-05-02T09:01:12.551110Z[0m [32m INFO[0m [2mphantom_core::api::routes::devices[0m[2m:[0m Heartbeat from 8df58e07-68c9-4ff2-9b58-7910e7721455
[2m2026-05-02T09:01:42.561973Z[0m [32m INFO[0m [2mphantom_core::api::routes::devices[0m[2m:[0m Heartbeat from 8df58e07-68c9-4ff2-9b58-7910e7721455
[2m2026-05-02T09:02:18.384352Z[0m [32m INFO[0m [2mphantom_core::api::routes::devices[0m[2m:[0m Heartbeat from 8df58e07-68c9-4ff2-9b58-7910e7721455
[2m2026-05-02T09:02:48.402035Z[0m [32m INFO[0m [2mphantom_core::api::routes::devices[0m[2m:[0m Heartbeat from 8df58e07-68c9-4ff2-9b58-7910e7721455
[2m2026-05-02T09:03:23.209080Z[0m [32m INFO[0m [2mphantom_core::api::routes::devices[0m[2m:[0m Heartbeat from 8df58e07-68c9-4ff2-9b58-7910e7721455
[2m2026-05-02T09:03:53.219149Z[0m [32m INFO[0m [2mphantom_core::api::routes::devices[0m[2m:[0m Heartbeat from 8df58e07-68c9-4ff2-9b58-7910e7721455
[2m2026-05-02T09:04:27.607768Z[0m [32m INFO[0m [2mphantom_core::api::routes::devices[0m[2m:[0m Heartbeat from 8df58e07-68c9-4ff2-9b58-7910e7721455
[2m2026-05-02T09:04:57.617437Z[0m [32m INFO[0m [2mphantom_core::api::routes::devices[0m[2m:[0m Heartbeat from 8df58e07-68c9-4ff2-9b58-7910e7721455
[2m2026-05-02T09:05:32.258836Z[0m [32m INFO[0m [2mphantom_core::api::routes::devices[0m[2m:[0m Heartbeat from 8df58e07-68c9-4ff2-9b58-7910e7721455
[2m2026-05-02T09:06:02.268830Z[0m [32m INFO[0m [2mphantom_core::api::routes::devices[0m[2m:[0m Heartbeat from 8df58e07-68c9-4ff2-9b58-7910e7721455
[2m2026-05-02T09:06:40.192961Z[0m [32m INFO[0m [2mphantom_core::api::routes::devices[0m[2m:[0m Heartbeat from 8df58e07-68c9-4ff2-9b58-7910e7721455
[2m2026-05-02T09:07:10.200518Z[0m [32m INFO[0m [2mphantom_core::api::routes::devices[0m[2m:[0m Heartbeat from 8df58e07-68c9-4ff2-9b58-7910e7721455
[2m2026-05-02T09:07:44.504731Z[0m [32m INFO[0m [2mphantom_core::api::routes::devices[0m[2m:[0m Heartbeat from 8df58e07-68c9-4ff2-9b58-7910e7721455
[2m2026-05-02T09:08:14.515270Z[0m [32m INFO[0m [2mphantom_core::api::routes::devices[0m[2m:[0m Heartbeat from 8df58e07-68c9-4ff2-9b58-7910e7721455
[2m2026-05-02T09:08:48.042817Z[0m [32m INFO[0m [2mphantom_core::api::routes::devices[0m[2m:[0m Heartbeat from 8df58e07-68c9-4ff2-9b58-7910e7721455
[2m2026-05-02T09:09:18.055682Z[0m [32m INFO[0m [2mphantom_core::api::routes::devices[0m[2m:[0m Heartbeat from 8df58e07-68c9-4ff2-9b58-7910e7721455
[2m2026-05-02T09:09:55.461845Z[0m [32m INFO[0m [2mphantom_core::api::routes::devices[0m[2m:[0m Heartbeat from 8df58e07-68c9-4ff2-9b58-7910e7721455
[2m2026-05-02T09:10:25.470992Z[0m [32m INFO[0m [2mphantom_core::api::routes::devices[0m[2m:[0m Heartbeat from 8df58e07-68c9-4ff2-9b58-7910e7721455
[2m2026-05-02T09:10:59.591031Z[0m [32m INFO[0m [2mphantom_core::api::routes::devices[0m[2m:[0m Heartbeat from 8df58e07-68c9-4ff2-9b58-7910e7721455
[2m2026-05-02T09:11:29.595254Z[0m [32m INFO[0m [2mphantom_core::api::routes::devices[0m[2m:[0m Heartbeat from 8df58e07-68c9-4ff2-9b58-7910e7721455
[2m2026-05-02T09:12:09.005991Z[0m [32m INFO[0m [2mphantom_core::api::routes::devices[0m[2m:[0m Heartbeat from 8df58e07-68c9-4ff2-9b58-7910e7721455
[2m2026-05-02T09:12:39.019931Z[0m [32m INFO[0m [2mphantom_core::api::routes::devices[0m[2m:[0m Heartbeat from 8df58e07-68c9-4ff2-9b58-7910e7721455
[2m2026-05-02T09:13:15.403795Z[0m [32m INFO[0m [2mphantom_core::api::routes::devices[0m[2m:[0m Heartbeat from 8df58e07-68c9-4ff2-9b58-7910e7721455
[2m2026-05-02T09:13:45.416513Z[0m [32m INFO[0m [2mphantom_core::api::routes::devices[0m[2m:[0m Heartbeat from 8df58e07-68c9-4ff2-9b58-7910e7721455
[2m2026-05-02T09:14:22.073268Z[0m [32m INFO[0m [2mphantom_core::api::routes::devices[0m[2m:[0m Heartbeat from 8df58e07-68c9-4ff2-9b58-7910e7721455
[2m2026-05-02T09:14:52.086469Z[0m [32m INFO[0m [2mphantom_core::api::routes::devices[0m[2m:[0m Heartbeat from 8df58e07-68c9-4ff2-9b58-7910e7721455
[2m2026-05-02T09:15:29.611732Z[0m [32m INFO[0m [2mphantom_core::api::routes::devices[0m[2m:[0m Heartbeat from 8df58e07-68c9-4ff2-9b58-7910e7721455
[2m2026-05-02T09:15:59.629955Z[0m [32m INFO[0m [2mphantom_core::api::routes::devices[0m[2m:[0m Heartbeat from 8df58e07-68c9-4ff2-9b58-7910e7721455
[2m2026-05-02T09:16:40.271720Z[0m [32m INFO[0m [2mphantom_core::api::routes::devices[0m[2m:[0m Heartbeat from 8df58e07-68c9-4ff2-9b58-7910e7721455
[2m2026-05-02T09:17:10.285444Z[0m [32m INFO[0m [2mphantom_core::api::routes::devices[0m[2m:[0m Heartbeat from 8df58e07-68c9-4ff2-9b58-7910e7721455
[2m2026-05-02T09:17:46.518957Z[0m [32m INFO[0m [2mphantom_core::api::routes::devices[0m[2m:[0m Heartbeat from 8df58e07-68c9-4ff2-9b58-7910e7721455
[2m2026-05-02T09:18:16.531211Z[0m [32m INFO[0m [2mphantom_core::api::routes::devices[0m[2m:[0m Heartbeat from 8df58e07-68c9-4ff2-9b58-7910e7721455
[2m2026-05-02T09:19:01.493362Z[0m [32m INFO[0m [2mphantom_core::api::routes::devices[0m[2m:[0m Heartbeat from 8df58e07-68c9-4ff2-9b58-7910e7721455
[2m2026-05-02T09:19:31.497044Z[0m [32m INFO[0m [2mphantom_core::api::routes::devices[0m[2m:[0m Heartbeat from 8df58e07-68c9-4ff2-9b58-7910e7721455
[2m2026-05-02T09:20:05.917384Z[0m [32m INFO[0m [2mphantom_core::api::routes::devices[0m[2m:[0m Heartbeat from 8df58e07-68c9-4ff2-9b58-7910e7721455
[2m2026-05-02T09:20:35.923132Z[0m [32m INFO[0m [2mphantom_core::api::routes::devices[0m[2m:[0m Heartbeat from 8df58e07-68c9-4ff2-9b58-7910e7721455
[2m2026-05-02T09:21:10.007494Z[0m [32m INFO[0m [2mphantom_core::api::routes::devices[0m[2m:[0m Heartbeat from 8df58e07-68c9-4ff2-9b58-7910e7721455
[2m2026-05-02T09:21:40.024886Z[0m [32m INFO[0m [2mphantom_core::api::routes::devices[0m[2m:[0m Heartbeat from 8df58e07-68c9-4ff2-9b58-7910e7721455
[2m2026-05-02T09:22:17.146925Z[0m [32m INFO[0m [2mphantom_core::api::routes::devices[0m[2m:[0m Heartbeat from 8df58e07-68c9-4ff2-9b58-7910e7721455
[2m2026-05-02T09:22:47.149262Z[0m [32m INFO[0m [2mphantom_core::api::routes::devices[0m[2m:[0m Heartbeat from 8df58e07-68c9-4ff2-9b58-7910e7721455
[2m2026-05-02T09:24:43.426511Z[0m [32m INFO[0m [2mphantom_core::api::routes::devices[0m[2m:[0m Heartbeat from 8df58e07-68c9-4ff2-9b58-7910e7721455
[2m2026-05-02T09:25:13.438112Z[0m [32m INFO[0m [2mphantom_core::api::routes::devices[0m[2m:[0m Heartbeat from 8df58e07-68c9-4ff2-9b58-7910e7721455
[2m2026-05-02T09:25:47.658870Z[0m [32m INFO[0m [2mphantom_core::api::routes::devices[0m[2m:[0m Heartbeat from 8df58e07-68c9-4ff2-9b58-7910e7721455
[2m2026-05-02T09:26:17.683063Z[0m [32m INFO[0m [2mphantom_core::api::routes::devices[0m[2m:[0m Heartbeat from 8df58e07-68c9-4ff2-9b58-7910e7721455
[2m2026-05-02T09:26:53.690998Z[0m [32m INFO[0m [2mphantom_core::api::routes::devices[0m[2m:[0m Heartbeat from 8df58e07-68c9-4ff2-9b58-7910e7721455
[2m2026-05-02T09:27:23.707161Z[0m [32m INFO[0m [2mphantom_core::api::routes::devices[0m[2m:[0m Heartbeat from 8df58e07-68c9-4ff2-9b58-7910e7721455
[2m2026-05-02T09:27:58.290641Z[0m [32m INFO[0m [2mphantom_core::api::routes::devices[0m[2m:[0m Heartbeat from 8df58e07-68c9-4ff2-9b58-7910e7721455
[2m2026-05-02T09:28:28.305758Z[0m [32m INFO[0m [2mphantom_core::api::routes::devices[0m[2m:[0m Heartbeat from 8df58e07-68c9-4ff2-9b58-7910e7721455
[2m2026-05-02T09:29:02.333276Z[0m [32m INFO[0m [2mphantom_core::api::routes::devices[0m[2m:[0m Heartbeat from 8df58e07-68c9-4ff2-9b58-7910e7721455
[2m2026-05-02T09:29:32.351960Z[0m [32m INFO[0m [2mphantom_core::api::routes::devices[0m[2m:[0m Heartbeat from 8df58e07-68c9-4ff2-9b58-7910e7721455
[2m2026-05-02T09:30:06.686812Z[0m [32m INFO[0m [2mphantom_core::api::routes::devices[0m[2m:[0m Heartbeat from 8df58e07-68c9-4ff2-9b58-7910e7721455
[2m2026-05-02T09:30:36.701434Z[0m [32m INFO[0m [2mphantom_core::api::routes::devices[0m[2m:[0m Heartbeat from 8df58e07-68c9-4ff2-9b58-7910e7721455
[2m2026-05-02T09:31:10.506091Z[0m [32m INFO[0m [2mphantom_core::api::routes::devices[0m[2m:[0m Heartbeat from 8df58e07-68c9-4ff2-9b58-7910e7721455
[2m2026-05-02T09:31:40.517791Z[0m [32m INFO[0m [2mphantom_core::api::routes::devices[0m[2m:[0m Heartbeat from 8df58e07-68c9-4ff2-9b58-7910e7721455
[2m2026-05-02T09:32:14.204659Z[0m [32m INFO[0m [2mphantom_core::api::routes::devices[0m[2m:[0m Heartbeat from 8df58e07-68c9-4ff2-9b58-7910e7721455
[2m2026-05-02T09:32:44.209925Z[0m [32m INFO[0m [2mphantom_core::api::routes::devices[0m[2m:[0m Heartbeat from 8df58e07-68c9-4ff2-9b58-7910e7721455
[2m2026-05-02T09:33:22.874731Z[0m [32m INFO[0m [2mphantom_core::api::routes::devices[0m[2m:[0m Heartbeat from 8df58e07-68c9-4ff2-9b58-7910e7721455
[2m2026-05-02T09:33:52.880024Z[0m [32m INFO[0m [2mphantom_core::api::routes::devices[0m[2m:[0m Heartbeat from 8df58e07-68c9-4ff2-9b58-7910e7721455
[2m2026-05-02T09:34:27.188847Z[0m [32m INFO[0m [2mphantom_core::api::routes::devices[0m[2m:[0m Heartbeat from 8df58e07-68c9-4ff2-9b58-7910e7721455
[2m2026-05-02T09:34:57.202699Z[0m [32m INFO[0m [2mphantom_core::api::routes::devices[0m[2m:[0m Heartbeat from 8df58e07-68c9-4ff2-9b58-7910e7721455
[2m2026-05-02T09:35:31.815817Z[0m [32m INFO[0m [2mphantom_core::api::routes::devices[0m[2m:[0m Heartbeat from 8df58e07-68c9-4ff2-9b58-7910e7721455
[2m2026-05-02T09:36:01.823340Z[0m [32m INFO[0m [2mphantom_core::api::routes::devices[0m[2m:[0m Heartbeat from 8df58e07-68c9-4ff2-9b58-7910e7721455
[2m2026-05-02T09:36:38.332456Z[0m [32m INFO[0m [2mphantom_core::api::routes::devices[0m[2m:[0m Heartbeat from 8df58e07-68c9-4ff2-9b58-7910e7721455
[2m2026-05-02T09:37:08.338447Z[0m [32m INFO[0m [2mphantom_core::api::routes::devices[0m[2m:[0m Heartbeat from 8df58e07-68c9-4ff2-9b58-7910e7721455
[2m2026-05-02T09:37:45.394437Z[0m [32m INFO[0m [2mphantom_core::api::routes::devices[0m[2m:[0m Heartbeat from 8df58e07-68c9-4ff2-9b58-7910e7721455
[2m2026-05-02T09:38:15.403663Z[0m [32m INFO[0m [2mphantom_core::api::routes::devices[0m[2m:[0m Heartbeat from 8df58e07-68c9-4ff2-9b58-7910e7721455
[2m2026-05-02T09:38:58.297010Z[0m [32m INFO[0m [2mphantom_core::api::routes::devices[0m[2m:[0m Heartbeat from 8df58e07-68c9-4ff2-9b58-7910e7721455
[2m2026-05-02T09:39:28.305738Z[0m [32m INFO[0m [2mphantom_core::api::routes::devices[0m[2m:[0m Heartbeat from 8df58e07-68c9-4ff2-9b58-7910e7721455
[2m2026-05-02T09:40:07.076877Z[0m [32m INFO[0m [2mphantom_core::api::routes::devices[0m[2m:[0m Heartbeat from 8df58e07-68c9-4ff2-9b58-7910e7721455
[2m2026-05-02T09:40:37.087439Z[0m [32m INFO[0m [2mphantom_core::api::routes::devices[0m[2m:[0m Heartbeat from 8df58e07-68c9-4ff2-9b58-7910e7721455
[2m2026-05-02T09:41:12.331660Z[0m [32m INFO[0m [2mphantom_core::api::routes::devices[0m[2m:[0m Heartbeat from 8df58e07-68c9-4ff2-9b58-7910e7721455
[2m2026-05-02T09:41:42.345328Z[0m [32m INFO[0m [2mphantom_core::api::routes::devices[0m[2m:[0m Heartbeat from 8df58e07-68c9-4ff2-9b58-7910e7721455
[2m2026-05-02T09:42:52.399051Z[0m [32m INFO[0m [2mphantom_core::api::routes::devices[0m[2m:[0m Heartbeat from 8df58e07-68c9-4ff2-9b58-7910e7721455
[2m2026-05-02T09:43:22.401211Z[0m [32m INFO[0m [2mphantom_core::api::routes::devices[0m[2m:[0m Heartbeat from 8df58e07-68c9-4ff2-9b58-7910e7721455
[2m2026-05-02T09:43:59.737172Z[0m [32m INFO[0m [2mphantom_core::api::routes::devices[0m[2m:[0m Heartbeat from 8df58e07-68c9-4ff2-9b58-7910e7721455
[2m2026-05-02T09:44:29.739945Z[0m [32m INFO[0m [2mphantom_core::api::routes::devices[0m[2m:[0m Heartbeat from 8df58e07-68c9-4ff2-9b58-7910e7721455
[2m2026-05-02T09:45:08.036559Z[0m [32m INFO[0m [2mphantom_core::api::routes::devices[0m[2m:[0m Heartbeat from 8df58e07-68c9-4ff2-9b58-7910e7721455
[2m2026-05-02T09:45:38.047642Z[0m [32m INFO[0m [2mphantom_core::api::routes::devices[0m[2m:[0m Heartbeat from 8df58e07-68c9-4ff2-9b58-7910e7721455
[2m2026-05-02T09:46:13.333666Z[0m [32m INFO[0m [2mphantom_core::api::routes::devices[0m[2m:[0m Heartbeat from 8df58e07-68c9-4ff2-9b58-7910e7721455
[2m2026-05-02T09:46:43.347923Z[0m [32m INFO[0m [2mphantom_core::api::routes::devices[0m[2m:[0m Heartbeat from 8df58e07-68c9-4ff2-9b58-7910e7721455
[2m2026-05-02T09:47:17.773777Z[0m [32m INFO[0m [2mphantom_core::api::routes::devices[0m[2m:[0m Heartbeat from 8df58e07-68c9-4ff2-9b58-7910e7721455
[2m2026-05-02T09:47:47.777887Z[0m [32m INFO[0m [2mphantom_core::api::routes::devices[0m[2m:[0m Heartbeat from 8df58e07-68c9-4ff2-9b58-7910e7721455
[2m2026-05-02T09:48:23.005502Z[0m [32m INFO[0m [2mphantom_core::api::routes::devices[0m[2m:[0m Heartbeat from 8df58e07-68c9-4ff2-9b58-7910e7721455
[2m2026-05-02T09:48:53.014083Z[0m [32m INFO[0m [2mphantom_core::api::routes::devices[0m[2m:[0m Heartbeat from 8df58e07-68c9-4ff2-9b58-7910e7721455
[2m2026-05-02T09:49:28.894076Z[0m [32m INFO[0m [2mphantom_core::api::routes::devices[0m[2m:[0m Heartbeat from 8df58e07-68c9-4ff2-9b58-7910e7721455
[2m2026-05-02T09:49:58.898375Z[0m [32m INFO[0m [2mphantom_core::api::routes::devices[0m[2m:[0m Heartbeat from 8df58e07-68c9-4ff2-9b58-7910e7721455
[2m2026-05-02T09:50:35.398089Z[0m [32m INFO[0m [2mphantom_core::api::routes::devices[0m[2m:[0m Heartbeat from 8df58e07-68c9-4ff2-9b58-7910e7721455
[2m2026-05-02T09:51:05.402077Z[0m [32m INFO[0m [2mphantom_core::api::routes::devices[0m[2m:[0m Heartbeat from 8df58e07-68c9-4ff2-9b58-7910e7721455
[2m2026-05-02T09:51:41.475845Z[0m [32m INFO[0m [2mphantom_core::api::routes::devices[0m[2m:[0m Heartbeat from 8df58e07-68c9-4ff2-9b58-7910e7721455
[2m2026-05-02T09:52:11.480228Z[0m [32m INFO[0m [2mphantom_core::api::routes::devices[0m[2m:[0m Heartbeat from 8df58e07-68c9-4ff2-9b58-7910e7721455
[2m2026-05-02T09:52:49.206897Z[0m [32m INFO[0m [2mphantom_core::api::routes::devices[0m[2m:[0m Heartbeat from 8df58e07-68c9-4ff2-9b58-7910e7721455
[2m2026-05-02T09:53:19.216516Z[0m [32m INFO[0m [2mphantom_core::api::routes::devices[0m[2m:[0m Heartbeat from 8df58e07-68c9-4ff2-9b58-7910e7721455
[2m2026-05-02T09:55:06.305052Z[0m [32m INFO[0m [2mphantom_core[0m[2m:[0m PHANTOM Core v1.0.0 starting...
[2m2026-05-02T09:55:06.305564Z[0m [32m INFO[0m [2mphantom_core[0m[2m:[0m Config loaded from: ./data
[2m2026-05-02T09:55:06.333356Z[0m [32m INFO[0m [2mphantom_core::db::migrations[0m[2m:[0m Database migrations applied
[2m2026-05-02T09:55:06.359709Z[0m [32m INFO[0m [2mphantom_core[0m[2m:[0m Database initialized
[2m2026-05-02T09:55:06.372738Z[0m [32m INFO[0m [2mphantom_core[0m[2m:[0m PHANTOM Core running on port 8000
[2m2026-05-02T09:55:06.422872Z[0m [32m INFO[0m [2mphantom_core::api[0m[2m:[0m API listening on 0.0.0.0:8000
[2m2026-05-02T09:55:06.829720Z[0m [32m INFO[0m [2mphantom_core::api::routes::devices[0m[2m:[0m Heartbeat from 2b1979ad-1c21-4132-85b9-71baee81d2c2
[2m2026-05-02T09:55:36.948080Z[0m [32m INFO[0m [2mphantom_core::api::routes::devices[0m[2m:[0m Heartbeat from 2b1979ad-1c21-4132-85b9-71baee81d2c2
[2m2026-05-02T09:56:06.968034Z[0m [32m INFO[0m [2mphantom_core::api::routes::devices[0m[2m:[0m Heartbeat from 2b1979ad-1c21-4132-85b9-71baee81d2c2
[2m2026-05-02T09:56:36.982483Z[0m [32m INFO[0m [2mphantom_core::api::routes::devices[0m[2m:[0m Heartbeat from 2b1979ad-1c21-4132-85b9-71baee81d2c2
[2m2026-05-02T09:57:06.987852Z[0m [32m INFO[0m [2mphantom_core::api::routes::devices[0m[2m:[0m Heartbeat from 2b1979ad-1c21-4132-85b9-71baee81d2c2
[2m2026-05-02T09:57:36.993880Z[0m [32m INFO[0m [2mphantom_core::api::routes::devices[0m[2m:[0m Heartbeat from 2b1979ad-1c21-4132-85b9-71baee81d2c2
[2m2026-05-02T09:58:07.009323Z[0m [32m INFO[0m [2mphantom_core::api::routes::devices[0m[2m:[0m Heartbeat from 2b1979ad-1c21-4132-85b9-71baee81d2c2
[2m2026-05-02T09:58:38.358826Z[0m [32m INFO[0m [2mphantom_core::api::routes::devices[0m[2m:[0m Heartbeat from 2b1979ad-1c21-4132-85b9-71baee81d2c2
[2m2026-05-02T09:59:08.364978Z[0m [32m INFO[0m [2mphantom_core::api::routes::devices[0m[2m:[0m Heartbeat from 2b1979ad-1c21-4132-85b9-71baee81d2c2
[2m2026-05-02T09:59:49.605996Z[0m [32m INFO[0m [2mphantom_core::api::routes::devices[0m[2m:[0m Heartbeat from 2b1979ad-1c21-4132-85b9-71baee81d2c2
[2m2026-05-02T10:00:19.619446Z[0m [32m INFO[0m [2mphantom_core::api::routes::devices[0m[2m:[0m Heartbeat from 2b1979ad-1c21-4132-85b9-71baee81d2c2
[2m2026-05-02T10:00:50.882007Z[0m [32m INFO[0m [2mphantom_core[0m[2m:[0m PHANTOM Core v1.0.0 starting...
[2m2026-05-02T10:00:50.882228Z[0m [32m INFO[0m [2mphantom_core[0m[2m:[0m Config loaded from: ./data
[2m2026-05-02T10:00:50.893122Z[0m [32m INFO[0m [2mphantom_core::db::migrations[0m[2m:[0m Database migrations applied
[2m2026-05-02T10:00:50.893164Z[0m [32m INFO[0m [2mphantom_core[0m[2m:[0m Database initialized
[2m2026-05-02T10:00:50.893171Z[0m [32m INFO[0m [2mphantom_core[0m[2m:[0m PHANTOM Core running on port 8000
[2m2026-05-02T10:00:50.894021Z[0m [32m INFO[0m [2mphantom_core::api[0m[2m:[0m API listening on 0.0.0.0:8000
[2m2026-05-02T10:00:53.233651Z[0m [32m INFO[0m [2mphantom_core::api::routes::devices[0m[2m:[0m Heartbeat from acbf5962-40c2-403b-8951-b003328dcca2
[2m2026-05-02T10:01:23.240141Z[0m [32m INFO[0m [2mphantom_core::api::routes::devices[0m[2m:[0m Heartbeat from acbf5962-40c2-403b-8951-b003328dcca2
[2m2026-05-02T10:01:53.256400Z[0m [32m INFO[0m [2mphantom_core::api::routes::devices[0m[2m:[0m Heartbeat from acbf5962-40c2-403b-8951-b003328dcca2
[2m2026-05-02T10:02:23.266676Z[0m [32m INFO[0m [2mphantom_core::api::routes::devices[0m[2m:[0m Heartbeat from acbf5962-40c2-403b-8951-b003328dcca2
[2m2026-05-02T10:02:53.281208Z[0m [32m INFO[0m [2mphantom_core::api::routes::devices[0m[2m:[0m Heartbeat from acbf5962-40c2-403b-8951-b003328dcca2
[2m2026-05-02T10:03:23.302244Z[0m [32m INFO[0m [2mphantom_core::api::routes::devices[0m[2m:[0m Heartbeat from acbf5962-40c2-403b-8951-b003328dcca2
[2m2026-05-02T10:03:53.305388Z[0m [32m INFO[0m [2mphantom_core::api::routes::devices[0m[2m:[0m Heartbeat from acbf5962-40c2-403b-8951-b003328dcca2
[2m2026-05-02T10:04:23.314384Z[0m [32m INFO[0m [2mphantom_core::api::routes::devices[0m[2m:[0m Heartbeat from acbf5962-40c2-403b-8951-b003328dcca2
[2m2026-05-02T10:04:53.327338Z[0m [32m INFO[0m [2mphantom_core::api::routes::devices[0m[2m:[0m Heartbeat from acbf5962-40c2-403b-8951-b003328dcca2
[2m2026-05-02T10:05:23.335607Z[0m [32m INFO[0m [2mphantom_core::api::routes::devices[0m[2m:[0m Heartbeat from acbf5962-40c2-403b-8951-b003328dcca2
[2m2026-05-02T10:05:53.338155Z[0m [32m INFO[0m [2mphantom_core::api::routes::devices[0m[2m:[0m Heartbeat from acbf5962-40c2-403b-8951-b003328dcca2
[2m2026-05-02T10:06:23.349915Z[0m [32m INFO[0m [2mphantom_core::api::routes::devices[0m[2m:[0m Heartbeat from acbf5962-40c2-403b-8951-b003328dcca2
[2m2026-05-02T10:06:53.352952Z[0m [32m INFO[0m [2mphantom_core::api::routes::devices[0m[2m:[0m Heartbeat from acbf5962-40c2-403b-8951-b003328dcca2
[2m2026-05-02T10:07:29.867594Z[0m [32m INFO[0m [2mphantom_core::api::routes::devices[0m[2m:[0m Heartbeat from acbf5962-40c2-403b-8951-b003328dcca2
[2m2026-05-02T10:07:59.872104Z[0m [32m INFO[0m [2mphantom_core::api::routes::devices[0m[2m:[0m Heartbeat from acbf5962-40c2-403b-8951-b003328dcca2
[2m2026-05-02T10:08:34.283153Z[0m [32m INFO[0m [2mphantom_core::api::routes::devices[0m[2m:[0m Heartbeat from acbf5962-40c2-403b-8951-b003328dcca2
[2m2026-05-02T10:09:04.301275Z[0m [32m INFO[0m [2mphantom_core::api::routes::devices[0m[2m:[0m Heartbeat from acbf5962-40c2-403b-8951-b003328dcca2
[2m2026-05-02T10:09:39.113251Z[0m [32m INFO[0m [2mphantom_core::api::routes::devices[0m[2m:[0m Heartbeat from acbf5962-40c2-403b-8951-b003328dcca2
[2m2026-05-02T10:10:09.130684Z[0m [32m INFO[0m [2mphantom_core::api::routes::devices[0m[2m:[0m Heartbeat from acbf5962-40c2-403b-8951-b003328dcca2
[2m2026-05-02T10:10:43.237160Z[0m [32m INFO[0m [2mphantom_core::api::routes::devices[0m[2m:[0m Heartbeat from acbf5962-40c2-403b-8951-b003328dcca2
[2m2026-05-02T10:11:13.244719Z[0m [32m INFO[0m [2mphantom_core::api::routes::devices[0m[2m:[0m Heartbeat from acbf5962-40c2-403b-8951-b003328dcca2
[2m2026-05-02T10:11:47.002631Z[0m [32m INFO[0m [2mphantom_core::api::routes::devices[0m[2m:[0m Heartbeat from acbf5962-40c2-403b-8951-b003328dcca2
[2m2026-05-02T10:12:17.007313Z[0m [32m INFO[0m [2mphantom_core::api::routes::devices[0m[2m:[0m Heartbeat from acbf5962-40c2-403b-8951-b003328dcca2
[2m2026-05-02T10:12:51.374694Z[0m [32m INFO[0m [2mphantom_core::api::routes::devices[0m[2m:[0m Heartbeat from acbf5962-40c2-403b-8951-b003328dcca2
[2m2026-05-02T10:13:21.388655Z[0m [32m INFO[0m [2mphantom_core::api::routes::devices[0m[2m:[0m Heartbeat from acbf5962-40c2-403b-8951-b003328dcca2
[2m2026-05-02T10:13:58.391336Z[0m [32m INFO[0m [2mphantom_core::api::routes::devices[0m[2m:[0m Heartbeat from acbf5962-40c2-403b-8951-b003328dcca2
[2m2026-05-02T10:14:28.406074Z[0m [32m INFO[0m [2mphantom_core::api::routes::devices[0m[2m:[0m Heartbeat from acbf5962-40c2-403b-8951-b003328dcca2
[2m2026-05-02T10:15:04.326936Z[0m [32m INFO[0m [2mphantom_core::api::routes::devices[0m[2m:[0m Heartbeat from acbf5962-40c2-403b-8951-b003328dcca2
[2m2026-05-02T10:15:34.346907Z[0m [32m INFO[0m [2mphantom_core::api::routes::devices[0m[2m:[0m Heartbeat from acbf5962-40c2-403b-8951-b003328dcca2
[2m2026-05-02T10:16:10.918307Z[0m [32m INFO[0m [2mphantom_core::api::routes::devices[0m[2m:[0m Heartbeat from acbf5962-40c2-403b-8951-b003328dcca2
[2m2026-05-02T10:16:40.923891Z[0m [32m INFO[0m [2mphantom_core::api::routes::devices[0m[2m:[0m Heartbeat from acbf5962-40c2-403b-8951-b003328dcca2
[2m2026-05-02T10:17:14.815745Z[0m [32m INFO[0m [2mphantom_core::api::routes::devices[0m[2m:[0m Heartbeat from acbf5962-40c2-403b-8951-b003328dcca2
[2m2026-05-02T10:17:44.821140Z[0m [32m INFO[0m [2mphantom_core::api::routes::devices[0m[2m:[0m Heartbeat from acbf5962-40c2-403b-8951-b003328dcca2
[2m2026-05-02T10:18:20.749775Z[0m [32m INFO[0m [2mphantom_core::api::routes::devices[0m[2m:[0m Heartbeat from acbf5962-40c2-403b-8951-b003328dcca2
[2m2026-05-02T10:18:50.753305Z[0m [32m INFO[0m [2mphantom_core::api::routes::devices[0m[2m:[0m Heartbeat from acbf5962-40c2-403b-8951-b003328dcca2
[2m2026-05-02T10:19:25.348317Z[0m [32m INFO[0m [2mphantom_core::api::routes::devices[0m[2m:[0m Heartbeat from acbf5962-40c2-403b-8951-b003328dcca2
[2m2026-05-02T10:19:55.357979Z[0m [32m INFO[0m [2mphantom_core::api::routes::devices[0m[2m:[0m Heartbeat from acbf5962-40c2-403b-8951-b003328dcca2
[2m2026-05-02T10:20:30.762982Z[0m [32m INFO[0m [2mphantom_core::api::routes::devices[0m[2m:[0m Heartbeat from acbf5962-40c2-403b-8951-b003328dcca2
[2m2026-05-02T10:21:00.771368Z[0m [32m INFO[0m [2mphantom_core::api::routes::devices[0m[2m:[0m Heartbeat from acbf5962-40c2-403b-8951-b003328dcca2
[2m2026-05-02T10:21:38.468554Z[0m [32m INFO[0m [2mphantom_core::api::routes::devices[0m[2m:[0m Heartbeat from acbf5962-40c2-403b-8951-b003328dcca2
[2m2026-05-02T10:22:08.476111Z[0m [32m INFO[0m [2mphantom_core::api::routes::devices[0m[2m:[0m Heartbeat from acbf5962-40c2-403b-8951-b003328dcca2
[2m2026-05-02T10:22:45.599618Z[0m [32m INFO[0m [2mphantom_core::api::routes::devices[0m[2m:[0m Heartbeat from acbf5962-40c2-403b-8951-b003328dcca2
[2m2026-05-02T10:23:15.610130Z[0m [32m INFO[0m [2mphantom_core::api::routes::devices[0m[2m:[0m Heartbeat from acbf5962-40c2-403b-8951-b003328dcca2
[2m2026-05-02T10:23:52.287030Z[0m [32m INFO[0m [2mphantom_core::api::routes::devices[0m[2m:[0m Heartbeat from acbf5962-40c2-403b-8951-b003328dcca2
[2m2026-05-02T10:24:22.293284Z[0m [32m INFO[0m [2mphantom_core::api::routes::devices[0m[2m:[0m Heartbeat from acbf5962-40c2-403b-8951-b003328dcca2
[2m2026-05-02T10:25:44.610457Z[0m [32m INFO[0m [2mphantom_core::api::routes::devices[0m[2m:[0m Heartbeat from acbf5962-40c2-403b-8951-b003328dcca2
[2m2026-05-02T10:26:14.625487Z[0m [32m INFO[0m [2mphantom_core::api::routes::devices[0m[2m:[0m Heartbeat from acbf5962-40c2-403b-8951-b003328dcca2
[2m2026-05-02T10:27:42.212026Z[0m [32m INFO[0m [2mphantom_core::api::routes::devices[0m[2m:[0m Heartbeat from acbf5962-40c2-403b-8951-b003328dcca2
[2m2026-05-02T10:28:12.218485Z[0m [32m INFO[0m [2mphantom_core::api::routes::devices[0m[2m:[0m Heartbeat from acbf5962-40c2-403b-8951-b003328dcca2
[2m2026-05-02T10:28:49.138820Z[0m [32m INFO[0m [2mphantom_core::api::routes::devices[0m[2m:[0m Heartbeat from acbf5962-40c2-403b-8951-b003328dcca2
[2m2026-05-02T10:29:19.141553Z[0m [32m INFO[0m [2mphantom_core::api::routes::devices[0m[2m:[0m Heartbeat from acbf5962-40c2-403b-8951-b003328dcca2
[2m2026-05-02T10:29:54.221134Z[0m [32m INFO[0m [2mphantom_core::api::routes::devices[0m[2m:[0m Heartbeat from acbf5962-40c2-403b-8951-b003328dcca2
[2m2026-05-02T10:30:24.234707Z[0m [32m INFO[0m [2mphantom_core::api::routes::devices[0m[2m:[0m Heartbeat from acbf5962-40c2-403b-8951-b003328dcca2
[2m2026-05-02T10:31:01.202040Z[0m [32m INFO[0m [2mphantom_core::api::routes::devices[0m[2m:[0m Heartbeat from acbf5962-40c2-403b-8951-b003328dcca2
[2m2026-05-02T10:31:31.215767Z[0m [32m INFO[0m [2mphantom_core::api::routes::devices[0m[2m:[0m Heartbeat from acbf5962-40c2-403b-8951-b003328dcca2
[2m2026-05-02T10:32:45.417930Z[0m [32m INFO[0m [2mphantom_core::api::routes::devices[0m[2m:[0m Heartbeat from acbf5962-40c2-403b-8951-b003328dcca2
[2m2026-05-02T10:33:15.438883Z[0m [32m INFO[0m [2mphantom_core::api::routes::devices[0m[2m:[0m Heartbeat from acbf5962-40c2-403b-8951-b003328dcca2
[2m2026-05-02T10:33:49.143416Z[0m [32m INFO[0m [2mphantom_core::api::routes::devices[0m[2m:[0m Heartbeat from acbf5962-40c2-403b-8951-b003328dcca2
[2m2026-05-02T10:34:19.170447Z[0m [32m INFO[0m [2mphantom_core::api::routes::devices[0m[2m:[0m Heartbeat from acbf5962-40c2-403b-8951-b003328dcca2
[2m2026-05-02T10:34:53.198808Z[0m [32m INFO[0m [2mphantom_core::api::routes::devices[0m[2m:[0m Heartbeat from acbf5962-40c2-403b-8951-b003328dcca2
[2m2026-05-02T10:35:23.202904Z[0m [32m INFO[0m [2mphantom_core::api::routes::devices[0m[2m:[0m Heartbeat from acbf5962-40c2-403b-8951-b003328dcca2
[2m2026-05-02T10:35:57.877866Z[0m [32m INFO[0m [2mphantom_core::api::routes::devices[0m[2m:[0m Heartbeat from acbf5962-40c2-403b-8951-b003328dcca2
[2m2026-05-02T10:36:27.890269Z[0m [32m INFO[0m [2mphantom_core::api::routes::devices[0m[2m:[0m Heartbeat from acbf5962-40c2-403b-8951-b003328dcca2
[2m2026-05-02T10:37:02.029838Z[0m [32m INFO[0m [2mphantom_core::api::routes::devices[0m[2m:[0m Heartbeat from acbf5962-40c2-403b-8951-b003328dcca2
[2m2026-05-02T10:37:32.047127Z[0m [32m INFO[0m [2mphantom_core::api::routes::devices[0m[2m:[0m Heartbeat from acbf5962-40c2-403b-8951-b003328dcca2
[2m2026-05-02T10:38:08.103375Z[0m [32m INFO[0m [2mphantom_core::api::routes::devices[0m[2m:[0m Heartbeat from acbf5962-40c2-403b-8951-b003328dcca2
[2m2026-05-02T10:38:38.114053Z[0m [32m INFO[0m [2mphantom_core::api::routes::devices[0m[2m:[0m Heartbeat from acbf5962-40c2-403b-8951-b003328dcca2
[2m2026-05-02T10:39:36.873827Z[0m [32m INFO[0m [2mphantom_core::api::routes::devices[0m[2m:[0m Heartbeat from acbf5962-40c2-403b-8951-b003328dcca2
[2m2026-05-02T10:40:06.883583Z[0m [32m INFO[0m [2mphantom_core::api::routes::devices[0m[2m:[0m Heartbeat from acbf5962-40c2-403b-8951-b003328dcca2
[2m2026-05-02T10:41:15.185107Z[0m [32m INFO[0m [2mphantom_core::api::routes::devices[0m[2m:[0m Heartbeat from acbf5962-40c2-403b-8951-b003328dcca2
[2m2026-05-02T10:41:45.191096Z[0m [32m INFO[0m [2mphantom_core::api::routes::devices[0m[2m:[0m Heartbeat from acbf5962-40c2-403b-8951-b003328dcca2
[2m2026-05-02T10:42:20.894889Z[0m [32m INFO[0m [2mphantom_core::api::routes::devices[0m[2m:[0m Heartbeat from acbf5962-40c2-403b-8951-b003328dcca2
[2m2026-05-02T10:42:50.908362Z[0m [32m INFO[0m [2mphantom_core::api::routes::devices[0m[2m:[0m Heartbeat from acbf5962-40c2-403b-8951-b003328dcca2
[2m2026-05-02T10:43:27.684849Z[0m [32m INFO[0m [2mphantom_core::api::routes::devices[0m[2m:[0m Heartbeat from acbf5962-40c2-403b-8951-b003328dcca2
[2m2026-05-02T10:43:57.694624Z[0m [32m INFO[0m [2mphantom_core::api::routes::devices[0m[2m:[0m Heartbeat from acbf5962-40c2-403b-8951-b003328dcca2
[2m2026-05-02T10:44:34.824375Z[0m [32m INFO[0m [2mphantom_core::api::routes::devices[0m[2m:[0m Heartbeat from acbf5962-40c2-403b-8951-b003328dcca2
[2m2026-05-02T10:45:04.838801Z[0m [32m INFO[0m [2mphantom_core::api::routes::devices[0m[2m:[0m Heartbeat from acbf5962-40c2-403b-8951-b003328dcca2
[2m2026-05-02T10:45:47.529467Z[0m [32m INFO[0m [2mphantom_core::api::routes::devices[0m[2m:[0m Heartbeat from acbf5962-40c2-403b-8951-b003328dcca2
[2m2026-05-02T10:46:17.536956Z[0m [32m INFO[0m [2mphantom_core::api::routes::devices[0m[2m:[0m Heartbeat from acbf5962-40c2-403b-8951-b003328dcca2
[2m2026-05-02T10:47:02.076765Z[0m [32m INFO[0m [2mphantom_core::api::routes::devices[0m[2m:[0m Heartbeat from acbf5962-40c2-403b-8951-b003328dcca2
[2m2026-05-02T10:47:32.093165Z[0m [32m INFO[0m [2mphantom_core::api::routes::devices[0m[2m:[0m Heartbeat from acbf5962-40c2-403b-8951-b003328dcca2
[2m2026-05-02T10:48:14.205012Z[0m [32m INFO[0m [2mphantom_core::api::routes::devices[0m[2m:[0m Heartbeat from acbf5962-40c2-403b-8951-b003328dcca2
[2m2026-05-02T10:48:44.220427Z[0m [32m INFO[0m [2mphantom_core::api::routes::devices[0m[2m:[0m Heartbeat from acbf5962-40c2-403b-8951-b003328dcca2
[2m2026-05-02T10:49:27.540448Z[0m [32m INFO[0m [2mphantom_core::api::routes::devices[0m[2m:[0m Heartbeat from acbf5962-40c2-403b-8951-b003328dcca2
[2m2026-05-02T10:49:57.550074Z[0m [32m INFO[0m [2mphantom_core::api::routes::devices[0m[2m:[0m Heartbeat from acbf5962-40c2-403b-8951-b003328dcca2
[2m2026-05-02T10:50:44.258845Z[0m [32m INFO[0m [2mphantom_core::api::routes::devices[0m[2m:[0m Heartbeat from acbf5962-40c2-403b-8951-b003328dcca2
[2m2026-05-02T10:51:14.266909Z[0m [32m INFO[0m [2mphantom_core::api::routes::devices[0m[2m:[0m Heartbeat from acbf5962-40c2-403b-8951-b003328dcca2
[2m2026-05-02T10:52:02.382947Z[0m [32m INFO[0m [2mphantom_core::api::routes::devices[0m[2m:[0m Heartbeat from acbf5962-40c2-403b-8951-b003328dcca2
[2m2026-05-02T10:52:32.403361Z[0m [32m INFO[0m [2mphantom_core::api::routes::devices[0m[2m:[0m Heartbeat from acbf5962-40c2-403b-8951-b003328dcca2
[2m2026-05-02T10:53:17.573635Z[0m [32m INFO[0m [2mphantom_core::api::routes::devices[0m[2m:[0m Heartbeat from acbf5962-40c2-403b-8951-b003328dcca2
[2m2026-05-02T10:53:47.600763Z[0m [32m INFO[0m [2mphantom_core::api::routes::devices[0m[2m:[0m Heartbeat from acbf5962-40c2-403b-8951-b003328dcca2
[2m2026-05-02T10:54:31.536617Z[0m [32m INFO[0m [2mphantom_core::api::routes::devices[0m[2m:[0m Heartbeat from acbf5962-40c2-403b-8951-b003328dcca2
[2m2026-05-02T10:55:01.550025Z[0m [32m INFO[0m [2mphantom_core::api::routes::devices[0m[2m:[0m Heartbeat from acbf5962-40c2-403b-8951-b003328dcca2
[2m2026-05-02T10:55:47.043956Z[0m [32m INFO[0m [2mphantom_core::api::routes::devices[0m[2m:[0m Heartbeat from acbf5962-40c2-403b-8951-b003328dcca2
[2m2026-05-02T10:56:17.092521Z[0m [32m INFO[0m [2mphantom_core::api::routes::devices[0m[2m:[0m Heartbeat from acbf5962-40c2-403b-8951-b003328dcca2
[2m2026-05-02T10:57:02.385472Z[0m [32m INFO[0m [2mphantom_core::api::routes::devices[0m[2m:[0m Heartbeat from acbf5962-40c2-403b-8951-b003328dcca2
[2m2026-05-02T10:57:32.394241Z[0m [32m INFO[0m [2mphantom_core::api::routes::devices[0m[2m:[0m Heartbeat from acbf5962-40c2-403b-8951-b003328dcca2
[2m2026-05-02T10:58:18.333416Z[0m [32m INFO[0m [2mphantom_core::api::routes::devices[0m[2m:[0m Heartbeat from acbf5962-40c2-403b-8951-b003328dcca2
[2m2026-05-02T10:58:48.343474Z[0m [32m INFO[0m [2mphantom_core::api::routes::devices[0m[2m:[0m Heartbeat from acbf5962-40c2-403b-8951-b003328dcca2
[2m2026-05-02T10:59:32.809136Z[0m [32m INFO[0m [2mphantom_core::api::routes::devices[0m[2m:[0m Heartbeat from acbf5962-40c2-403b-8951-b003328dcca2
[2m2026-05-02T11:00:02.827384Z[0m [32m INFO[0m [2mphantom_core::api::routes::devices[0m[2m:[0m Heartbeat from acbf5962-40c2-403b-8951-b003328dcca2
[2m2026-05-02T11:00:40.274270Z[0m [32m INFO[0m [2mphantom_core::api::routes::devices[0m[2m:[0m Heartbeat from acbf5962-40c2-403b-8951-b003328dcca2
[2m2026-05-02T11:01:10.288441Z[0m [32m INFO[0m [2mphantom_core::api::routes::devices[0m[2m:[0m Heartbeat from acbf5962-40c2-403b-8951-b003328dcca2
[2m2026-05-02T11:01:48.230241Z[0m [32m INFO[0m [2mphantom_core::api::routes::devices[0m[2m:[0m Heartbeat from acbf5962-40c2-403b-8951-b003328dcca2
[2m2026-05-02T11:02:18.243070Z[0m [32m INFO[0m [2mphantom_core::api::routes::devices[0m[2m:[0m Heartbeat from acbf5962-40c2-403b-8951-b003328dcca2
[2m2026-05-02T11:03:12.415905Z[0m [32m INFO[0m [2mphantom_core::api::routes::devices[0m[2m:[0m Heartbeat from acbf5962-40c2-403b-8951-b003328dcca2
[2m2026-05-02T11:03:42.435266Z[0m [32m INFO[0m [2mphantom_core::api::routes::devices[0m[2m:[0m Heartbeat from acbf5962-40c2-403b-8951-b003328dcca2
[2m2026-05-02T11:04:19.844893Z[0m [32m INFO[0m [2mphantom_core::api::routes::devices[0m[2m:[0m Heartbeat from acbf5962-40c2-403b-8951-b003328dcca2
[2m2026-05-02T11:04:49.861747Z[0m [32m INFO[0m [2mphantom_core::api::routes::devices[0m[2m:[0m Heartbeat from acbf5962-40c2-403b-8951-b003328dcca2
[2m2026-05-02T11:05:30.831831Z[0m [32m INFO[0m [2mphantom_core::api::routes::devices[0m[2m:[0m Heartbeat from acbf5962-40c2-403b-8951-b003328dcca2
[2m2026-05-02T11:06:00.848053Z[0m [32m INFO[0m [2mphantom_core::api::routes::devices[0m[2m:[0m Heartbeat from acbf5962-40c2-403b-8951-b003328dcca2
[2m2026-05-02T11:06:39.776224Z[0m [32m INFO[0m [2mphantom_core::api::routes::devices[0m[2m:[0m Heartbeat from acbf5962-40c2-403b-8951-b003328dcca2
[2m2026-05-02T11:07:09.782751Z[0m [32m INFO[0m [2mphantom_core::api::routes::devices[0m[2m:[0m Heartbeat from acbf5962-40c2-403b-8951-b003328dcca2
[2m2026-05-02T11:07:51.049110Z[0m [32m INFO[0m [2mphantom_core::api::routes::devices[0m[2m:[0m Heartbeat from acbf5962-40c2-403b-8951-b003328dcca2
[2m2026-05-02T11:08:21.064614Z[0m [32m INFO[0m [2mphantom_core::api::routes::devices[0m[2m:[0m Heartbeat from acbf5962-40c2-403b-8951-b003328dcca2
[2m2026-05-02T11:09:51.819902Z[0m [32m INFO[0m [2mphantom_core::api::routes::devices[0m[2m:[0m Heartbeat from acbf5962-40c2-403b-8951-b003328dcca2
[2m2026-05-02T11:10:21.831621Z[0m [32m INFO[0m [2mphantom_core::api::routes::devices[0m[2m:[0m Heartbeat from acbf5962-40c2-403b-8951-b003328dcca2
[2m2026-05-02T11:10:59.205341Z[0m [32m INFO[0m [2mphantom_core::api::routes::devices[0m[2m:[0m Heartbeat from acbf5962-40c2-403b-8951-b003328dcca2
[2m2026-05-02T11:11:29.227648Z[0m [32m INFO[0m [2mphantom_core::api::routes::devices[0m[2m:[0m Heartbeat from acbf5962-40c2-403b-8951-b003328dcca2
[2m2026-05-02T11:12:09.901184Z[0m [32m INFO[0m [2mphantom_core::api::routes::devices[0m[2m:[0m Heartbeat from acbf5962-40c2-403b-8951-b003328dcca2
[2m2026-05-02T11:12:39.909797Z[0m [32m INFO[0m [2mphantom_core::api::routes::devices[0m[2m:[0m Heartbeat from acbf5962-40c2-403b-8951-b003328dcca2
[2m2026-05-02T11:13:16.481197Z[0m [32m INFO[0m [2mphantom_core::api::routes::devices[0m[2m:[0m Heartbeat from acbf5962-40c2-403b-8951-b003328dcca2
[2m2026-05-02T11:13:46.489517Z[0m [32m INFO[0m [2mphantom_core::api::routes::devices[0m[2m:[0m Heartbeat from acbf5962-40c2-403b-8951-b003328dcca2
[2m2026-05-02T11:14:23.637315Z[0m [32m INFO[0m [2mphantom_core::api::routes::devices[0m[2m:[0m Heartbeat from acbf5962-40c2-403b-8951-b003328dcca2
[2m2026-05-02T11:14:53.649814Z[0m [32m INFO[0m [2mphantom_core::api::routes::devices[0m[2m:[0m Heartbeat from acbf5962-40c2-403b-8951-b003328dcca2
[2m2026-05-02T11:15:30.237175Z[0m [32m INFO[0m [2mphantom_core::api::routes::devices[0m[2m:[0m Heartbeat from acbf5962-40c2-403b-8951-b003328dcca2
[2m2026-05-02T11:16:00.245028Z[0m [32m INFO[0m [2mphantom_core::api::routes::devices[0m[2m:[0m Heartbeat from acbf5962-40c2-403b-8951-b003328dcca2
[2m2026-05-02T11:18:33.527812Z[0m [32m INFO[0m [2mphantom_core::api::routes::devices[0m[2m:[0m Heartbeat from acbf5962-40c2-403b-8951-b003328dcca2
[2m2026-05-02T11:19:03.550757Z[0m [32m INFO[0m [2mphantom_core::api::routes::devices[0m[2m:[0m Heartbeat from acbf5962-40c2-403b-8951-b003328dcca2
[2m2026-05-02T11:19:45.476146Z[0m [32m INFO[0m [2mphantom_core::api::routes::devices[0m[2m:[0m Heartbeat from acbf5962-40c2-403b-8951-b003328dcca2
[2m2026-05-02T11:20:15.485251Z[0m [32m INFO[0m [2mphantom_core::api::routes::devices[0m[2m:[0m Heartbeat from acbf5962-40c2-403b-8951-b003328dcca2
[2m2026-05-02T11:21:27.521803Z[0m [32m INFO[0m [2mphantom_core::api::routes::devices[0m[2m:[0m Heartbeat from acbf5962-40c2-403b-8951-b003328dcca2
[2m2026-05-02T11:21:57.555452Z[0m [32m INFO[0m [2mphantom_core::api::routes::devices[0m[2m:[0m Heartbeat from acbf5962-40c2-403b-8951-b003328dcca2
[2m2026-05-02T11:22:42.990372Z[0m [32m INFO[0m [2mphantom_core::api::routes::devices[0m[2m:[0m Heartbeat from acbf5962-40c2-403b-8951-b003328dcca2
[2m2026-05-02T11:23:12.999877Z[0m [32m INFO[0m [2mphantom_core::api::routes::devices[0m[2m:[0m Heartbeat from acbf5962-40c2-403b-8951-b003328dcca2
[2m2026-05-02T11:23:58.265364Z[0m [32m INFO[0m [2mphantom_core::api::routes::devices[0m[2m:[0m Heartbeat from acbf5962-40c2-403b-8951-b003328dcca2
[2m2026-05-02T11:24:28.274392Z[0m [32m INFO[0m [2mphantom_core::api::routes::devices[0m[2m:[0m Heartbeat from acbf5962-40c2-403b-8951-b003328dcca2
[2m2026-05-02T11:25:12.615259Z[0m [32m INFO[0m [2mphantom_core::api::routes::devices[0m[2m:[0m Heartbeat from acbf5962-40c2-403b-8951-b003328dcca2
[2m2026-05-02T11:25:42.630801Z[0m [32m INFO[0m [2mphantom_core::api::routes::devices[0m[2m:[0m Heartbeat from acbf5962-40c2-403b-8951-b003328dcca2
[2m2026-05-02T11:26:25.782443Z[0m [32m INFO[0m [2mphantom_core::api::routes::devices[0m[2m:[0m Heartbeat from acbf5962-40c2-403b-8951-b003328dcca2
[2m2026-05-02T11:26:55.798221Z[0m [32m INFO[0m [2mphantom_core::api::routes::devices[0m[2m:[0m Heartbeat from acbf5962-40c2-403b-8951-b003328dcca2
[2m2026-05-02T11:27:35.756761Z[0m [32m INFO[0m [2mphantom_core::api::routes::devices[0m[2m:[0m Heartbeat from acbf5962-40c2-403b-8951-b003328dcca2
[2m2026-05-02T11:28:05.771867Z[0m [32m INFO[0m [2mphantom_core::api::routes::devices[0m[2m:[0m Heartbeat from acbf5962-40c2-403b-8951-b003328dcca2
[2m2026-05-02T11:28:48.855556Z[0m [32m INFO[0m [2mphantom_core::api::routes::devices[0m[2m:[0m Heartbeat from acbf5962-40c2-403b-8951-b003328dcca2
[2m2026-05-02T11:29:18.868500Z[0m [32m INFO[0m [2mphantom_core::api::routes::devices[0m[2m:[0m Heartbeat from acbf5962-40c2-403b-8951-b003328dcca2
[2m2026-05-02T11:30:00.908689Z[0m [32m INFO[0m [2mphantom_core::api::routes::devices[0m[2m:[0m Heartbeat from acbf5962-40c2-403b-8951-b003328dcca2
[2m2026-05-02T11:30:30.913689Z[0m [32m INFO[0m [2mphantom_core::api::routes::devices[0m[2m:[0m Heartbeat from acbf5962-40c2-403b-8951-b003328dcca2
[2m2026-05-02T11:31:16.182514Z[0m [32m INFO[0m [2mphantom_core::api::routes::devices[0m[2m:[0m Heartbeat from acbf5962-40c2-403b-8951-b003328dcca2
[2m2026-05-02T11:31:46.210861Z[0m [32m INFO[0m [2mphantom_core::api::routes::devices[0m[2m:[0m Heartbeat from acbf5962-40c2-403b-8951-b003328dcca2
[2m2026-05-02T11:32:26.734976Z[0m [32m INFO[0m [2mphantom_core::api::routes::devices[0m[2m:[0m Heartbeat from acbf5962-40c2-403b-8951-b003328dcca2
[2m2026-05-02T11:32:56.744721Z[0m [32m INFO[0m [2mphantom_core::api::routes::devices[0m[2m:[0m Heartbeat from acbf5962-40c2-403b-8951-b003328dcca2
[2m2026-05-02T11:33:34.844930Z[0m [32m INFO[0m [2mphantom_core::api::routes::devices[0m[2m:[0m Heartbeat from acbf5962-40c2-403b-8951-b003328dcca2
[2m2026-05-02T11:34:04.853542Z[0m [32m INFO[0m [2mphantom_core::api::routes::devices[0m[2m:[0m Heartbeat from acbf5962-40c2-403b-8951-b003328dcca2
[2m2026-05-02T11:34:43.403916Z[0m [32m INFO[0m [2mphantom_core::api::routes::devices[0m[2m:[0m Heartbeat from acbf5962-40c2-403b-8951-b003328dcca2
[2m2026-05-02T11:35:13.409431Z[0m [32m INFO[0m [2mphantom_core::api::routes::devices[0m[2m:[0m Heartbeat from acbf5962-40c2-403b-8951-b003328dcca2
[2m2026-05-02T11:35:50.724587Z[0m [32m INFO[0m [2mphantom_core::api::routes::devices[0m[2m:[0m Heartbeat from acbf5962-40c2-403b-8951-b003328dcca2
[2m2026-05-02T11:36:20.741630Z[0m [32m INFO[0m [2mphantom_core::api::routes::devices[0m[2m:[0m Heartbeat from acbf5962-40c2-403b-8951-b003328dcca2
[2m2026-05-02T11:36:57.475708Z[0m [32m INFO[0m [2mphantom_core::api::routes::devices[0m[2m:[0m Heartbeat from acbf5962-40c2-403b-8951-b003328dcca2
[2m2026-05-02T11:37:27.503385Z[0m [32m INFO[0m [2mphantom_core::api::routes::devices[0m[2m:[0m Heartbeat from acbf5962-40c2-403b-8951-b003328dcca2
[2m2026-05-02T11:38:34.451192Z[0m [32m INFO[0m [2mphantom_core::api::routes::devices[0m[2m:[0m Heartbeat from acbf5962-40c2-403b-8951-b003328dcca2
[2m2026-05-02T11:39:04.460081Z[0m [32m INFO[0m [2mphantom_core::api::routes::devices[0m[2m:[0m Heartbeat from acbf5962-40c2-403b-8951-b003328dcca2
[2m2026-05-02T11:39:58.315601Z[0m [32m INFO[0m [2mphantom_core::api::routes::devices[0m[2m:[0m Heartbeat from acbf5962-40c2-403b-8951-b003328dcca2
[2m2026-05-02T11:40:28.325946Z[0m [32m INFO[0m [2mphantom_core::api::routes::devices[0m[2m:[0m Heartbeat from acbf5962-40c2-403b-8951-b003328dcca2
[2m2026-05-02T11:41:13.715663Z[0m [32m INFO[0m [2mphantom_core::api::routes::devices[0m[2m:[0m Heartbeat from acbf5962-40c2-403b-8951-b003328dcca2
[2m2026-05-02T11:41:43.736721Z[0m [32m INFO[0m [2mphantom_core::api::routes::devices[0m[2m:[0m Heartbeat from acbf5962-40c2-403b-8951-b003328dcca2
[2m2026-05-02T11:42:34.503365Z[0m [32m INFO[0m [2mphantom_core::api::routes::devices[0m[2m:[0m Heartbeat from acbf5962-40c2-403b-8951-b003328dcca2
[2m2026-05-02T11:42:55.410640Z[0m [32m INFO[0m [2mphantom_core::api::routes::devices[0m[2m:[0m Heartbeat from 55884ed4-fc49-4b86-bdd9-422e32452b54
[2m2026-05-02T11:43:25.419355Z[0m [32m INFO[0m [2mphantom_core::api::routes::devices[0m[2m:[0m Heartbeat from 55884ed4-fc49-4b86-bdd9-422e32452b54
[2m2026-05-02T11:43:55.440136Z[0m [32m INFO[0m [2mphantom_core::api::routes::devices[0m[2m:[0m Heartbeat from 55884ed4-fc49-4b86-bdd9-422e32452b54
[2m2026-05-02T11:44:25.442935Z[0m [32m INFO[0m [2mphantom_core::api::routes::devices[0m[2m:[0m Heartbeat from 55884ed4-fc49-4b86-bdd9-422e32452b54
[2m2026-05-02T11:45:06.786627Z[0m [32m INFO[0m [2mphantom_core::api::routes::devices[0m[2m:[0m Heartbeat from 55884ed4-fc49-4b86-bdd9-422e32452b54
[2m2026-05-02T11:45:36.803001Z[0m [32m INFO[0m [2mphantom_core::api::routes::devices[0m[2m:[0m Heartbeat from 55884ed4-fc49-4b86-bdd9-422e32452b54
[2m2026-05-02T11:46:40.078136Z[0m [32m INFO[0m [2mphantom_core::api::routes::devices[0m[2m:[0m Heartbeat from 55884ed4-fc49-4b86-bdd9-422e32452b54
[2m2026-05-02T11:47:10.093536Z[0m [32m INFO[0m [2mphantom_core::api::routes::devices[0m[2m:[0m Heartbeat from 55884ed4-fc49-4b86-bdd9-422e32452b54
[2m2026-05-02T11:48:02.176771Z[0m [32m INFO[0m [2mphantom_core::api::routes::devices[0m[2m:[0m Heartbeat from 55884ed4-fc49-4b86-bdd9-422e32452b54
[2m2026-05-02T11:48:32.190115Z[0m [32m INFO[0m [2mphantom_core::api::routes::devices[0m[2m:[0m Heartbeat from 55884ed4-fc49-4b86-bdd9-422e32452b54
[2m2026-05-02T11:49:07.290757Z[0m [32m INFO[0m [2mphantom_core::api::routes::devices[0m[2m:[0m Heartbeat from 55884ed4-fc49-4b86-bdd9-422e32452b54
[2m2026-05-02T11:49:37.295393Z[0m [32m INFO[0m [2mphantom_core::api::routes::devices[0m[2m:[0m Heartbeat from 55884ed4-fc49-4b86-bdd9-422e32452b54
[2m2026-05-02T11:50:17.455862Z[0m [32m INFO[0m [2mphantom_core::api::routes::devices[0m[2m:[0m Heartbeat from 55884ed4-fc49-4b86-bdd9-422e32452b54
[2m2026-05-02T11:50:47.465723Z[0m [32m INFO[0m [2mphantom_core::api::routes::devices[0m[2m:[0m Heartbeat from 55884ed4-fc49-4b86-bdd9-422e32452b54
[2m2026-05-02T11:51:21.915316Z[0m [32m INFO[0m [2mphantom_core::api::routes::devices[0m[2m:[0m Heartbeat from 55884ed4-fc49-4b86-bdd9-422e32452b54
[2m2026-05-02T11:51:51.932410Z[0m [32m INFO[0m [2mphantom_core::api::routes::devices[0m[2m:[0m Heartbeat from 55884ed4-fc49-4b86-bdd9-422e32452b54
[2m2026-05-02T11:52:27.001301Z[0m [32m INFO[0m [2mphantom_core::api::routes::devices[0m[2m:[0m Heartbeat from 55884ed4-fc49-4b86-bdd9-422e32452b54
[2m2026-05-02T11:52:57.013274Z[0m [32m INFO[0m [2mphantom_core::api::routes::devices[0m[2m:[0m Heartbeat from 55884ed4-fc49-4b86-bdd9-422e32452b54
[2m2026-05-02T11:53:37.001062Z[0m [32m INFO[0m [2mphantom_core::api::routes::devices[0m[2m:[0m Heartbeat from 55884ed4-fc49-4b86-bdd9-422e32452b54
[2m2026-05-02T11:54:07.007604Z[0m [32m INFO[0m [2mphantom_core::api::routes::devices[0m[2m:[0m Heartbeat from 55884ed4-fc49-4b86-bdd9-422e32452b54
[2m2026-05-02T11:54:47.181147Z[0m [32m INFO[0m [2mphantom_core::api::routes::devices[0m[2m:[0m Heartbeat from 55884ed4-fc49-4b86-bdd9-422e32452b54
[2m2026-05-02T11:55:17.186708Z[0m [32m INFO[0m [2mphantom_core::api::routes::devices[0m[2m:[0m Heartbeat from 55884ed4-fc49-4b86-bdd9-422e32452b54
[2m2026-05-02T11:55:54.444208Z[0m [32m INFO[0m [2mphantom_core::api::routes::devices[0m[2m:[0m Heartbeat from 55884ed4-fc49-4b86-bdd9-422e32452b54
[2m2026-05-02T11:56:24.461144Z[0m [32m INFO[0m [2mphantom_core::api::routes::devices[0m[2m:[0m Heartbeat from 55884ed4-fc49-4b86-bdd9-422e32452b54
[2m2026-05-02T11:57:05.669141Z[0m [32m INFO[0m [2mphantom_core::api::routes::devices[0m[2m:[0m Heartbeat from 55884ed4-fc49-4b86-bdd9-422e32452b54
[2m2026-05-02T11:57:35.679326Z[0m [32m INFO[0m [2mphantom_core::api::routes::devices[0m[2m:[0m Heartbeat from 55884ed4-fc49-4b86-bdd9-422e32452b54
[2m2026-05-02T11:58:14.623567Z[0m [32m INFO[0m [2mphantom_core::api::routes::devices[0m[2m:[0m Heartbeat from 55884ed4-fc49-4b86-bdd9-422e32452b54
[2m2026-05-02T11:58:44.625448Z[0m [32m INFO[0m [2mphantom_core::api::routes::devices[0m[2m:[0m Heartbeat from 55884ed4-fc49-4b86-bdd9-422e32452b54
[2m2026-05-02T11:59:23.504904Z[0m [32m INFO[0m [2mphantom_core::api::routes::devices[0m[2m:[0m Heartbeat from 55884ed4-fc49-4b86-bdd9-422e32452b54
[2m2026-05-02T11:59:53.519243Z[0m [32m INFO[0m [2mphantom_core::api::routes::devices[0m[2m:[0m Heartbeat from 55884ed4-fc49-4b86-bdd9-422e32452b54
[2m2026-05-02T12:00:28.198526Z[0m [32m INFO[0m [2mphantom_core::api::routes::devices[0m[2m:[0m Heartbeat from 55884ed4-fc49-4b86-bdd9-422e32452b54
[2m2026-05-02T12:00:58.214868Z[0m [32m INFO[0m [2mphantom_core::api::routes::devices[0m[2m:[0m Heartbeat from 55884ed4-fc49-4b86-bdd9-422e32452b54
[2m2026-05-02T12:01:32.913570Z[0m [32m INFO[0m [2mphantom_core::api::routes::devices[0m[2m:[0m Heartbeat from 55884ed4-fc49-4b86-bdd9-422e32452b54
[2m2026-05-02T12:02:02.917800Z[0m [32m INFO[0m [2mphantom_core::api::routes::devices[0m[2m:[0m Heartbeat from 55884ed4-fc49-4b86-bdd9-422e32452b54
[2m2026-05-02T12:02:43.356504Z[0m [32m INFO[0m [2mphantom_core::api::routes::devices[0m[2m:[0m Heartbeat from 55884ed4-fc49-4b86-bdd9-422e32452b54
[2m2026-05-02T12:03:13.359507Z[0m [32m INFO[0m [2mphantom_core::api::routes::devices[0m[2m:[0m Heartbeat from 55884ed4-fc49-4b86-bdd9-422e32452b54
[2m2026-05-02T12:03:47.894051Z[0m [32m INFO[0m [2mphantom_core::api::routes::devices[0m[2m:[0m Heartbeat from 55884ed4-fc49-4b86-bdd9-422e32452b54
[2m2026-05-02T12:04:17.908467Z[0m [32m INFO[0m [2mphantom_core::api::routes::devices[0m[2m:[0m Heartbeat from 55884ed4-fc49-4b86-bdd9-422e32452b54
[2m2026-05-02T12:04:52.277838Z[0m [32m INFO[0m [2mphantom_core::api::routes::devices[0m[2m:[0m Heartbeat from 55884ed4-fc49-4b86-bdd9-422e32452b54
[2m2026-05-02T12:05:22.295305Z[0m [32m INFO[0m [2mphantom_core::api::routes::devices[0m[2m:[0m Heartbeat from 55884ed4-fc49-4b86-bdd9-422e32452b54
[2m2026-05-02T12:05:59.877441Z[0m [32m INFO[0m [2mphantom_core::api::routes::devices[0m[2m:[0m Heartbeat from 55884ed4-fc49-4b86-bdd9-422e32452b54
[2m2026-05-02T12:06:29.884278Z[0m [32m INFO[0m [2mphantom_core::api::routes::devices[0m[2m:[0m Heartbeat from 55884ed4-fc49-4b86-bdd9-422e32452b54
[2m2026-05-02T12:07:07.406675Z[0m [32m INFO[0m [2mphantom_core::api::routes::devices[0m[2m:[0m Heartbeat from 55884ed4-fc49-4b86-bdd9-422e32452b54
[2m2026-05-02T12:07:37.420187Z[0m [32m INFO[0m [2mphantom_core::api::routes::devices[0m[2m:[0m Heartbeat from 55884ed4-fc49-4b86-bdd9-422e32452b54
[2m2026-05-02T12:08:11.608843Z[0m [32m INFO[0m [2mphantom_core::api::routes::devices[0m[2m:[0m Heartbeat from 55884ed4-fc49-4b86-bdd9-422e32452b54
[2m2026-05-02T12:08:41.611520Z[0m [32m INFO[0m [2mphantom_core::api::routes::devices[0m[2m:[0m Heartbeat from 55884ed4-fc49-4b86-bdd9-422e32452b54
[2m2026-05-02T12:09:20.396389Z[0m [32m INFO[0m [2mphantom_core::api::routes::devices[0m[2m:[0m Heartbeat from 55884ed4-fc49-4b86-bdd9-422e32452b54
[2m2026-05-02T12:09:50.399610Z[0m [32m INFO[0m [2mphantom_core::api::routes::devices[0m[2m:[0m Heartbeat from 55884ed4-fc49-4b86-bdd9-422e32452b54
[2m2026-05-02T12:10:29.210498Z[0m [32m INFO[0m [2mphantom_core::api::routes::devices[0m[2m:[0m Heartbeat from 55884ed4-fc49-4b86-bdd9-422e32452b54
[2m2026-05-02T12:10:59.227314Z[0m [32m INFO[0m [2mphantom_core::api::routes::devices[0m[2m:[0m Heartbeat from 55884ed4-fc49-4b86-bdd9-422e32452b54
[2m2026-05-02T12:11:34.042610Z[0m [32m INFO[0m [2mphantom_core::api::routes::devices[0m[2m:[0m Heartbeat from 55884ed4-fc49-4b86-bdd9-422e32452b54
[2m2026-05-02T12:12:04.050578Z[0m [32m INFO[0m [2mphantom_core::api::routes::devices[0m[2m:[0m Heartbeat from 55884ed4-fc49-4b86-bdd9-422e32452b54
[2m2026-05-02T12:13:04.961328Z[0m [32m INFO[0m [2mphantom_core::api::routes::devices[0m[2m:[0m Heartbeat from 55884ed4-fc49-4b86-bdd9-422e32452b54
[2m2026-05-02T12:13:34.965200Z[0m [32m INFO[0m [2mphantom_core::api::routes::devices[0m[2m:[0m Heartbeat from 55884ed4-fc49-4b86-bdd9-422e32452b54
[2m2026-05-02T12:14:09.412949Z[0m [32m INFO[0m [2mphantom_core::api::routes::devices[0m[2m:[0m Heartbeat from 55884ed4-fc49-4b86-bdd9-422e32452b54
[2m2026-05-02T12:14:39.419869Z[0m [32m INFO[0m [2mphantom_core::api::routes::devices[0m[2m:[0m Heartbeat from 55884ed4-fc49-4b86-bdd9-422e32452b54
[2m2026-05-02T12:15:13.978230Z[0m [32m INFO[0m [2mphantom_core::api::routes::devices[0m[2m:[0m Heartbeat from 55884ed4-fc49-4b86-bdd9-422e32452b54
[2m2026-05-02T12:15:43.995770Z[0m [32m INFO[0m [2mphantom_core::api::routes::devices[0m[2m:[0m Heartbeat from 55884ed4-fc49-4b86-bdd9-422e32452b54
[2m2026-05-02T12:16:26.360313Z[0m [32m INFO[0m [2mphantom_core::api::routes::devices[0m[2m:[0m Heartbeat from 55884ed4-fc49-4b86-bdd9-422e32452b54
[2m2026-05-02T12:16:56.371884Z[0m [32m INFO[0m [2mphantom_core::api::routes::devices[0m[2m:[0m Heartbeat from 55884ed4-fc49-4b86-bdd9-422e32452b54
[2m2026-05-02T12:17:31.067717Z[0m [32m INFO[0m [2mphantom_core::api::routes::devices[0m[2m:[0m Heartbeat from 55884ed4-fc49-4b86-bdd9-422e32452b54
[2m2026-05-02T12:18:01.083669Z[0m [32m INFO[0m [2mphantom_core::api::routes::devices[0m[2m:[0m Heartbeat from 55884ed4-fc49-4b86-bdd9-422e32452b54
[2m2026-05-02T12:18:35.419002Z[0m [32m INFO[0m [2mphantom_core::api::routes::devices[0m[2m:[0m Heartbeat from 55884ed4-fc49-4b86-bdd9-422e32452b54
[2m2026-05-02T12:19:05.424558Z[0m [32m INFO[0m [2mphantom_core::api::routes::devices[0m[2m:[0m Heartbeat from 55884ed4-fc49-4b86-bdd9-422e32452b54
[2m2026-05-02T12:19:40.251006Z[0m [32m INFO[0m [2mphantom_core::api::routes::devices[0m[2m:[0m Heartbeat from 55884ed4-fc49-4b86-bdd9-422e32452b54
[2m2026-05-02T12:20:10.266476Z[0m [32m INFO[0m [2mphantom_core::api::routes::devices[0m[2m:[0m Heartbeat from 55884ed4-fc49-4b86-bdd9-422e32452b54
[2m2026-05-02T12:20:45.110977Z[0m [32m INFO[0m [2mphantom_core::api::routes::devices[0m[2m:[0m Heartbeat from 55884ed4-fc49-4b86-bdd9-422e32452b54
[2m2026-05-02T12:21:15.128088Z[0m [32m INFO[0m [2mphantom_core::api::routes::devices[0m[2m:[0m Heartbeat from 55884ed4-fc49-4b86-bdd9-422e32452b54
[2m2026-05-02T12:21:49.696518Z[0m [32m INFO[0m [2mphantom_core::api::routes::devices[0m[2m:[0m Heartbeat from 55884ed4-fc49-4b86-bdd9-422e32452b54
[2m2026-05-02T12:22:19.701628Z[0m [32m INFO[0m [2mphantom_core::api::routes::devices[0m[2m:[0m Heartbeat from 55884ed4-fc49-4b86-bdd9-422e32452b54
[2m2026-05-02T12:22:59.797887Z[0m [32m INFO[0m [2mphantom_core::api::routes::devices[0m[2m:[0m Heartbeat from 55884ed4-fc49-4b86-bdd9-422e32452b54
[2m2026-05-02T12:23:29.809360Z[0m [32m INFO[0m [2mphantom_core::api::routes::devices[0m[2m:[0m Heartbeat from 55884ed4-fc49-4b86-bdd9-422e32452b54
[2m2026-05-02T12:24:11.671698Z[0m [32m INFO[0m [2mphantom_core::api::routes::devices[0m[2m:[0m Heartbeat from 55884ed4-fc49-4b86-bdd9-422e32452b54
[2m2026-05-02T12:24:41.687135Z[0m [32m INFO[0m [2mphantom_core::api::routes::devices[0m[2m:[0m Heartbeat from 55884ed4-fc49-4b86-bdd9-422e32452b54
[2m2026-05-02T12:25:16.248708Z[0m [32m INFO[0m [2mphantom_core::api::routes::devices[0m[2m:[0m Heartbeat from 55884ed4-fc49-4b86-bdd9-422e32452b54
[2m2026-05-02T12:25:46.259289Z[0m [32m INFO[0m [2mphantom_core::api::routes::devices[0m[2m:[0m Heartbeat from 55884ed4-fc49-4b86-bdd9-422e32452b54
[2m2026-05-02T12:26:20.398922Z[0m [32m INFO[0m [2mphantom_core::api::routes::devices[0m[2m:[0m Heartbeat from 55884ed4-fc49-4b86-bdd9-422e32452b54
[2m2026-05-02T12:26:50.407681Z[0m [32m INFO[0m [2mphantom_core::api::routes::devices[0m[2m:[0m Heartbeat from 55884ed4-fc49-4b86-bdd9-422e32452b54
[2m2026-05-02T12:27:25.961840Z[0m [32m INFO[0m [2mphantom_core::api::routes::devices[0m[2m:[0m Heartbeat from 55884ed4-fc49-4b86-bdd9-422e32452b54
[2m2026-05-02T12:27:55.976392Z[0m [32m INFO[0m [2mphantom_core::api::routes::devices[0m[2m:[0m Heartbeat from 55884ed4-fc49-4b86-bdd9-422e32452b54
[2m2026-05-02T12:28:37.422771Z[0m [32m INFO[0m [2mphantom_core::api::routes::devices[0m[2m:[0m Heartbeat from 55884ed4-fc49-4b86-bdd9-422e32452b54
[2m2026-05-02T12:29:07.432825Z[0m [32m INFO[0m [2mphantom_core::api::routes::devices[0m[2m:[0m Heartbeat from 55884ed4-fc49-4b86-bdd9-422e32452b54
[2m2026-05-02T12:29:41.586590Z[0m [32m INFO[0m [2mphantom_core::api::routes::devices[0m[2m:[0m Heartbeat from 55884ed4-fc49-4b86-bdd9-422e32452b54
[2m2026-05-02T12:30:11.589931Z[0m [32m INFO[0m [2mphantom_core::api::routes::devices[0m[2m:[0m Heartbeat from 55884ed4-fc49-4b86-bdd9-422e32452b54
[2m2026-05-02T12:30:50.199077Z[0m [32m INFO[0m [2mphantom_core::api::routes::devices[0m[2m:[0m Heartbeat from 55884ed4-fc49-4b86-bdd9-422e32452b54
[2m2026-05-02T12:31:20.203010Z[0m [32m INFO[0m [2mphantom_core::api::routes::devices[0m[2m:[0m Heartbeat from 55884ed4-fc49-4b86-bdd9-422e32452b54
[2m2026-05-02T12:31:59.619414Z[0m [32m INFO[0m [2mphantom_core::api::routes::devices[0m[2m:[0m Heartbeat from 55884ed4-fc49-4b86-bdd9-422e32452b54
[2m2026-05-02T12:32:29.624007Z[0m [32m INFO[0m [2mphantom_core::api::routes::devices[0m[2m:[0m Heartbeat from 55884ed4-fc49-4b86-bdd9-422e32452b54
[2m2026-05-02T12:33:03.829757Z[0m [32m INFO[0m [2mphantom_core::api::routes::devices[0m[2m:[0m Heartbeat from 55884ed4-fc49-4b86-bdd9-422e32452b54
[2m2026-05-02T12:33:33.835339Z[0m [32m INFO[0m [2mphantom_core::api::routes::devices[0m[2m:[0m Heartbeat from 55884ed4-fc49-4b86-bdd9-422e32452b54
[2m2026-05-02T12:34:10.451280Z[0m [32m INFO[0m [2mphantom_core::api::routes::devices[0m[2m:[0m Heartbeat from 55884ed4-fc49-4b86-bdd9-422e32452b54
[2m2026-05-02T12:34:40.462948Z[0m [32m INFO[0m [2mphantom_core::api::routes::devices[0m[2m:[0m Heartbeat from 55884ed4-fc49-4b86-bdd9-422e32452b54
[2m2026-05-02T12:35:14.474173Z[0m [32m INFO[0m [2mphantom_core::api::routes::devices[0m[2m:[0m Heartbeat from 55884ed4-fc49-4b86-bdd9-422e32452b54
[2m2026-05-02T12:35:44.488453Z[0m [32m INFO[0m [2mphantom_core::api::routes::devices[0m[2m:[0m Heartbeat from 55884ed4-fc49-4b86-bdd9-422e32452b54
[2m2026-05-02T12:36:24.444768Z[0m [32m INFO[0m [2mphantom_core::api::routes::devices[0m[2m:[0m Heartbeat from 55884ed4-fc49-4b86-bdd9-422e32452b54
[2m2026-05-02T12:36:54.460648Z[0m [32m INFO[0m [2mphantom_core::api::routes::devices[0m[2m:[0m Heartbeat from 55884ed4-fc49-4b86-bdd9-422e32452b54
[2m2026-05-02T12:37:34.139787Z[0m [32m INFO[0m [2mphantom_core::api::routes::devices[0m[2m:[0m Heartbeat from 55884ed4-fc49-4b86-bdd9-422e32452b54
[2m2026-05-02T12:38:04.141541Z[0m [32m INFO[0m [2mphantom_core::api::routes::devices[0m[2m:[0m Heartbeat from 55884ed4-fc49-4b86-bdd9-422e32452b54
[2m2026-05-02T12:38:43.072358Z[0m [32m INFO[0m [2mphantom_core::api::routes::devices[0m[2m:[0m Heartbeat from 55884ed4-fc49-4b86-bdd9-422e32452b54
[2m2026-05-02T12:39:13.080017Z[0m [32m INFO[0m [2mphantom_core::api::routes::devices[0m[2m:[0m Heartbeat from 55884ed4-fc49-4b86-bdd9-422e32452b54
[2m2026-05-02T12:39:51.138942Z[0m [32m INFO[0m [2mphantom_core::api::routes::devices[0m[2m:[0m Heartbeat from 55884ed4-fc49-4b86-bdd9-422e32452b54
[2m2026-05-02T12:40:21.153727Z[0m [32m INFO[0m [2mphantom_core::api::routes::devices[0m[2m:[0m Heartbeat from 55884ed4-fc49-4b86-bdd9-422e32452b54
[2m2026-05-02T12:41:00.454802Z[0m [32m INFO[0m [2mphantom_core::api::routes::devices[0m[2m:[0m Heartbeat from 55884ed4-fc49-4b86-bdd9-422e32452b54
[2m2026-05-02T12:41:30.463905Z[0m [32m INFO[0m [2mphantom_core::api::routes::devices[0m[2m:[0m Heartbeat from 55884ed4-fc49-4b86-bdd9-422e32452b54
[2m2026-05-02T12:42:05.135778Z[0m [32m INFO[0m [2mphantom_core::api::routes::devices[0m[2m:[0m Heartbeat from 55884ed4-fc49-4b86-bdd9-422e32452b54
[2m2026-05-02T12:42:35.144401Z[0m [32m INFO[0m [2mphantom_core::api::routes::devices[0m[2m:[0m Heartbeat from 55884ed4-fc49-4b86-bdd9-422e32452b54
[2m2026-05-02T12:43:09.992650Z[0m [32m INFO[0m [2mphantom_core::api::routes::devices[0m[2m:[0m Heartbeat from 55884ed4-fc49-4b86-bdd9-422e32452b54
[2m2026-05-02T12:43:40.008339Z[0m [32m INFO[0m [2mphantom_core::api::routes::devices[0m[2m:[0m Heartbeat from 55884ed4-fc49-4b86-bdd9-422e32452b54
[2m2026-05-02T12:44:43.360480Z[0m [32m INFO[0m [2mphantom_core::api::routes::devices[0m[2m:[0m Heartbeat from 55884ed4-fc49-4b86-bdd9-422e32452b54
[2m2026-05-02T12:45:13.374636Z[0m [32m INFO[0m [2mphantom_core::api::routes::devices[0m[2m:[0m Heartbeat from 55884ed4-fc49-4b86-bdd9-422e32452b54
[2m2026-05-02T12:45:54.840489Z[0m [32m INFO[0m [2mphantom_core::api::routes::devices[0m[2m:[0m Heartbeat from 55884ed4-fc49-4b86-bdd9-422e32452b54
[2m2026-05-02T12:46:24.854515Z[0m [32m INFO[0m [2mphantom_core::api::routes::devices[0m[2m:[0m Heartbeat from 55884ed4-fc49-4b86-bdd9-422e32452b54
[2m2026-05-02T12:47:02.326587Z[0m [32m INFO[0m [2mphantom_core::api::routes::devices[0m[2m:[0m Heartbeat from 55884ed4-fc49-4b86-bdd9-422e32452b54
[2m2026-05-02T12:47:32.329279Z[0m [32m INFO[0m [2mphantom_core::api::routes::devices[0m[2m:[0m Heartbeat from 55884ed4-fc49-4b86-bdd9-422e32452b54
[2m2026-05-02T12:48:11.274935Z[0m [32m INFO[0m [2mphantom_core::api::routes::devices[0m[2m:[0m Heartbeat from 55884ed4-fc49-4b86-bdd9-422e32452b54
[2m2026-05-02T12:48:41.381729Z[0m [32m INFO[0m [2mphantom_core::api::routes::devices[0m[2m:[0m Heartbeat from 55884ed4-fc49-4b86-bdd9-422e32452b54
[2m2026-05-02T12:49:18.334373Z[0m [32m INFO[0m [2mphantom_core::api::routes::devices[0m[2m:[0m Heartbeat from 55884ed4-fc49-4b86-bdd9-422e32452b54
[2m2026-05-02T12:49:48.348973Z[0m [32m INFO[0m [2mphantom_core::api::routes::devices[0m[2m:[0m Heartbeat from 55884ed4-fc49-4b86-bdd9-422e32452b54
[2m2026-05-02T12:50:22.828378Z[0m [32m INFO[0m [2mphantom_core::api::routes::devices[0m[2m:[0m Heartbeat from 55884ed4-fc49-4b86-bdd9-422e32452b54
[2m2026-05-02T12:50:52.834556Z[0m [32m INFO[0m [2mphantom_core::api::routes::devices[0m[2m:[0m Heartbeat from 55884ed4-fc49-4b86-bdd9-422e32452b54
[2m2026-05-02T12:51:27.584336Z[0m [32m INFO[0m [2mphantom_core::api::routes::devices[0m[2m:[0m Heartbeat from 55884ed4-fc49-4b86-bdd9-422e32452b54
[2m2026-05-02T12:51:57.600028Z[0m [32m INFO[0m [2mphantom_core::api::routes::devices[0m[2m:[0m Heartbeat from 55884ed4-fc49-4b86-bdd9-422e32452b54
[2m2026-05-02T12:52:36.462597Z[0m [32m INFO[0m [2mphantom_core::api::routes::devices[0m[2m:[0m Heartbeat from 55884ed4-fc49-4b86-bdd9-422e32452b54
[2m2026-05-02T12:53:06.466570Z[0m [32m INFO[0m [2mphantom_core::api::routes::devices[0m[2m:[0m Heartbeat from 55884ed4-fc49-4b86-bdd9-422e32452b54
[2m2026-05-02T12:53:41.115938Z[0m [32m INFO[0m [2mphantom_core::api::routes::devices[0m[2m:[0m Heartbeat from 55884ed4-fc49-4b86-bdd9-422e32452b54
[2m2026-05-02T12:54:11.122565Z[0m [32m INFO[0m [2mphantom_core::api::routes::devices[0m[2m:[0m Heartbeat from 55884ed4-fc49-4b86-bdd9-422e32452b54
[2m2026-05-02T12:54:46.151793Z[0m [32m INFO[0m [2mphantom_core::api::routes::devices[0m[2m:[0m Heartbeat from 55884ed4-fc49-4b86-bdd9-422e32452b54
[2m2026-05-02T12:55:16.154960Z[0m [32m INFO[0m [2mphantom_core::api::routes::devices[0m[2m:[0m Heartbeat from 55884ed4-fc49-4b86-bdd9-422e32452b54
[2m2026-05-02T12:55:50.698096Z[0m [32m INFO[0m [2mphantom_core::api::routes::devices[0m[2m:[0m Heartbeat from 55884ed4-fc49-4b86-bdd9-422e32452b54
[2m2026-05-02T12:56:20.704665Z[0m [32m INFO[0m [2mphantom_core::api::routes::devices[0m[2m:[0m Heartbeat from 55884ed4-fc49-4b86-bdd9-422e32452b54
[2m2026-05-02T12:56:55.320186Z[0m [32m INFO[0m [2mphantom_core::api::routes::devices[0m[2m:[0m Heartbeat from 55884ed4-fc49-4b86-bdd9-422e32452b54
[2m2026-05-02T12:57:25.337157Z[0m [32m INFO[0m [2mphantom_core::api::routes::devices[0m[2m:[0m Heartbeat from 55884ed4-fc49-4b86-bdd9-422e32452b54
[2m2026-05-02T12:58:04.372438Z[0m [32m INFO[0m [2mphantom_core::api::routes::devices[0m[2m:[0m Heartbeat from 55884ed4-fc49-4b86-bdd9-422e32452b54
[2m2026-05-02T12:58:34.382765Z[0m [32m INFO[0m [2mphantom_core::api::routes::devices[0m[2m:[0m Heartbeat from 55884ed4-fc49-4b86-bdd9-422e32452b54
[2m2026-05-02T12:59:09.432995Z[0m [32m INFO[0m [2mphantom_core::api::routes::devices[0m[2m:[0m Heartbeat from 55884ed4-fc49-4b86-bdd9-422e32452b54
[2m2026-05-02T12:59:39.436781Z[0m [32m INFO[0m [2mphantom_core::api::routes::devices[0m[2m:[0m Heartbeat from 55884ed4-fc49-4b86-bdd9-422e32452b54
[2m2026-05-02T13:00:16.177424Z[0m [32m INFO[0m [2mphantom_core::api::routes::devices[0m[2m:[0m Heartbeat from 55884ed4-fc49-4b86-bdd9-422e32452b54
[2m2026-05-02T13:00:46.191436Z[0m [32m INFO[0m [2mphantom_core::api::routes::devices[0m[2m:[0m Heartbeat from 55884ed4-fc49-4b86-bdd9-422e32452b54
[2m2026-05-02T13:01:24.517047Z[0m [32m INFO[0m [2mphantom_core::api::routes::devices[0m[2m:[0m Heartbeat from 55884ed4-fc49-4b86-bdd9-422e32452b54
[2m2026-05-02T13:01:54.528506Z[0m [32m INFO[0m [2mphantom_core::api::routes::devices[0m[2m:[0m Heartbeat from 55884ed4-fc49-4b86-bdd9-422e32452b54
[2m2026-05-02T13:02:34.865758Z[0m [32m INFO[0m [2mphantom_core::api::routes::devices[0m[2m:[0m Heartbeat from 55884ed4-fc49-4b86-bdd9-422e32452b54
[2m2026-05-02T13:03:04.876328Z[0m [32m INFO[0m [2mphantom_core::api::routes::devices[0m[2m:[0m Heartbeat from 55884ed4-fc49-4b86-bdd9-422e32452b54
[2m2026-05-02T13:03:44.028690Z[0m [32m INFO[0m [2mphantom_core::api::routes::devices[0m[2m:[0m Heartbeat from 55884ed4-fc49-4b86-bdd9-422e32452b54
[2m2026-05-02T13:04:14.113159Z[0m [32m INFO[0m [2mphantom_core::api::routes::devices[0m[2m:[0m Heartbeat from 55884ed4-fc49-4b86-bdd9-422e32452b54
[2m2026-05-02T13:04:49.978829Z[0m [32m INFO[0m [2mphantom_core::api::routes::devices[0m[2m:[0m Heartbeat from 55884ed4-fc49-4b86-bdd9-422e32452b54
[2m2026-05-02T13:05:19.997024Z[0m [32m INFO[0m [2mphantom_core::api::routes::devices[0m[2m:[0m Heartbeat from 55884ed4-fc49-4b86-bdd9-422e32452b54
[2m2026-05-02T13:05:50.028436Z[0m [32m INFO[0m [2mphantom_core::api::routes::devices[0m[2m:[0m Heartbeat from 55884ed4-fc49-4b86-bdd9-422e32452b54
[2m2026-05-02T13:06:20.040074Z[0m [32m INFO[0m [2mphantom_core::api::routes::devices[0m[2m:[0m Heartbeat from 55884ed4-fc49-4b86-bdd9-422e32452b54
[2m2026-05-02T13:06:50.052318Z[0m [32m INFO[0m [2mphantom_core::api::routes::devices[0m[2m:[0m Heartbeat from 55884ed4-fc49-4b86-bdd9-422e32452b54
[2m2026-05-02T13:07:20.058943Z[0m [32m INFO[0m [2mphantom_core::api::routes::devices[0m[2m:[0m Heartbeat from 55884ed4-fc49-4b86-bdd9-422e32452b54
[2m2026-05-02T13:07:50.064130Z[0m [32m INFO[0m [2mphantom_core::api::routes::devices[0m[2m:[0m Heartbeat from 55884ed4-fc49-4b86-bdd9-422e32452b54
[2m2026-05-02T13:08:20.073783Z[0m [32m INFO[0m [2mphantom_core::api::routes::devices[0m[2m:[0m Heartbeat from 55884ed4-fc49-4b86-bdd9-422e32452b54
[2m2026-05-02T13:08:50.090229Z[0m [32m INFO[0m [2mphantom_core::api::routes::devices[0m[2m:[0m Heartbeat from 55884ed4-fc49-4b86-bdd9-422e32452b54
[2m2026-05-02T13:09:20.702682Z[0m [32m INFO[0m [2mphantom_core::api::routes::devices[0m[2m:[0m Heartbeat from 55884ed4-fc49-4b86-bdd9-422e32452b54
[2m2026-05-02T13:09:50.709403Z[0m [32m INFO[0m [2mphantom_core::api::routes::devices[0m[2m:[0m Heartbeat from 55884ed4-fc49-4b86-bdd9-422e32452b54
[2m2026-05-02T13:10:30.850769Z[0m [32m INFO[0m [2mphantom_core::api::routes::devices[0m[2m:[0m Heartbeat from 55884ed4-fc49-4b86-bdd9-422e32452b54
[2m2026-05-02T13:11:00.858414Z[0m [32m INFO[0m [2mphantom_core::api::routes::devices[0m[2m:[0m Heartbeat from 55884ed4-fc49-4b86-bdd9-422e32452b54
[2m2026-05-02T13:12:25.318434Z[0m [32m INFO[0m [2mphantom_core::api::routes::devices[0m[2m:[0m Heartbeat from 55884ed4-fc49-4b86-bdd9-422e32452b54
[2m2026-05-02T13:12:55.324473Z[0m [32m INFO[0m [2mphantom_core::api::routes::devices[0m[2m:[0m Heartbeat from 55884ed4-fc49-4b86-bdd9-422e32452b54
[2m2026-05-02T13:13:41.934914Z[0m [32m INFO[0m [2mphantom_core::api::routes::devices[0m[2m:[0m Heartbeat from 55884ed4-fc49-4b86-bdd9-422e32452b54
[2m2026-05-02T13:14:11.941760Z[0m [32m INFO[0m [2mphantom_core::api::routes::devices[0m[2m:[0m Heartbeat from 55884ed4-fc49-4b86-bdd9-422e32452b54
[2m2026-05-02T13:14:52.889916Z[0m [32m INFO[0m [2mphantom_core::api::routes::devices[0m[2m:[0m Heartbeat from 55884ed4-fc49-4b86-bdd9-422e32452b54
[2m2026-05-02T13:15:22.904518Z[0m [32m INFO[0m [2mphantom_core::api::routes::devices[0m[2m:[0m Heartbeat from 55884ed4-fc49-4b86-bdd9-422e32452b54
[2m2026-05-02T13:16:04.075842Z[0m [32m INFO[0m [2mphantom_core::api::routes::devices[0m[2m:[0m Heartbeat from 55884ed4-fc49-4b86-bdd9-422e32452b54
[2m2026-05-02T13:16:34.082123Z[0m [32m INFO[0m [2mphantom_core::api::routes::devices[0m[2m:[0m Heartbeat from 55884ed4-fc49-4b86-bdd9-422e32452b54
[2m2026-05-02T13:17:18.474166Z[0m [32m INFO[0m [2mphantom_core::api::routes::devices[0m[2m:[0m Heartbeat from 55884ed4-fc49-4b86-bdd9-422e32452b54
[2m2026-05-02T13:17:48.478362Z[0m [32m INFO[0m [2mphantom_core::api::routes::devices[0m[2m:[0m Heartbeat from 55884ed4-fc49-4b86-bdd9-422e32452b54
[2m2026-05-02T13:18:23.702736Z[0m [32m INFO[0m [2mphantom_core::api::routes::devices[0m[2m:[0m Heartbeat from 55884ed4-fc49-4b86-bdd9-422e32452b54
[2m2026-05-02T13:18:53.718279Z[0m [32m INFO[0m [2mphantom_core::api::routes::devices[0m[2m:[0m Heartbeat from 55884ed4-fc49-4b86-bdd9-422e32452b54
[2m2026-05-02T13:19:29.016605Z[0m [32m INFO[0m [2mphantom_core::api::routes::devices[0m[2m:[0m Heartbeat from 55884ed4-fc49-4b86-bdd9-422e32452b54
[2m2026-05-02T13:19:59.028810Z[0m [32m INFO[0m [2mphantom_core::api::routes::devices[0m[2m:[0m Heartbeat from 55884ed4-fc49-4b86-bdd9-422e32452b54
[2m2026-05-02T13:20:36.172146Z[0m [32m INFO[0m [2mphantom_core::api::routes::devices[0m[2m:[0m Heartbeat from 55884ed4-fc49-4b86-bdd9-422e32452b54
[2m2026-05-02T13:21:06.175267Z[0m [32m INFO[0m [2mphantom_core::api::routes::devices[0m[2m:[0m Heartbeat from 55884ed4-fc49-4b86-bdd9-422e32452b54
[2m2026-05-02T13:21:45.190535Z[0m [32m INFO[0m [2mphantom_core::api::routes::devices[0m[2m:[0m Heartbeat from 55884ed4-fc49-4b86-bdd9-422e32452b54
[2m2026-05-02T13:22:15.208387Z[0m [32m INFO[0m [2mphantom_core::api::routes::devices[0m[2m:[0m Heartbeat from 55884ed4-fc49-4b86-bdd9-422e32452b54
[2m2026-05-02T13:22:50.687768Z[0m [32m INFO[0m [2mphantom_core::api::routes::devices[0m[2m:[0m Heartbeat from 55884ed4-fc49-4b86-bdd9-422e32452b54
[2m2026-05-02T13:23:20.696515Z[0m [32m INFO[0m [2mphantom_core::api::routes::devices[0m[2m:[0m Heartbeat from 55884ed4-fc49-4b86-bdd9-422e32452b54
[2m2026-05-02T13:24:02.356705Z[0m [32m INFO[0m [2mphantom_core::api::routes::devices[0m[2m:[0m Heartbeat from 55884ed4-fc49-4b86-bdd9-422e32452b54
[2m2026-05-02T13:24:32.370286Z[0m [32m INFO[0m [2mphantom_core::api::routes::devices[0m[2m:[0m Heartbeat from 55884ed4-fc49-4b86-bdd9-422e32452b54
[2m2026-05-02T13:25:10.800203Z[0m [32m INFO[0m [2mphantom_core::api::routes::devices[0m[2m:[0m Heartbeat from 55884ed4-fc49-4b86-bdd9-422e32452b54
[2m2026-05-02T13:25:40.808003Z[0m [32m INFO[0m [2mphantom_core::api::routes::devices[0m[2m:[0m Heartbeat from 55884ed4-fc49-4b86-bdd9-422e32452b54
[2m2026-05-02T13:26:20.244324Z[0m [32m INFO[0m [2mphantom_core::api::routes::devices[0m[2m:[0m Heartbeat from 55884ed4-fc49-4b86-bdd9-422e32452b54
[2m2026-05-02T13:26:50.255144Z[0m [32m INFO[0m [2mphantom_core::api::routes::devices[0m[2m:[0m Heartbeat from 55884ed4-fc49-4b86-bdd9-422e32452b54
[2m2026-05-02T13:27:28.797272Z[0m [32m INFO[0m [2mphantom_core::api::routes::devices[0m[2m:[0m Heartbeat from 55884ed4-fc49-4b86-bdd9-422e32452b54
[2m2026-05-02T13:27:58.805501Z[0m [32m INFO[0m [2mphantom_core::api::routes::devices[0m[2m:[0m Heartbeat from 55884ed4-fc49-4b86-bdd9-422e32452b54
[2m2026-05-02T13:28:46.734875Z[0m [32m INFO[0m [2mphantom_core::api::routes::devices[0m[2m:[0m Heartbeat from 55884ed4-fc49-4b86-bdd9-422e32452b54
[2m2026-05-02T13:29:16.736537Z[0m [32m INFO[0m [2mphantom_core::api::routes::devices[0m[2m:[0m Heartbeat from 55884ed4-fc49-4b86-bdd9-422e32452b54
[2m2026-05-02T13:29:55.369446Z[0m [32m INFO[0m [2mphantom_core::api::routes::devices[0m[2m:[0m Heartbeat from 55884ed4-fc49-4b86-bdd9-422e32452b54
[2m2026-05-02T13:30:25.388252Z[0m [32m INFO[0m [2mphantom_core::api::routes::devices[0m[2m:[0m Heartbeat from 55884ed4-fc49-4b86-bdd9-422e32452b54
[2m2026-05-02T13:31:11.869164Z[0m [32m INFO[0m [2mphantom_core::api::routes::devices[0m[2m:[0m Heartbeat from 55884ed4-fc49-4b86-bdd9-422e32452b54
[2m2026-05-02T13:31:41.881420Z[0m [32m INFO[0m [2mphantom_core::api::routes::devices[0m[2m:[0m Heartbeat from 55884ed4-fc49-4b86-bdd9-422e32452b54
[2m2026-05-02T13:32:18.847693Z[0m [32m INFO[0m [2mphantom_core::api::routes::devices[0m[2m:[0m Heartbeat from 55884ed4-fc49-4b86-bdd9-422e32452b54
[2m2026-05-02T13:32:48.850962Z[0m [32m INFO[0m [2mphantom_core::api::routes::devices[0m[2m:[0m Heartbeat from 55884ed4-fc49-4b86-bdd9-422e32452b54
[2m2026-05-02T13:33:28.466368Z[0m [32m INFO[0m [2mphantom_core::api::routes::devices[0m[2m:[0m Heartbeat from 55884ed4-fc49-4b86-bdd9-422e32452b54
[2m2026-05-02T13:33:58.479078Z[0m [32m INFO[0m [2mphantom_core::api::routes::devices[0m[2m:[0m Heartbeat from 55884ed4-fc49-4b86-bdd9-422e32452b54
[2m2026-05-02T13:35:10.574098Z[0m [32m INFO[0m [2mphantom_core::api::routes::devices[0m[2m:[0m Heartbeat from 55884ed4-fc49-4b86-bdd9-422e32452b54
[2m2026-05-02T13:35:40.582292Z[0m [32m INFO[0m [2mphantom_core::api::routes::devices[0m[2m:[0m Heartbeat from 55884ed4-fc49-4b86-bdd9-422e32452b54
[2m2026-05-02T13:36:22.151267Z[0m [32m INFO[0m [2mphantom_core::api::routes::devices[0m[2m:[0m Heartbeat from 55884ed4-fc49-4b86-bdd9-422e32452b54
[2m2026-05-02T13:36:52.163668Z[0m [32m INFO[0m [2mphantom_core::api::routes::devices[0m[2m:[0m Heartbeat from 55884ed4-fc49-4b86-bdd9-422e32452b54
[2m2026-05-02T13:37:53.030747Z[0m [32m INFO[0m [2mphantom_core::api::routes::devices[0m[2m:[0m Heartbeat from 55884ed4-fc49-4b86-bdd9-422e32452b54
[2m2026-05-02T13:38:23.035059Z[0m [32m INFO[0m [2mphantom_core::api::routes::devices[0m[2m:[0m Heartbeat from 55884ed4-fc49-4b86-bdd9-422e32452b54
[2m2026-05-02T13:39:01.586063Z[0m [32m INFO[0m [2mphantom_core::api::routes::devices[0m[2m:[0m Heartbeat from 55884ed4-fc49-4b86-bdd9-422e32452b54
[2m2026-05-02T13:39:31.593968Z[0m [32m INFO[0m [2mphantom_core::api::routes::devices[0m[2m:[0m Heartbeat from 55884ed4-fc49-4b86-bdd9-422e32452b54
[2m2026-05-02T13:40:10.553833Z[0m [32m INFO[0m [2mphantom_core::api::routes::devices[0m[2m:[0m Heartbeat from 55884ed4-fc49-4b86-bdd9-422e32452b54
[2m2026-05-02T13:40:40.568486Z[0m [32m INFO[0m [2mphantom_core::api::routes::devices[0m[2m:[0m Heartbeat from 55884ed4-fc49-4b86-bdd9-422e32452b54
[2m2026-05-02T13:41:18.780081Z[0m [32m INFO[0m [2mphantom_core::api::routes::devices[0m[2m:[0m Heartbeat from 55884ed4-fc49-4b86-bdd9-422e32452b54
[2m2026-05-02T13:41:48.793264Z[0m [32m INFO[0m [2mphantom_core::api::routes::devices[0m[2m:[0m Heartbeat from 55884ed4-fc49-4b86-bdd9-422e32452b54
[2m2026-05-02T13:42:24.013117Z[0m [32m INFO[0m [2mphantom_core::api::routes::devices[0m[2m:[0m Heartbeat from 55884ed4-fc49-4b86-bdd9-422e32452b54
[2m2026-05-02T13:42:54.025093Z[0m [32m INFO[0m [2mphantom_core::api::routes::devices[0m[2m:[0m Heartbeat from 55884ed4-fc49-4b86-bdd9-422e32452b54
[2m2026-05-02T13:43:30.571150Z[0m [32m INFO[0m [2mphantom_core::api::routes::devices[0m[2m:[0m Heartbeat from 55884ed4-fc49-4b86-bdd9-422e32452b54
[2m2026-05-02T13:44:00.586146Z[0m [32m INFO[0m [2mphantom_core::api::routes::devices[0m[2m:[0m Heartbeat from 55884ed4-fc49-4b86-bdd9-422e32452b54
[2m2026-05-02T13:44:39.755211Z[0m [32m INFO[0m [2mphantom_core::api::routes::devices[0m[2m:[0m Heartbeat from 55884ed4-fc49-4b86-bdd9-422e32452b54
[2m2026-05-02T13:45:09.765614Z[0m [32m INFO[0m [2mphantom_core::api::routes::devices[0m[2m:[0m Heartbeat from 55884ed4-fc49-4b86-bdd9-422e32452b54
[2m2026-05-02T13:45:50.622362Z[0m [32m INFO[0m [2mphantom_core::api::routes::devices[0m[2m:[0m Heartbeat from 55884ed4-fc49-4b86-bdd9-422e32452b54
[2m2026-05-02T13:46:20.626093Z[0m [32m INFO[0m [2mphantom_core::api::routes::devices[0m[2m:[0m Heartbeat from 55884ed4-fc49-4b86-bdd9-422e32452b54
[2m2026-05-02T13:47:06.806887Z[0m [32m INFO[0m [2mphantom_core::api::routes::devices[0m[2m:[0m Heartbeat from 55884ed4-fc49-4b86-bdd9-422e32452b54
[2m2026-05-02T13:47:36.824093Z[0m [32m INFO[0m [2mphantom_core::api::routes::devices[0m[2m:[0m Heartbeat from 55884ed4-fc49-4b86-bdd9-422e32452b54
[2m2026-05-02T13:48:13.144624Z[0m [32m INFO[0m [2mphantom_core::api::routes::devices[0m[2m:[0m Heartbeat from 55884ed4-fc49-4b86-bdd9-422e32452b54
[2m2026-05-02T13:48:43.162327Z[0m [32m INFO[0m [2mphantom_core::api::routes::devices[0m[2m:[0m Heartbeat from 55884ed4-fc49-4b86-bdd9-422e32452b54
[2m2026-05-02T13:49:33.075379Z[0m [32m INFO[0m [2mphantom_core::api::routes::devices[0m[2m:[0m Heartbeat from 55884ed4-fc49-4b86-bdd9-422e32452b54
[2m2026-05-02T13:50:03.078188Z[0m [32m INFO[0m [2mphantom_core::api::routes::devices[0m[2m:[0m Heartbeat from 55884ed4-fc49-4b86-bdd9-422e32452b54
[2m2026-05-02T13:50:33.102436Z[0m [32m INFO[0m [2mphantom_core::api::routes::devices[0m[2m:[0m Heartbeat from 55884ed4-fc49-4b86-bdd9-422e32452b54
[2m2026-05-02T13:51:24.829219Z[0m [32m INFO[0m [2mphantom_core::api::routes::devices[0m[2m:[0m Heartbeat from 55884ed4-fc49-4b86-bdd9-422e32452b54
[2m2026-05-02T13:51:54.836441Z[0m [32m INFO[0m [2mphantom_core::api::routes::devices[0m[2m:[0m Heartbeat from 55884ed4-fc49-4b86-bdd9-422e32452b54
[2m2026-05-02T13:52:56.597211Z[0m [32m INFO[0m [2mphantom_core::api::routes::devices[0m[2m:[0m Heartbeat from 55884ed4-fc49-4b86-bdd9-422e32452b54
[2m2026-05-02T13:53:26.623404Z[0m [32m INFO[0m [2mphantom_core::api::routes::devices[0m[2m:[0m Heartbeat from 55884ed4-fc49-4b86-bdd9-422e32452b54
[2m2026-05-02T13:54:33.546013Z[0m [32m INFO[0m [2mphantom_core::api::routes::devices[0m[2m:[0m Heartbeat from 55884ed4-fc49-4b86-bdd9-422e32452b54
[2m2026-05-02T13:55:03.557076Z[0m [32m INFO[0m [2mphantom_core::api::routes::devices[0m[2m:[0m Heartbeat from 55884ed4-fc49-4b86-bdd9-422e32452b54
[2m2026-05-02T13:56:10.552203Z[0m [32m INFO[0m [2mphantom_core::api::routes::devices[0m[2m:[0m Heartbeat from 55884ed4-fc49-4b86-bdd9-422e32452b54
[2m2026-05-02T13:56:40.587343Z[0m [32m INFO[0m [2mphantom_core::api::routes::devices[0m[2m:[0m Heartbeat from 55884ed4-fc49-4b86-bdd9-422e32452b54
[2m2026-05-02T13:57:28.977316Z[0m [32m INFO[0m [2mphantom_core::api::routes::devices[0m[2m:[0m Heartbeat from 55884ed4-fc49-4b86-bdd9-422e32452b54
[2m2026-05-02T13:57:58.993760Z[0m [32m INFO[0m [2mphantom_core::api::routes::devices[0m[2m:[0m Heartbeat from 55884ed4-fc49-4b86-bdd9-422e32452b54
[2m2026-05-02T13:58:59.170921Z[0m [32m INFO[0m [2mphantom_core::api::routes::devices[0m[2m:[0m Heartbeat from 55884ed4-fc49-4b86-bdd9-422e32452b54
[2m2026-05-02T13:59:29.187588Z[0m [32m INFO[0m [2mphantom_core::api::routes::devices[0m[2m:[0m Heartbeat from 55884ed4-fc49-4b86-bdd9-422e32452b54
[2m2026-05-02T14:00:13.834357Z[0m [32m INFO[0m [2mphantom_core::api::routes::devices[0m[2m:[0m Heartbeat from 55884ed4-fc49-4b86-bdd9-422e32452b54
[2m2026-05-02T14:00:43.839540Z[0m [32m INFO[0m [2mphantom_core::api::routes::devices[0m[2m:[0m Heartbeat from 55884ed4-fc49-4b86-bdd9-422e32452b54
[2m2026-05-02T14:01:18.843617Z[0m [32m INFO[0m [2mphantom_core::api::routes::devices[0m[2m:[0m Heartbeat from 55884ed4-fc49-4b86-bdd9-422e32452b54
[2m2026-05-02T14:01:48.850842Z[0m [32m INFO[0m [2mphantom_core::api::routes::devices[0m[2m:[0m Heartbeat from 55884ed4-fc49-4b86-bdd9-422e32452b54
[2m2026-05-02T14:02:23.296648Z[0m [32m INFO[0m [2mphantom_core::api::routes::devices[0m[2m:[0m Heartbeat from 55884ed4-fc49-4b86-bdd9-422e32452b54
[2m2026-05-02T14:02:53.308847Z[0m [32m INFO[0m [2mphantom_core::api::routes::devices[0m[2m:[0m Heartbeat from 55884ed4-fc49-4b86-bdd9-422e32452b54
[2m2026-05-02T14:03:28.051057Z[0m [32m INFO[0m [2mphantom_core::api::routes::devices[0m[2m:[0m Heartbeat from 55884ed4-fc49-4b86-bdd9-422e32452b54
[2m2026-05-02T14:03:58.058173Z[0m [32m INFO[0m [2mphantom_core::api::routes::devices[0m[2m:[0m Heartbeat from 55884ed4-fc49-4b86-bdd9-422e32452b54
[2m2026-05-02T14:04:32.334318Z[0m [32m INFO[0m [2mphantom_core::api::routes::devices[0m[2m:[0m Heartbeat from 55884ed4-fc49-4b86-bdd9-422e32452b54
[2m2026-05-02T14:05:02.340002Z[0m [32m INFO[0m [2mphantom_core::api::routes::devices[0m[2m:[0m Heartbeat from 55884ed4-fc49-4b86-bdd9-422e32452b54
[2m2026-05-02T14:05:41.839595Z[0m [32m INFO[0m [2mphantom_core::api::routes::devices[0m[2m:[0m Heartbeat from 55884ed4-fc49-4b86-bdd9-422e32452b54
[2m2026-05-02T14:06:11.854434Z[0m [32m INFO[0m [2mphantom_core::api::routes::devices[0m[2m:[0m Heartbeat from 55884ed4-fc49-4b86-bdd9-422e32452b54
[2m2026-05-02T14:06:47.332129Z[0m [32m INFO[0m [2mphantom_core::api::routes::devices[0m[2m:[0m Heartbeat from 55884ed4-fc49-4b86-bdd9-422e32452b54
[2m2026-05-02T14:07:17.335677Z[0m [32m INFO[0m [2mphantom_core::api::routes::devices[0m[2m:[0m Heartbeat from 55884ed4-fc49-4b86-bdd9-422e32452b54
[2m2026-05-02T14:07:57.605780Z[0m [32m INFO[0m [2mphantom_core::api::routes::devices[0m[2m:[0m Heartbeat from 55884ed4-fc49-4b86-bdd9-422e32452b54
[2m2026-05-02T14:08:27.617391Z[0m [32m INFO[0m [2mphantom_core::api::routes::devices[0m[2m:[0m Heartbeat from 55884ed4-fc49-4b86-bdd9-422e32452b54
[2m2026-05-02T14:09:06.414945Z[0m [32m INFO[0m [2mphantom_core::api::routes::devices[0m[2m:[0m Heartbeat from 55884ed4-fc49-4b86-bdd9-422e32452b54
[2m2026-05-02T14:09:36.422509Z[0m [32m INFO[0m [2mphantom_core::api::routes::devices[0m[2m:[0m Heartbeat from 55884ed4-fc49-4b86-bdd9-422e32452b54
[2m2026-05-02T14:10:11.585289Z[0m [32m INFO[0m [2mphantom_core::api::routes::devices[0m[2m:[0m Heartbeat from 55884ed4-fc49-4b86-bdd9-422e32452b54
[2m2026-05-02T14:10:41.597267Z[0m [32m INFO[0m [2mphantom_core::api::routes::devices[0m[2m:[0m Heartbeat from 55884ed4-fc49-4b86-bdd9-422e32452b54
[2m2026-05-02T14:11:16.451421Z[0m [32m INFO[0m [2mphantom_core::api::routes::devices[0m[2m:[0m Heartbeat from 55884ed4-fc49-4b86-bdd9-422e32452b54
[2m2026-05-02T14:11:46.455989Z[0m [32m INFO[0m [2mphantom_core::api::routes::devices[0m[2m:[0m Heartbeat from 55884ed4-fc49-4b86-bdd9-422e32452b54
[2m2026-05-02T14:12:22.365838Z[0m [32m INFO[0m [2mphantom_core::api::routes::devices[0m[2m:[0m Heartbeat from 55884ed4-fc49-4b86-bdd9-422e32452b54
[2m2026-05-02T14:12:52.376159Z[0m [32m INFO[0m [2mphantom_core::api::routes::devices[0m[2m:[0m Heartbeat from 55884ed4-fc49-4b86-bdd9-422e32452b54
[2m2026-05-02T14:13:36.138030Z[0m [32m INFO[0m [2mphantom_core::api::routes::devices[0m[2m:[0m Heartbeat from 55884ed4-fc49-4b86-bdd9-422e32452b54
[2m2026-05-02T14:14:06.144464Z[0m [32m INFO[0m [2mphantom_core::api::routes::devices[0m[2m:[0m Heartbeat from 55884ed4-fc49-4b86-bdd9-422e32452b54
[2m2026-05-02T14:14:47.651280Z[0m [32m INFO[0m [2mphantom_core::api::routes::devices[0m[2m:[0m Heartbeat from 55884ed4-fc49-4b86-bdd9-422e32452b54
[2m2026-05-02T14:15:17.659939Z[0m [32m INFO[0m [2mphantom_core::api::routes::devices[0m[2m:[0m Heartbeat from 55884ed4-fc49-4b86-bdd9-422e32452b54
[2m2026-05-02T14:15:54.981356Z[0m [32m INFO[0m [2mphantom_core::api::routes::devices[0m[2m:[0m Heartbeat from 55884ed4-fc49-4b86-bdd9-422e32452b54
[2m2026-05-02T14:16:24.984895Z[0m [32m INFO[0m [2mphantom_core::api::routes::devices[0m[2m:[0m Heartbeat from 55884ed4-fc49-4b86-bdd9-422e32452b54
[2m2026-05-02T14:17:03.713206Z[0m [32m INFO[0m [2mphantom_core::api::routes::devices[0m[2m:[0m Heartbeat from 55884ed4-fc49-4b86-bdd9-422e32452b54
[2m2026-05-02T14:17:33.724238Z[0m [32m INFO[0m [2mphantom_core::api::routes::devices[0m[2m:[0m Heartbeat from 55884ed4-fc49-4b86-bdd9-422e32452b54
[2m2026-05-02T14:18:08.744994Z[0m [32m INFO[0m [2mphantom_core::api::routes::devices[0m[2m:[0m Heartbeat from 55884ed4-fc49-4b86-bdd9-422e32452b54
[2m2026-05-02T14:18:38.763108Z[0m [32m INFO[0m [2mphantom_core::api::routes::devices[0m[2m:[0m Heartbeat from 55884ed4-fc49-4b86-bdd9-422e32452b54
[2m2026-05-02T14:19:14.757820Z[0m [32m INFO[0m [2mphantom_core::api::routes::devices[0m[2m:[0m Heartbeat from 55884ed4-fc49-4b86-bdd9-422e32452b54
[2m2026-05-02T14:19:44.773106Z[0m [32m INFO[0m [2mphantom_core::api::routes::devices[0m[2m:[0m Heartbeat from 55884ed4-fc49-4b86-bdd9-422e32452b54
[2m2026-05-02T14:20:25.330727Z[0m [32m INFO[0m [2mphantom_core::api::routes::devices[0m[2m:[0m Heartbeat from 55884ed4-fc49-4b86-bdd9-422e32452b54
[2m2026-05-02T14:20:55.343300Z[0m [32m INFO[0m [2mphantom_core::api::routes::devices[0m[2m:[0m Heartbeat from 55884ed4-fc49-4b86-bdd9-422e32452b54
[2m2026-05-02T14:21:30.653708Z[0m [32m INFO[0m [2mphantom_core::api::routes::devices[0m[2m:[0m Heartbeat from 55884ed4-fc49-4b86-bdd9-422e32452b54
[2m2026-05-02T14:22:00.667160Z[0m [32m INFO[0m [2mphantom_core::api::routes::devices[0m[2m:[0m Heartbeat from 55884ed4-fc49-4b86-bdd9-422e32452b54
[2m2026-05-02T14:22:36.203358Z[0m [32m INFO[0m [2mphantom_core::api::routes::devices[0m[2m:[0m Heartbeat from 55884ed4-fc49-4b86-bdd9-422e32452b54
[2m2026-05-02T14:23:06.220073Z[0m [32m INFO[0m [2mphantom_core::api::routes::devices[0m[2m:[0m Heartbeat from 55884ed4-fc49-4b86-bdd9-422e32452b54
[2m2026-05-02T14:23:41.372305Z[0m [32m INFO[0m [2mphantom_core::api::routes::devices[0m[2m:[0m Heartbeat from 55884ed4-fc49-4b86-bdd9-422e32452b54
[2m2026-05-02T14:24:11.383561Z[0m [32m INFO[0m [2mphantom_core::api::routes::devices[0m[2m:[0m Heartbeat from 55884ed4-fc49-4b86-bdd9-422e32452b54
[2m2026-05-02T14:24:47.115640Z[0m [32m INFO[0m [2mphantom_core::api::routes::devices[0m[2m:[0m Heartbeat from 55884ed4-fc49-4b86-bdd9-422e32452b54
[2m2026-05-02T14:25:17.120518Z[0m [32m INFO[0m [2mphantom_core::api::routes::devices[0m[2m:[0m Heartbeat from 55884ed4-fc49-4b86-bdd9-422e32452b54
[2m2026-05-02T14:25:58.767431Z[0m [32m INFO[0m [2mphantom_core::api::routes::devices[0m[2m:[0m Heartbeat from 55884ed4-fc49-4b86-bdd9-422e32452b54
[2m2026-05-02T14:26:28.784157Z[0m [32m INFO[0m [2mphantom_core::api::routes::devices[0m[2m:[0m Heartbeat from 55884ed4-fc49-4b86-bdd9-422e32452b54
[2m2026-05-02T14:27:06.126638Z[0m [32m INFO[0m [2mphantom_core::api::routes::devices[0m[2m:[0m Heartbeat from 55884ed4-fc49-4b86-bdd9-422e32452b54
[2m2026-05-02T14:27:36.141532Z[0m [32m INFO[0m [2mphantom_core::api::routes::devices[0m[2m:[0m Heartbeat from 55884ed4-fc49-4b86-bdd9-422e32452b54
[2m2026-05-02T14:28:12.346246Z[0m [32m INFO[0m [2mphantom_core::api::routes::devices[0m[2m:[0m Heartbeat from 55884ed4-fc49-4b86-bdd9-422e32452b54
[2m2026-05-02T14:28:42.352197Z[0m [32m INFO[0m [2mphantom_core::api::routes::devices[0m[2m:[0m Heartbeat from 55884ed4-fc49-4b86-bdd9-422e32452b54
[2m2026-05-02T14:29:23.315293Z[0m [32m INFO[0m [2mphantom_core::api::routes::devices[0m[2m:[0m Heartbeat from 55884ed4-fc49-4b86-bdd9-422e32452b54
[2m2026-05-02T14:29:53.326018Z[0m [32m INFO[0m [2mphantom_core::api::routes::devices[0m[2m:[0m Heartbeat from 55884ed4-fc49-4b86-bdd9-422e32452b54
[2m2026-05-02T14:30:35.850546Z[0m [32m INFO[0m [2mphantom_core::api::routes::devices[0m[2m:[0m Heartbeat from 55884ed4-fc49-4b86-bdd9-422e32452b54
[2m2026-05-02T14:31:05.858500Z[0m [32m INFO[0m [2mphantom_core::api::routes::devices[0m[2m:[0m Heartbeat from 55884ed4-fc49-4b86-bdd9-422e32452b54
[2m2026-05-02T14:31:40.998891Z[0m [32m INFO[0m [2mphantom_core::api::routes::devices[0m[2m:[0m Heartbeat from 55884ed4-fc49-4b86-bdd9-422e32452b54
[2m2026-05-02T14:32:11.003150Z[0m [32m INFO[0m [2mphantom_core::api::routes::devices[0m[2m:[0m Heartbeat from 55884ed4-fc49-4b86-bdd9-422e32452b54
[2m2026-05-02T14:32:47.349654Z[0m [32m INFO[0m [2mphantom_core::api::routes::devices[0m[2m:[0m Heartbeat from 55884ed4-fc49-4b86-bdd9-422e32452b54
[2m2026-05-02T14:33:17.355343Z[0m [32m INFO[0m [2mphantom_core::api::routes::devices[0m[2m:[0m Heartbeat from 55884ed4-fc49-4b86-bdd9-422e32452b54
[2m2026-05-02T14:33:53.199792Z[0m [32m INFO[0m [2mphantom_core::api::routes::devices[0m[2m:[0m Heartbeat from 55884ed4-fc49-4b86-bdd9-422e32452b54
[2m2026-05-02T14:34:23.207983Z[0m [32m INFO[0m [2mphantom_core::api::routes::devices[0m[2m:[0m Heartbeat from 55884ed4-fc49-4b86-bdd9-422e32452b54
[2m2026-05-02T14:35:05.311598Z[0m [32m INFO[0m [2mphantom_core::api::routes::devices[0m[2m:[0m Heartbeat from 55884ed4-fc49-4b86-bdd9-422e32452b54
[2m2026-05-02T14:35:35.316329Z[0m [32m INFO[0m [2mphantom_core::api::routes::devices[0m[2m:[0m Heartbeat from 55884ed4-fc49-4b86-bdd9-422e32452b54
[2m2026-05-02T14:36:10.501244Z[0m [32m INFO[0m [2mphantom_core::api::routes::devices[0m[2m:[0m Heartbeat from 55884ed4-fc49-4b86-bdd9-422e32452b54
[2m2026-05-02T14:36:40.507006Z[0m [32m INFO[0m [2mphantom_core::api::routes::devices[0m[2m:[0m Heartbeat from 55884ed4-fc49-4b86-bdd9-422e32452b54
[2m2026-05-02T14:37:17.654073Z[0m [32m INFO[0m [2mphantom_core::api::routes::devices[0m[2m:[0m Heartbeat from 55884ed4-fc49-4b86-bdd9-422e32452b54
[2m2026-05-02T14:37:47.659433Z[0m [32m INFO[0m [2mphantom_core::api::routes::devices[0m[2m:[0m Heartbeat from 55884ed4-fc49-4b86-bdd9-422e32452b54
[2m2026-05-02T14:38:23.309160Z[0m [32m INFO[0m [2mphantom_core::api::routes::devices[0m[2m:[0m Heartbeat from 55884ed4-fc49-4b86-bdd9-422e32452b54
[2m2026-05-02T14:38:53.310958Z[0m [32m INFO[0m [2mphantom_core::api::routes::devices[0m[2m:[0m Heartbeat from 55884ed4-fc49-4b86-bdd9-422e32452b54
[2m2026-05-02T14:39:31.005054Z[0m [32m INFO[0m [2mphantom_core::api::routes::devices[0m[2m:[0m Heartbeat from 55884ed4-fc49-4b86-bdd9-422e32452b54
[2m2026-05-02T14:40:01.007369Z[0m [32m INFO[0m [2mphantom_core::api::routes::devices[0m[2m:[0m Heartbeat from 55884ed4-fc49-4b86-bdd9-422e32452b54
[2m2026-05-02T14:40:39.056336Z[0m [32m INFO[0m [2mphantom_core::api::routes::devices[0m[2m:[0m Heartbeat from 55884ed4-fc49-4b86-bdd9-422e32452b54
[2m2026-05-02T14:41:09.065309Z[0m [32m INFO[0m [2mphantom_core::api::routes::devices[0m[2m:[0m Heartbeat from 55884ed4-fc49-4b86-bdd9-422e32452b54
[2m2026-05-02T14:41:49.868160Z[0m [32m INFO[0m [2mphantom_core::api::routes::devices[0m[2m:[0m Heartbeat from 55884ed4-fc49-4b86-bdd9-422e32452b54
[2m2026-05-02T14:42:19.877213Z[0m [32m INFO[0m [2mphantom_core::api::routes::devices[0m[2m:[0m Heartbeat from 55884ed4-fc49-4b86-bdd9-422e32452b54
[2m2026-05-02T14:43:00.710970Z[0m [32m INFO[0m [2mphantom_core::api::routes::devices[0m[2m:[0m Heartbeat from 55884ed4-fc49-4b86-bdd9-422e32452b54
[2m2026-05-02T14:43:30.728483Z[0m [32m INFO[0m [2mphantom_core::api::routes::devices[0m[2m:[0m Heartbeat from 55884ed4-fc49-4b86-bdd9-422e32452b54
[2m2026-05-02T14:44:11.522054Z[0m [32m INFO[0m [2mphantom_core::api::routes::devices[0m[2m:[0m Heartbeat from 55884ed4-fc49-4b86-bdd9-422e32452b54
[2m2026-05-02T14:44:41.529198Z[0m [32m INFO[0m [2mphantom_core::api::routes::devices[0m[2m:[0m Heartbeat from 55884ed4-fc49-4b86-bdd9-422e32452b54
[2m2026-05-02T14:45:27.492378Z[0m [32m INFO[0m [2mphantom_core::api::routes::devices[0m[2m:[0m Heartbeat from 55884ed4-fc49-4b86-bdd9-422e32452b54
[2m2026-05-02T14:45:57.499511Z[0m [32m INFO[0m [2mphantom_core::api::routes::devices[0m[2m:[0m Heartbeat from 55884ed4-fc49-4b86-bdd9-422e32452b54
[2m2026-05-02T14:46:35.653488Z[0m [32m INFO[0m [2mphantom_core::api::routes::devices[0m[2m:[0m Heartbeat from 55884ed4-fc49-4b86-bdd9-422e32452b54
[2m2026-05-02T14:47:05.659479Z[0m [32m INFO[0m [2mphantom_core::api::routes::devices[0m[2m:[0m Heartbeat from 55884ed4-fc49-4b86-bdd9-422e32452b54
[2m2026-05-02T14:47:41.011443Z[0m [32m INFO[0m [2mphantom_core::api::routes::devices[0m[2m:[0m Heartbeat from 55884ed4-fc49-4b86-bdd9-422e32452b54
[2m2026-05-02T14:48:11.021669Z[0m [32m INFO[0m [2mphantom_core::api::routes::devices[0m[2m:[0m Heartbeat from 55884ed4-fc49-4b86-bdd9-422e32452b54
[2m2026-05-02T14:48:49.848153Z[0m [32m INFO[0m [2mphantom_core::api::routes::devices[0m[2m:[0m Heartbeat from 55884ed4-fc49-4b86-bdd9-422e32452b54
[2m2026-05-02T14:49:19.855011Z[0m [32m INFO[0m [2mphantom_core::api::routes::devices[0m[2m:[0m Heartbeat from 55884ed4-fc49-4b86-bdd9-422e32452b54
[2m2026-05-02T14:49:54.877482Z[0m [32m INFO[0m [2mphantom_core::api::routes::devices[0m[2m:[0m Heartbeat from 55884ed4-fc49-4b86-bdd9-422e32452b54
[2m2026-05-02T14:50:24.889346Z[0m [32m INFO[0m [2mphantom_core::api::routes::devices[0m[2m:[0m Heartbeat from 55884ed4-fc49-4b86-bdd9-422e32452b54
[2m2026-05-02T14:51:00.486810Z[0m [32m INFO[0m [2mphantom_core::api::routes::devices[0m[2m:[0m Heartbeat from 55884ed4-fc49-4b86-bdd9-422e32452b54
[2m2026-05-02T14:51:30.503221Z[0m [32m INFO[0m [2mphantom_core::api::routes::devices[0m[2m:[0m Heartbeat from 55884ed4-fc49-4b86-bdd9-422e32452b54
[2m2026-05-02T14:52:29.905971Z[0m [32m INFO[0m [2mphantom_core::api::routes::devices[0m[2m:[0m Heartbeat from 55884ed4-fc49-4b86-bdd9-422e32452b54
[2m2026-05-02T14:52:59.909622Z[0m [32m INFO[0m [2mphantom_core::api::routes::devices[0m[2m:[0m Heartbeat from 55884ed4-fc49-4b86-bdd9-422e32452b54
[2m2026-05-02T14:53:41.007802Z[0m [32m INFO[0m [2mphantom_core::api::routes::devices[0m[2m:[0m Heartbeat from 55884ed4-fc49-4b86-bdd9-422e32452b54
[2m2026-05-02T14:54:11.019102Z[0m [32m INFO[0m [2mphantom_core::api::routes::devices[0m[2m:[0m Heartbeat from 55884ed4-fc49-4b86-bdd9-422e32452b54
[2m2026-05-02T14:54:46.441451Z[0m [32m INFO[0m [2mphantom_core::api::routes::devices[0m[2m:[0m Heartbeat from 55884ed4-fc49-4b86-bdd9-422e32452b54
[2m2026-05-02T14:55:16.446297Z[0m [32m INFO[0m [2mphantom_core::api::routes::devices[0m[2m:[0m Heartbeat from 55884ed4-fc49-4b86-bdd9-422e32452b54
[2m2026-05-02T14:55:59.142246Z[0m [32m INFO[0m [2mphantom_core::api::routes::devices[0m[2m:[0m Heartbeat from 55884ed4-fc49-4b86-bdd9-422e32452b54
[2m2026-05-02T14:56:29.156187Z[0m [32m INFO[0m [2mphantom_core::api::routes::devices[0m[2m:[0m Heartbeat from 55884ed4-fc49-4b86-bdd9-422e32452b54
[2m2026-05-02T14:57:04.723607Z[0m [32m INFO[0m [2mphantom_core::api::routes::devices[0m[2m:[0m Heartbeat from 55884ed4-fc49-4b86-bdd9-422e32452b54
[2m2026-05-02T14:57:34.731469Z[0m [32m INFO[0m [2mphantom_core::api::routes::devices[0m[2m:[0m Heartbeat from 55884ed4-fc49-4b86-bdd9-422e32452b54
[2m2026-05-02T14:58:11.831431Z[0m [32m INFO[0m [2mphantom_core::api::routes::devices[0m[2m:[0m Heartbeat from 55884ed4-fc49-4b86-bdd9-422e32452b54
[2m2026-05-02T14:58:41.849666Z[0m [32m INFO[0m [2mphantom_core::api::routes::devices[0m[2m:[0m Heartbeat from 55884ed4-fc49-4b86-bdd9-422e32452b54
[2m2026-05-02T14:59:19.860910Z[0m [32m INFO[0m [2mphantom_core::api::routes::devices[0m[2m:[0m Heartbeat from 55884ed4-fc49-4b86-bdd9-422e32452b54
[2m2026-05-02T14:59:49.886280Z[0m [32m INFO[0m [2mphantom_core::api::routes::devices[0m[2m:[0m Heartbeat from 55884ed4-fc49-4b86-bdd9-422e32452b54
[2m2026-05-02T15:00:29.275118Z[0m [32m INFO[0m [2mphantom_core::api::routes::devices[0m[2m:[0m Heartbeat from 55884ed4-fc49-4b86-bdd9-422e32452b54
[2m2026-05-02T15:00:59.288755Z[0m [32m INFO[0m [2mphantom_core::api::routes::devices[0m[2m:[0m Heartbeat from 55884ed4-fc49-4b86-bdd9-422e32452b54
[2m2026-05-02T15:01:38.652237Z[0m [32m INFO[0m [2mphantom_core::api::routes::devices[0m[2m:[0m Heartbeat from 55884ed4-fc49-4b86-bdd9-422e32452b54
[2m2026-05-02T15:02:08.658319Z[0m [32m INFO[0m [2mphantom_core::api::routes::devices[0m[2m:[0m Heartbeat from 55884ed4-fc49-4b86-bdd9-422e32452b54
[2m2026-05-02T15:02:47.025670Z[0m [32m INFO[0m [2mphantom_core::api::routes::devices[0m[2m:[0m Heartbeat from 55884ed4-fc49-4b86-bdd9-422e32452b54
[2m2026-05-02T15:03:17.031707Z[0m [32m INFO[0m [2mphantom_core::api::routes::devices[0m[2m:[0m Heartbeat from 55884ed4-fc49-4b86-bdd9-422e32452b54
[2m2026-05-02T15:03:56.199343Z[0m [32m INFO[0m [2mphantom_core::api::routes::devices[0m[2m:[0m Heartbeat from 55884ed4-fc49-4b86-bdd9-422e32452b54
[2m2026-05-02T15:04:26.205186Z[0m [32m INFO[0m [2mphantom_core::api::routes::devices[0m[2m:[0m Heartbeat from 55884ed4-fc49-4b86-bdd9-422e32452b54
[2m2026-05-02T15:05:04.317756Z[0m [32m INFO[0m [2mphantom_core::api::routes::devices[0m[2m:[0m Heartbeat from 55884ed4-fc49-4b86-bdd9-422e32452b54
[2m2026-05-02T15:05:34.321121Z[0m [32m INFO[0m [2mphantom_core::api::routes::devices[0m[2m:[0m Heartbeat from 55884ed4-fc49-4b86-bdd9-422e32452b54
[2m2026-05-02T15:06:13.300951Z[0m [32m INFO[0m [2mphantom_core::api::routes::devices[0m[2m:[0m Heartbeat from 55884ed4-fc49-4b86-bdd9-422e32452b54
[2m2026-05-02T15:06:43.312277Z[0m [32m INFO[0m [2mphantom_core::api::routes::devices[0m[2m:[0m Heartbeat from 55884ed4-fc49-4b86-bdd9-422e32452b54
[2m2026-05-02T15:07:18.881151Z[0m [32m INFO[0m [2mphantom_core::api::routes::devices[0m[2m:[0m Heartbeat from 55884ed4-fc49-4b86-bdd9-422e32452b54
[2m2026-05-02T15:07:48.915724Z[0m [32m INFO[0m [2mphantom_core::api::routes::devices[0m[2m:[0m Heartbeat from 55884ed4-fc49-4b86-bdd9-422e32452b54
[2m2026-05-02T15:08:29.341637Z[0m [32m INFO[0m [2mphantom_core::api::routes::devices[0m[2m:[0m Heartbeat from 55884ed4-fc49-4b86-bdd9-422e32452b54
[2m2026-05-02T15:08:59.361733Z[0m [32m INFO[0m [2mphantom_core::api::routes::devices[0m[2m:[0m Heartbeat from 55884ed4-fc49-4b86-bdd9-422e32452b54
[2m2026-05-02T15:09:51.740565Z[0m [32m INFO[0m [2mphantom_core::api::routes::devices[0m[2m:[0m Heartbeat from 55884ed4-fc49-4b86-bdd9-422e32452b54
[2m2026-05-02T15:10:21.755910Z[0m [32m INFO[0m [2mphantom_core::api::routes::devices[0m[2m:[0m Heartbeat from 55884ed4-fc49-4b86-bdd9-422e32452b54
[2m2026-05-02T15:11:23.153065Z[0m [32m INFO[0m [2mphantom_core::api::routes::devices[0m[2m:[0m Heartbeat from 55884ed4-fc49-4b86-bdd9-422e32452b54
[2m2026-05-02T15:11:53.160111Z[0m [32m INFO[0m [2mphantom_core::api::routes::devices[0m[2m:[0m Heartbeat from 55884ed4-fc49-4b86-bdd9-422e32452b54
[2m2026-05-02T15:12:29.020486Z[0m [32m INFO[0m [2mphantom_core::api::routes::devices[0m[2m:[0m Heartbeat from 55884ed4-fc49-4b86-bdd9-422e32452b54
[2m2026-05-02T15:12:59.027964Z[0m [32m INFO[0m [2mphantom_core::api::routes::devices[0m[2m:[0m Heartbeat from 55884ed4-fc49-4b86-bdd9-422e32452b54
[2m2026-05-02T15:13:38.545694Z[0m [32m INFO[0m [2mphantom_core::api::routes::devices[0m[2m:[0m Heartbeat from 55884ed4-fc49-4b86-bdd9-422e32452b54
[2m2026-05-02T15:14:08.548501Z[0m [32m INFO[0m [2mphantom_core::api::routes::devices[0m[2m:[0m Heartbeat from 55884ed4-fc49-4b86-bdd9-422e32452b54
[2m2026-05-02T15:14:45.508094Z[0m [32m INFO[0m [2mphantom_core::api::routes::devices[0m[2m:[0m Heartbeat from 55884ed4-fc49-4b86-bdd9-422e32452b54
[2m2026-05-02T15:15:15.522652Z[0m [32m INFO[0m [2mphantom_core::api::routes::devices[0m[2m:[0m Heartbeat from 55884ed4-fc49-4b86-bdd9-422e32452b54
[2m2026-05-02T15:15:55.444089Z[0m [32m INFO[0m [2mphantom_core::api::routes::devices[0m[2m:[0m Heartbeat from 55884ed4-fc49-4b86-bdd9-422e32452b54
[2m2026-05-02T15:16:25.452606Z[0m [32m INFO[0m [2mphantom_core::api::routes::devices[0m[2m:[0m Heartbeat from 55884ed4-fc49-4b86-bdd9-422e32452b54
[2m2026-05-02T15:17:05.503252Z[0m [32m INFO[0m [2mphantom_core::api::routes::devices[0m[2m:[0m Heartbeat from 55884ed4-fc49-4b86-bdd9-422e32452b54
[2m2026-05-02T15:17:35.513736Z[0m [32m INFO[0m [2mphantom_core::api::routes::devices[0m[2m:[0m Heartbeat from 55884ed4-fc49-4b86-bdd9-422e32452b54
[2m2026-05-02T15:18:15.084754Z[0m [32m INFO[0m [2mphantom_core::api::routes::devices[0m[2m:[0m Heartbeat from 55884ed4-fc49-4b86-bdd9-422e32452b54
[2m2026-05-02T15:18:45.091401Z[0m [32m INFO[0m [2mphantom_core::api::routes::devices[0m[2m:[0m Heartbeat from 55884ed4-fc49-4b86-bdd9-422e32452b54
[2m2026-05-02T15:19:23.547029Z[0m [32m INFO[0m [2mphantom_core::api::routes::devices[0m[2m:[0m Heartbeat from 55884ed4-fc49-4b86-bdd9-422e32452b54
[2m2026-05-02T15:19:53.558546Z[0m [32m INFO[0m [2mphantom_core::api::routes::devices[0m[2m:[0m Heartbeat from 55884ed4-fc49-4b86-bdd9-422e32452b54
[2m2026-05-02T15:20:43.820775Z[0m [32m INFO[0m [2mphantom_core::api::routes::devices[0m[2m:[0m Heartbeat from 55884ed4-fc49-4b86-bdd9-422e32452b54
[2m2026-05-02T15:21:13.834529Z[0m [32m INFO[0m [2mphantom_core::api::routes::devices[0m[2m:[0m Heartbeat from 55884ed4-fc49-4b86-bdd9-422e32452b54
[2m2026-05-02T15:21:49.992873Z[0m [32m INFO[0m [2mphantom_core::api::routes::devices[0m[2m:[0m Heartbeat from 55884ed4-fc49-4b86-bdd9-422e32452b54
[2m2026-05-02T15:22:20.009931Z[0m [32m INFO[0m [2mphantom_core::api::routes::devices[0m[2m:[0m Heartbeat from 55884ed4-fc49-4b86-bdd9-422e32452b54
[2m2026-05-02T15:22:56.090417Z[0m [32m INFO[0m [2mphantom_core::api::routes::devices[0m[2m:[0m Heartbeat from 55884ed4-fc49-4b86-bdd9-422e32452b54
[2m2026-05-02T15:23:26.094407Z[0m [32m INFO[0m [2mphantom_core::api::routes::devices[0m[2m:[0m Heartbeat from 55884ed4-fc49-4b86-bdd9-422e32452b54
[2m2026-05-02T15:24:05.283999Z[0m [32m INFO[0m [2mphantom_core::api::routes::devices[0m[2m:[0m Heartbeat from 55884ed4-fc49-4b86-bdd9-422e32452b54
[2m2026-05-02T15:24:35.294163Z[0m [32m INFO[0m [2mphantom_core::api::routes::devices[0m[2m:[0m Heartbeat from 55884ed4-fc49-4b86-bdd9-422e32452b54
[2m2026-05-02T15:25:19.449104Z[0m [32m INFO[0m [2mphantom_core::api::routes::devices[0m[2m:[0m Heartbeat from 55884ed4-fc49-4b86-bdd9-422e32452b54
[2m2026-05-02T15:25:49.466437Z[0m [32m INFO[0m [2mphantom_core::api::routes::devices[0m[2m:[0m Heartbeat from 55884ed4-fc49-4b86-bdd9-422e32452b54
[2m2026-05-02T15:26:34.424997Z[0m [32m INFO[0m [2mphantom_core::api::routes::devices[0m[2m:[0m Heartbeat from 55884ed4-fc49-4b86-bdd9-422e32452b54
[2m2026-05-02T15:27:04.435266Z[0m [32m INFO[0m [2mphantom_core::api::routes::devices[0m[2m:[0m Heartbeat from 55884ed4-fc49-4b86-bdd9-422e32452b54
[2m2026-05-02T15:29:44.064930Z[0m [32m INFO[0m [2mphantom_core::api::routes::devices[0m[2m:[0m Heartbeat from 55884ed4-fc49-4b86-bdd9-422e32452b54
[2m2026-05-02T15:30:14.956268Z[0m [32m INFO[0m [2mphantom_core::api::routes::devices[0m[2m:[0m Heartbeat from 55884ed4-fc49-4b86-bdd9-422e32452b54
[2m2026-05-02T15:33:09.619169Z[0m [32m INFO[0m [2mphantom_core::api::routes::devices[0m[2m:[0m Heartbeat from 55884ed4-fc49-4b86-bdd9-422e32452b54
[2m2026-05-02T15:33:41.003367Z[0m [32m INFO[0m [2mphantom_core::api::routes::devices[0m[2m:[0m Heartbeat from 55884ed4-fc49-4b86-bdd9-422e32452b54
[2m2026-05-02T15:34:34.195067Z[0m [32m INFO[0m [2mphantom_core::api::routes::devices[0m[2m:[0m Heartbeat from 55884ed4-fc49-4b86-bdd9-422e32452b54
[2m2026-05-02T15:35:04.450904Z[0m [32m INFO[0m [2mphantom_core::api::routes::devices[0m[2m:[0m Heartbeat from 55884ed4-fc49-4b86-bdd9-422e32452b54
[2m2026-05-02T15:35:51.099187Z[0m [32m INFO[0m [2mphantom_core::api::routes::devices[0m[2m:[0m Heartbeat from 55884ed4-fc49-4b86-bdd9-422e32452b54
[2m2026-05-02T15:36:21.105022Z[0m [32m INFO[0m [2mphantom_core::api::routes::devices[0m[2m:[0m Heartbeat from 55884ed4-fc49-4b86-bdd9-422e32452b54
[2m2026-05-02T15:36:58.106965Z[0m [32m INFO[0m [2mphantom_core::api::routes::devices[0m[2m:[0m Heartbeat from 55884ed4-fc49-4b86-bdd9-422e32452b54
[2m2026-05-02T15:37:28.113154Z[0m [32m INFO[0m [2mphantom_core::api::routes::devices[0m[2m:[0m Heartbeat from 55884ed4-fc49-4b86-bdd9-422e32452b54
[2m2026-05-02T15:38:19.485497Z[0m [32m INFO[0m [2mphantom_core::api::routes::devices[0m[2m:[0m Heartbeat from 55884ed4-fc49-4b86-bdd9-422e32452b54
[2m2026-05-02T15:38:49.498352Z[0m [32m INFO[0m [2mphantom_core::api::routes::devices[0m[2m:[0m Heartbeat from 55884ed4-fc49-4b86-bdd9-422e32452b54
[2m2026-05-02T15:39:55.465864Z[0m [32m INFO[0m [2mphantom_core::api::routes::devices[0m[2m:[0m Heartbeat from 55884ed4-fc49-4b86-bdd9-422e32452b54
[2m2026-05-02T15:40:25.471755Z[0m [32m INFO[0m [2mphantom_core::api::routes::devices[0m[2m:[0m Heartbeat from 55884ed4-fc49-4b86-bdd9-422e32452b54
[2m2026-05-02T15:41:01.626937Z[0m [32m INFO[0m [2mphantom_core::api::routes::devices[0m[2m:[0m Heartbeat from 55884ed4-fc49-4b86-bdd9-422e32452b54
[2m2026-05-02T15:41:31.634932Z[0m [32m INFO[0m [2mphantom_core::api::routes::devices[0m[2m:[0m Heartbeat from 55884ed4-fc49-4b86-bdd9-422e32452b54
[2m2026-05-02T15:42:12.041607Z[0m [32m INFO[0m [2mphantom_core::api::routes::devices[0m[2m:[0m Heartbeat from 55884ed4-fc49-4b86-bdd9-422e32452b54
[2m2026-05-02T15:42:42.059952Z[0m [32m INFO[0m [2mphantom_core::api::routes::devices[0m[2m:[0m Heartbeat from 55884ed4-fc49-4b86-bdd9-422e32452b54
[2m2026-05-02T15:43:22.217398Z[0m [32m INFO[0m [2mphantom_core::api::routes::devices[0m[2m:[0m Heartbeat from 55884ed4-fc49-4b86-bdd9-422e32452b54
[2m2026-05-02T15:43:52.247761Z[0m [32m INFO[0m [2mphantom_core::api::routes::devices[0m[2m:[0m Heartbeat from 55884ed4-fc49-4b86-bdd9-422e32452b54
[2m2026-05-03T08:23:20.383422Z[0m [32m INFO[0m [2mphantom_core[0m[2m:[0m PHANTOM Core v1.0.0 starting...
[2m2026-05-03T08:23:20.384171Z[0m [32m INFO[0m [2mphantom_core[0m[2m:[0m Config loaded from: ./data
[2m2026-05-03T08:23:20.427090Z[0m [32m INFO[0m [2mphantom_core::db::migrations[0m[2m:[0m Database migrations applied
[2m2026-05-03T08:23:20.427116Z[0m [32m INFO[0m [2mphantom_core[0m[2m:[0m Database initialized
[2m2026-05-03T08:23:20.427123Z[0m [32m INFO[0m [2mphantom_core[0m[2m:[0m PHANTOM Core running on port 8000
[2m2026-05-03T08:23:20.427532Z[0m [32m INFO[0m [2mphantom_core::api[0m[2m:[0m API listening on 0.0.0.0:8000
[2m2026-05-03T08:27:47.265625Z[0m [32m INFO[0m [2mphantom_core::api::routes::devices[0m[2m:[0m Heartbeat from 93e82857-4fe6-45de-bab9-be23046fd326
[2m2026-05-03T08:28:17.275096Z[0m [32m INFO[0m [2mphantom_core::api::routes::devices[0m[2m:[0m Heartbeat from 93e82857-4fe6-45de-bab9-be23046fd326
[2m2026-05-03T08:28:47.279799Z[0m [32m INFO[0m [2mphantom_core::api::routes::devices[0m[2m:[0m Heartbeat from 93e82857-4fe6-45de-bab9-be23046fd326
[2m2026-05-03T08:28:59.571371Z[0m [32m INFO[0m [2mphantom_core::api::routes::parental[0m[2m:[0m Blocked device: 192.168.1.5
[2m2026-05-03T08:29:02.108584Z[0m [32m INFO[0m [2mphantom_core::api::routes::parental[0m[2m:[0m Unblocked device: 192.168.1.5
[2m2026-05-03T08:29:19.740144Z[0m [32m INFO[0m [2mphantom_core::api::routes::devices[0m[2m:[0m Heartbeat from 93e82857-4fe6-45de-bab9-be23046fd326
[2m2026-05-03T08:29:49.743008Z[0m [32m INFO[0m [2mphantom_core::api::routes::devices[0m[2m:[0m Heartbeat from 93e82857-4fe6-45de-bab9-be23046fd326
[2m2026-05-03T08:29:52.029649Z[0m [32m INFO[0m [2mphantom_core::api::routes::parental[0m[2m:[0m Blocked device: 192.168.1.6
[2m2026-05-03T08:29:53.274728Z[0m [32m INFO[0m [2mphantom_core::api::routes::parental[0m[2m:[0m Unblocked device: 192.168.1.6
[2m2026-05-03T08:29:54.705636Z[0m [32m INFO[0m [2mphantom_core::api::routes::parental[0m[2m:[0m Blocked device: 192.168.1.5
[2m2026-05-03T08:30:18.532748Z[0m [32m INFO[0m [2mphantom_core::api::routes::parental[0m[2m:[0m Unblocked device: 192.168.1.5
[2m2026-05-03T08:30:19.632073Z[0m [32m INFO[0m [2mphantom_core::api::routes::parental[0m[2m:[0m Blocked device: 192.168.1.6
[2m2026-05-03T08:30:29.405233Z[0m [32m INFO[0m [2mphantom_core::api::routes::devices[0m[2m:[0m Heartbeat from 93e82857-4fe6-45de-bab9-be23046fd326
[2m2026-05-03T08:30:59.413304Z[0m [32m INFO[0m [2mphantom_core::api::routes::devices[0m[2m:[0m Heartbeat from 93e82857-4fe6-45de-bab9-be23046fd326
[2m2026-05-03T08:31:39.489282Z[0m [32m INFO[0m [2mphantom_core::api::routes::devices[0m[2m:[0m Heartbeat from 93e82857-4fe6-45de-bab9-be23046fd326
[2m2026-05-03T08:32:09.507427Z[0m [32m INFO[0m [2mphantom_core::api::routes::devices[0m[2m:[0m Heartbeat from 93e82857-4fe6-45de-bab9-be23046fd326
[2m2026-05-03T08:32:49.939945Z[0m [32m INFO[0m [2mphantom_core::api::routes::devices[0m[2m:[0m Heartbeat from 93e82857-4fe6-45de-bab9-be23046fd326
[2m2026-05-03T08:33:19.944124Z[0m [32m INFO[0m [2mphantom_core::api::routes::devices[0m[2m:[0m Heartbeat from 93e82857-4fe6-45de-bab9-be23046fd326
[2m2026-05-03T08:33:55.218697Z[0m [32m INFO[0m [2mphantom_core::api::routes::devices[0m[2m:[0m Heartbeat from 93e82857-4fe6-45de-bab9-be23046fd326
[2m2026-05-03T08:34:25.226543Z[0m [32m INFO[0m [2mphantom_core::api::routes::devices[0m[2m:[0m Heartbeat from 93e82857-4fe6-45de-bab9-be23046fd326
[2m2026-05-03T08:35:03.220555Z[0m [32m INFO[0m [2mphantom_core::api::routes::devices[0m[2m:[0m Heartbeat from 93e82857-4fe6-45de-bab9-be23046fd326
[2m2026-05-03T08:35:33.229933Z[0m [32m INFO[0m [2mphantom_core::api::routes::devices[0m[2m:[0m Heartbeat from 93e82857-4fe6-45de-bab9-be23046fd326
[2m2026-05-03T08:36:16.155763Z[0m [32m INFO[0m [2mphantom_core::api::routes::devices[0m[2m:[0m Heartbeat from 93e82857-4fe6-45de-bab9-be23046fd326
[2m2026-05-03T08:36:46.162180Z[0m [32m INFO[0m [2mphantom_core::api::routes::devices[0m[2m:[0m Heartbeat from 93e82857-4fe6-45de-bab9-be23046fd326
[2m2026-05-03T08:37:22.199241Z[0m [32m INFO[0m [2mphantom_core::api::routes::devices[0m[2m:[0m Heartbeat from 93e82857-4fe6-45de-bab9-be23046fd326
[2m2026-05-03T08:37:52.205247Z[0m [32m INFO[0m [2mphantom_core::api::routes::devices[0m[2m:[0m Heartbeat from 93e82857-4fe6-45de-bab9-be23046fd326
[2m2026-05-03T08:38:26.007255Z[0m [32m INFO[0m [2mphantom_core::api::routes::devices[0m[2m:[0m Heartbeat from 93e82857-4fe6-45de-bab9-be23046fd326
[2m2026-05-03T08:38:56.017468Z[0m [32m INFO[0m [2mphantom_core::api::routes::devices[0m[2m:[0m Heartbeat from 93e82857-4fe6-45de-bab9-be23046fd326
[2m2026-05-03T08:39:35.210450Z[0m [32m INFO[0m [2mphantom_core::api::routes::devices[0m[2m:[0m Heartbeat from 93e82857-4fe6-45de-bab9-be23046fd326
[2m2026-05-03T08:40:05.254418Z[0m [32m INFO[0m [2mphantom_core::api::routes::devices[0m[2m:[0m Heartbeat from 93e82857-4fe6-45de-bab9-be23046fd326
[2m2026-05-03T08:40:40.532863Z[0m [32m INFO[0m [2mphantom_core::api::routes::devices[0m[2m:[0m Heartbeat from 93e82857-4fe6-45de-bab9-be23046fd326
[2m2026-05-03T08:41:10.549732Z[0m [32m INFO[0m [2mphantom_core::api::routes::devices[0m[2m:[0m Heartbeat from 93e82857-4fe6-45de-bab9-be23046fd326
[2m2026-05-03T08:41:45.413469Z[0m [32m INFO[0m [2mphantom_core::api::routes::devices[0m[2m:[0m Heartbeat from 93e82857-4fe6-45de-bab9-be23046fd326
[2m2026-05-03T08:42:15.436371Z[0m [32m INFO[0m [2mphantom_core::api::routes::devices[0m[2m:[0m Heartbeat from 93e82857-4fe6-45de-bab9-be23046fd326
[2m2026-05-03T08:42:52.193468Z[0m [32m INFO[0m [2mphantom_core::api::routes::devices[0m[2m:[0m Heartbeat from 93e82857-4fe6-45de-bab9-be23046fd326
[2m2026-05-03T08:43:22.209310Z[0m [32m INFO[0m [2mphantom_core::api::routes::devices[0m[2m:[0m Heartbeat from 93e82857-4fe6-45de-bab9-be23046fd326
[2m2026-05-03T08:44:00.976900Z[0m [32m INFO[0m [2mphantom_core::api::routes::devices[0m[2m:[0m Heartbeat from 93e82857-4fe6-45de-bab9-be23046fd326
[2m2026-05-03T08:44:30.992143Z[0m [32m INFO[0m [2mphantom_core::api::routes::devices[0m[2m:[0m Heartbeat from 93e82857-4fe6-45de-bab9-be23046fd326
[2m2026-05-03T08:45:09.376506Z[0m [32m INFO[0m [2mphantom_core::api::routes::devices[0m[2m:[0m Heartbeat from 93e82857-4fe6-45de-bab9-be23046fd326
[2m2026-05-03T08:45:30.644389Z[0m [32m INFO[0m [2mphantom_core::api::routes::parental[0m[2m:[0m Unblocked device: 192.168.1.6
[2m2026-05-03T08:45:39.382160Z[0m [32m INFO[0m [2mphantom_core::api::routes::devices[0m[2m:[0m Heartbeat from 93e82857-4fe6-45de-bab9-be23046fd326
[2m2026-05-03T08:46:14.925153Z[0m [32m INFO[0m [2mphantom_core::api::routes::devices[0m[2m:[0m Heartbeat from 93e82857-4fe6-45de-bab9-be23046fd326
[2m2026-05-03T08:46:44.928800Z[0m [32m INFO[0m [2mphantom_core::api::routes::devices[0m[2m:[0m Heartbeat from 93e82857-4fe6-45de-bab9-be23046fd326
[2m2026-05-03T08:47:31.269768Z[0m [32m INFO[0m [2mphantom_core::api::routes::devices[0m[2m:[0m Heartbeat from 93e82857-4fe6-45de-bab9-be23046fd326
[2m2026-05-03T08:48:01.282185Z[0m [32m INFO[0m [2mphantom_core::api::routes::devices[0m[2m:[0m Heartbeat from 93e82857-4fe6-45de-bab9-be23046fd326
[2m2026-05-03T08:48:41.121154Z[0m [32m INFO[0m [2mphantom_core::api::routes::devices[0m[2m:[0m Heartbeat from 93e82857-4fe6-45de-bab9-be23046fd326
[2m2026-05-03T08:49:11.133312Z[0m [32m INFO[0m [2mphantom_core::api::routes::devices[0m[2m:[0m Heartbeat from 93e82857-4fe6-45de-bab9-be23046fd326
[2m2026-05-03T08:50:12.377357Z[0m [32m INFO[0m [2mphantom_core::api::routes::devices[0m[2m:[0m Heartbeat from 93e82857-4fe6-45de-bab9-be23046fd326
[2m2026-05-03T08:50:42.390966Z[0m [32m INFO[0m [2mphantom_core::api::routes::devices[0m[2m:[0m Heartbeat from 93e82857-4fe6-45de-bab9-be23046fd326
[2m2026-05-03T08:51:19.584418Z[0m [32m INFO[0m [2mphantom_core::api::routes::devices[0m[2m:[0m Heartbeat from 93e82857-4fe6-45de-bab9-be23046fd326
[2m2026-05-03T08:51:49.599617Z[0m [32m INFO[0m [2mphantom_core::api::routes::devices[0m[2m:[0m Heartbeat from 93e82857-4fe6-45de-bab9-be23046fd326
[2m2026-05-03T08:52:25.955119Z[0m [32m INFO[0m [2mphantom_core::api::routes::devices[0m[2m:[0m Heartbeat from 93e82857-4fe6-45de-bab9-be23046fd326
[2m2026-05-03T08:52:55.968354Z[0m [32m INFO[0m [2mphantom_core::api::routes::devices[0m[2m:[0m Heartbeat from 93e82857-4fe6-45de-bab9-be23046fd326
[2m2026-05-03T08:55:16.576826Z[0m [32m INFO[0m [2mphantom_core::api::routes::devices[0m[2m:[0m Heartbeat from 93e82857-4fe6-45de-bab9-be23046fd326
[2m2026-05-03T08:55:46.585120Z[0m [32m INFO[0m [2mphantom_core::api::routes::devices[0m[2m:[0m Heartbeat from 93e82857-4fe6-45de-bab9-be23046fd326
[2m2026-05-03T08:56:33.680032Z[0m [32m INFO[0m [2mphantom_core::api::routes::devices[0m[2m:[0m Heartbeat from 93e82857-4fe6-45de-bab9-be23046fd326
[2m2026-05-03T08:57:03.688729Z[0m [32m INFO[0m [2mphantom_core::api::routes::devices[0m[2m:[0m Heartbeat from 93e82857-4fe6-45de-bab9-be23046fd326
[2m2026-05-03T08:57:45.665781Z[0m [32m INFO[0m [2mphantom_core::api::routes::devices[0m[2m:[0m Heartbeat from 93e82857-4fe6-45de-bab9-be23046fd326
[2m2026-05-03T08:58:15.670839Z[0m [32m INFO[0m [2mphantom_core::api::routes::devices[0m[2m:[0m Heartbeat from 93e82857-4fe6-45de-bab9-be23046fd326
[2m2026-05-03T08:58:54.399600Z[0m [32m INFO[0m [2mphantom_core::api::routes::devices[0m[2m:[0m Heartbeat from 93e82857-4fe6-45de-bab9-be23046fd326
[2m2026-05-03T08:59:24.406561Z[0m [32m INFO[0m [2mphantom_core::api::routes::devices[0m[2m:[0m Heartbeat from 93e82857-4fe6-45de-bab9-be23046fd326
[2m2026-05-03T09:00:01.432265Z[0m [32m INFO[0m [2mphantom_core::api::routes::devices[0m[2m:[0m Heartbeat from 93e82857-4fe6-45de-bab9-be23046fd326
[2m2026-05-03T09:00:31.442947Z[0m [32m INFO[0m [2mphantom_core::api::routes::devices[0m[2m:[0m Heartbeat from 93e82857-4fe6-45de-bab9-be23046fd326
[2m2026-05-03T09:01:07.739725Z[0m [32m INFO[0m [2mphantom_core::api::routes::devices[0m[2m:[0m Heartbeat from 93e82857-4fe6-45de-bab9-be23046fd326
[2m2026-05-03T09:01:37.754269Z[0m [32m INFO[0m [2mphantom_core::api::routes::devices[0m[2m:[0m Heartbeat from 93e82857-4fe6-45de-bab9-be23046fd326
[2m2026-05-03T09:02:11.997799Z[0m [32m INFO[0m [2mphantom_core::api::routes::devices[0m[2m:[0m Heartbeat from 93e82857-4fe6-45de-bab9-be23046fd326
[2m2026-05-03T09:02:42.003589Z[0m [32m INFO[0m [2mphantom_core::api::routes::devices[0m[2m:[0m Heartbeat from 93e82857-4fe6-45de-bab9-be23046fd326
[2m2026-05-03T09:03:18.440135Z[0m [32m INFO[0m [2mphantom_core::api::routes::devices[0m[2m:[0m Heartbeat from 93e82857-4fe6-45de-bab9-be23046fd326
[2m2026-05-03T09:03:48.455659Z[0m [32m INFO[0m [2mphantom_core::api::routes::devices[0m[2m:[0m Heartbeat from 93e82857-4fe6-45de-bab9-be23046fd326
[2m2026-05-03T09:04:23.217129Z[0m [32m INFO[0m [2mphantom_core::api::routes::devices[0m[2m:[0m Heartbeat from 93e82857-4fe6-45de-bab9-be23046fd326
[2m2026-05-03T09:04:53.223013Z[0m [32m INFO[0m [2mphantom_core::api::routes::devices[0m[2m:[0m Heartbeat from 93e82857-4fe6-45de-bab9-be23046fd326
[2m2026-05-03T09:05:28.301092Z[0m [32m INFO[0m [2mphantom_core::api::routes::devices[0m[2m:[0m Heartbeat from 93e82857-4fe6-45de-bab9-be23046fd326
[2m2026-05-03T09:05:58.307513Z[0m [32m INFO[0m [2mphantom_core::api::routes::devices[0m[2m:[0m Heartbeat from 93e82857-4fe6-45de-bab9-be23046fd326
[2m2026-05-03T09:06:37.052271Z[0m [32m INFO[0m [2mphantom_core::api::routes::devices[0m[2m:[0m Heartbeat from 93e82857-4fe6-45de-bab9-be23046fd326
[2m2026-05-03T09:07:07.057407Z[0m [32m INFO[0m [2mphantom_core::api::routes::devices[0m[2m:[0m Heartbeat from 93e82857-4fe6-45de-bab9-be23046fd326
[2m2026-05-03T09:07:46.107926Z[0m [32m INFO[0m [2mphantom_core::api::routes::devices[0m[2m:[0m Heartbeat from 93e82857-4fe6-45de-bab9-be23046fd326
[2m2026-05-03T09:08:16.122198Z[0m [32m INFO[0m [2mphantom_core::api::routes::devices[0m[2m:[0m Heartbeat from 93e82857-4fe6-45de-bab9-be23046fd326
[2m2026-05-03T09:08:55.674354Z[0m [32m INFO[0m [2mphantom_core::api::routes::devices[0m[2m:[0m Heartbeat from 93e82857-4fe6-45de-bab9-be23046fd326
[2m2026-05-03T09:09:25.692073Z[0m [32m INFO[0m [2mphantom_core::api::routes::devices[0m[2m:[0m Heartbeat from 93e82857-4fe6-45de-bab9-be23046fd326
[2m2026-05-03T09:10:00.633806Z[0m [32m INFO[0m [2mphantom_core::api::routes::devices[0m[2m:[0m Heartbeat from 93e82857-4fe6-45de-bab9-be23046fd326
[2m2026-05-03T09:10:30.643652Z[0m [32m INFO[0m [2mphantom_core::api::routes::devices[0m[2m:[0m Heartbeat from 93e82857-4fe6-45de-bab9-be23046fd326
[2m2026-05-03T09:11:05.149428Z[0m [32m INFO[0m [2mphantom_core::api::routes::devices[0m[2m:[0m Heartbeat from 93e82857-4fe6-45de-bab9-be23046fd326
[2m2026-05-03T09:11:35.152406Z[0m [32m INFO[0m [2mphantom_core::api::routes::devices[0m[2m:[0m Heartbeat from 93e82857-4fe6-45de-bab9-be23046fd326
[2m2026-05-03T09:12:13.527272Z[0m [32m INFO[0m [2mphantom_core::api::routes::devices[0m[2m:[0m Heartbeat from 93e82857-4fe6-45de-bab9-be23046fd326
[2m2026-05-03T09:12:43.543939Z[0m [32m INFO[0m [2mphantom_core::api::routes::devices[0m[2m:[0m Heartbeat from 93e82857-4fe6-45de-bab9-be23046fd326
[2m2026-05-03T09:13:37.724234Z[0m [32m INFO[0m [2mphantom_core::api::routes::devices[0m[2m:[0m Heartbeat from 93e82857-4fe6-45de-bab9-be23046fd326
[2m2026-05-03T09:14:07.730907Z[0m [32m INFO[0m [2mphantom_core::api::routes::devices[0m[2m:[0m Heartbeat from 93e82857-4fe6-45de-bab9-be23046fd326
[2m2026-05-03T09:14:42.318001Z[0m [32m INFO[0m [2mphantom_core::api::routes::devices[0m[2m:[0m Heartbeat from 93e82857-4fe6-45de-bab9-be23046fd326
[2m2026-05-03T09:15:12.326177Z[0m [32m INFO[0m [2mphantom_core::api::routes::devices[0m[2m:[0m Heartbeat from 93e82857-4fe6-45de-bab9-be23046fd326
[2m2026-05-03T09:15:48.239352Z[0m [32m INFO[0m [2mphantom_core::api::routes::devices[0m[2m:[0m Heartbeat from 93e82857-4fe6-45de-bab9-be23046fd326
[2m2026-05-03T09:16:18.258403Z[0m [32m INFO[0m [2mphantom_core::api::routes::devices[0m[2m:[0m Heartbeat from 93e82857-4fe6-45de-bab9-be23046fd326
[2m2026-05-03T09:16:54.903713Z[0m [32m INFO[0m [2mphantom_core::api::routes::devices[0m[2m:[0m Heartbeat from 93e82857-4fe6-45de-bab9-be23046fd326
[2m2026-05-03T09:17:24.924133Z[0m [32m INFO[0m [2mphantom_core::api::routes::devices[0m[2m:[0m Heartbeat from 93e82857-4fe6-45de-bab9-be23046fd326
[2m2026-05-03T09:18:23.174885Z[0m [32m INFO[0m [2mphantom_core::api::routes::devices[0m[2m:[0m Heartbeat from 93e82857-4fe6-45de-bab9-be23046fd326
[2m2026-05-03T09:18:53.180493Z[0m [32m INFO[0m [2mphantom_core::api::routes::devices[0m[2m:[0m Heartbeat from 93e82857-4fe6-45de-bab9-be23046fd326
[2m2026-05-03T09:19:31.067975Z[0m [32m INFO[0m [2mphantom_core::api::routes::devices[0m[2m:[0m Heartbeat from 93e82857-4fe6-45de-bab9-be23046fd326
[2m2026-05-03T09:20:01.086414Z[0m [32m INFO[0m [2mphantom_core::api::routes::devices[0m[2m:[0m Heartbeat from 93e82857-4fe6-45de-bab9-be23046fd326
[2m2026-05-03T09:20:40.237612Z[0m [32m INFO[0m [2mphantom_core::api::routes::devices[0m[2m:[0m Heartbeat from 93e82857-4fe6-45de-bab9-be23046fd326
[2m2026-05-03T09:21:10.243030Z[0m [32m INFO[0m [2mphantom_core::api::routes::devices[0m[2m:[0m Heartbeat from 93e82857-4fe6-45de-bab9-be23046fd326
[2m2026-05-03T09:21:56.631975Z[0m [32m INFO[0m [2mphantom_core::api::routes::devices[0m[2m:[0m Heartbeat from 93e82857-4fe6-45de-bab9-be23046fd326
[2m2026-05-03T09:22:26.633639Z[0m [32m INFO[0m [2mphantom_core::api::routes::devices[0m[2m:[0m Heartbeat from 93e82857-4fe6-45de-bab9-be23046fd326
[2m2026-05-03T09:23:00.790561Z[0m [32m INFO[0m [2mphantom_core::api::routes::devices[0m[2m:[0m Heartbeat from 93e82857-4fe6-45de-bab9-be23046fd326
[2m2026-05-03T09:23:30.805991Z[0m [32m INFO[0m [2mphantom_core::api::routes::devices[0m[2m:[0m Heartbeat from 93e82857-4fe6-45de-bab9-be23046fd326
[2m2026-05-03T09:24:07.109606Z[0m [32m INFO[0m [2mphantom_core::api::routes::devices[0m[2m:[0m Heartbeat from 93e82857-4fe6-45de-bab9-be23046fd326
[2m2026-05-03T09:24:37.116318Z[0m [32m INFO[0m [2mphantom_core::api::routes::devices[0m[2m:[0m Heartbeat from 93e82857-4fe6-45de-bab9-be23046fd326
[2m2026-05-03T09:25:13.547694Z[0m [32m INFO[0m [2mphantom_core::api::routes::devices[0m[2m:[0m Heartbeat from 93e82857-4fe6-45de-bab9-be23046fd326
[2m2026-05-03T09:25:43.564683Z[0m [32m INFO[0m [2mphantom_core::api::routes::devices[0m[2m:[0m Heartbeat from 93e82857-4fe6-45de-bab9-be23046fd326
[2m2026-05-03T09:26:17.808974Z[0m [32m INFO[0m [2mphantom_core::api::routes::devices[0m[2m:[0m Heartbeat from 93e82857-4fe6-45de-bab9-be23046fd326
[2m2026-05-03T09:26:47.815583Z[0m [32m INFO[0m [2mphantom_core::api::routes::devices[0m[2m:[0m Heartbeat from 93e82857-4fe6-45de-bab9-be23046fd326
[2m2026-05-03T09:27:22.412995Z[0m [32m INFO[0m [2mphantom_core::api::routes::devices[0m[2m:[0m Heartbeat from 93e82857-4fe6-45de-bab9-be23046fd326
[2m2026-05-03T09:27:52.427988Z[0m [32m INFO[0m [2mphantom_core::api::routes::devices[0m[2m:[0m Heartbeat from 93e82857-4fe6-45de-bab9-be23046fd326
[2m2026-05-03T09:28:30.058105Z[0m [32m INFO[0m [2mphantom_core::api::routes::devices[0m[2m:[0m Heartbeat from 93e82857-4fe6-45de-bab9-be23046fd326
[2m2026-05-03T09:29:00.072529Z[0m [32m INFO[0m [2mphantom_core::api::routes::devices[0m[2m:[0m Heartbeat from 93e82857-4fe6-45de-bab9-be23046fd326
[2m2026-05-03T09:29:35.523688Z[0m [32m INFO[0m [2mphantom_core::api::routes::devices[0m[2m:[0m Heartbeat from 93e82857-4fe6-45de-bab9-be23046fd326
[2m2026-05-03T09:30:05.527033Z[0m [32m INFO[0m [2mphantom_core::api::routes::devices[0m[2m:[0m Heartbeat from 93e82857-4fe6-45de-bab9-be23046fd326
[2m2026-05-03T09:30:40.198284Z[0m [32m INFO[0m [2mphantom_core::api::routes::devices[0m[2m:[0m Heartbeat from 93e82857-4fe6-45de-bab9-be23046fd326
[2m2026-05-03T09:31:10.200190Z[0m [32m INFO[0m [2mphantom_core::api::routes::devices[0m[2m:[0m Heartbeat from 93e82857-4fe6-45de-bab9-be23046fd326
[2m2026-05-03T09:31:44.579458Z[0m [32m INFO[0m [2mphantom_core::api::routes::devices[0m[2m:[0m Heartbeat from 93e82857-4fe6-45de-bab9-be23046fd326
[2m2026-05-03T09:32:14.594874Z[0m [32m INFO[0m [2mphantom_core::api::routes::devices[0m[2m:[0m Heartbeat from 93e82857-4fe6-45de-bab9-be23046fd326
[2m2026-05-03T09:32:52.591416Z[0m [32m INFO[0m [2mphantom_core::api::routes::devices[0m[2m:[0m Heartbeat from 93e82857-4fe6-45de-bab9-be23046fd326
[2m2026-05-03T09:33:22.597663Z[0m [32m INFO[0m [2mphantom_core::api::routes::devices[0m[2m:[0m Heartbeat from 93e82857-4fe6-45de-bab9-be23046fd326
[2m2026-05-03T09:33:56.416058Z[0m [32m INFO[0m [2mphantom_core::api::routes::devices[0m[2m:[0m Heartbeat from 93e82857-4fe6-45de-bab9-be23046fd326
[2m2026-05-03T09:34:26.423002Z[0m [32m INFO[0m [2mphantom_core::api::routes::devices[0m[2m:[0m Heartbeat from 93e82857-4fe6-45de-bab9-be23046fd326
[2m2026-05-03T09:35:48.643016Z[0m [32m INFO[0m [2mphantom_core::api::routes::devices[0m[2m:[0m Heartbeat from 93e82857-4fe6-45de-bab9-be23046fd326
[2m2026-05-03T09:36:18.658578Z[0m [32m INFO[0m [2mphantom_core::api::routes::devices[0m[2m:[0m Heartbeat from 93e82857-4fe6-45de-bab9-be23046fd326
[2m2026-05-03T09:37:23.938189Z[0m [32m INFO[0m [2mphantom_core::api::routes::devices[0m[2m:[0m Heartbeat from 93e82857-4fe6-45de-bab9-be23046fd326
[2m2026-05-03T09:37:53.953479Z[0m [32m INFO[0m [2mphantom_core::api::routes::devices[0m[2m:[0m Heartbeat from 93e82857-4fe6-45de-bab9-be23046fd326
[2m2026-05-03T09:38:31.826696Z[0m [32m INFO[0m [2mphantom_core::api::routes::devices[0m[2m:[0m Heartbeat from 93e82857-4fe6-45de-bab9-be23046fd326
[2m2026-05-03T09:39:01.832217Z[0m [32m INFO[0m [2mphantom_core::api::routes::devices[0m[2m:[0m Heartbeat from 93e82857-4fe6-45de-bab9-be23046fd326
[2m2026-05-03T09:39:36.796210Z[0m [32m INFO[0m [2mphantom_core::api::routes::devices[0m[2m:[0m Heartbeat from 93e82857-4fe6-45de-bab9-be23046fd326
[2m2026-05-03T09:40:06.811816Z[0m [32m INFO[0m [2mphantom_core::api::routes::devices[0m[2m:[0m Heartbeat from 93e82857-4fe6-45de-bab9-be23046fd326
[2m2026-05-03T09:40:44.500182Z[0m [32m INFO[0m [2mphantom_core::api::routes::devices[0m[2m:[0m Heartbeat from 93e82857-4fe6-45de-bab9-be23046fd326
[2m2026-05-03T09:41:14.508632Z[0m [32m INFO[0m [2mphantom_core::api::routes::devices[0m[2m:[0m Heartbeat from 93e82857-4fe6-45de-bab9-be23046fd326
[2m2026-05-03T09:41:51.597769Z[0m [32m INFO[0m [2mphantom_core::api::routes::devices[0m[2m:[0m Heartbeat from 93e82857-4fe6-45de-bab9-be23046fd326
[2m2026-05-03T09:42:21.603312Z[0m [32m INFO[0m [2mphantom_core::api::routes::devices[0m[2m:[0m Heartbeat from 93e82857-4fe6-45de-bab9-be23046fd326
[2m2026-05-03T09:42:59.576617Z[0m [32m INFO[0m [2mphantom_core::api::routes::devices[0m[2m:[0m Heartbeat from 93e82857-4fe6-45de-bab9-be23046fd326
[2m2026-05-03T09:43:29.591349Z[0m [32m INFO[0m [2mphantom_core::api::routes::devices[0m[2m:[0m Heartbeat from 93e82857-4fe6-45de-bab9-be23046fd326
[2m2026-05-03T09:44:07.127382Z[0m [32m INFO[0m [2mphantom_core::api::routes::devices[0m[2m:[0m Heartbeat from 93e82857-4fe6-45de-bab9-be23046fd326
[2m2026-05-03T09:44:37.142531Z[0m [32m INFO[0m [2mphantom_core::api::routes::devices[0m[2m:[0m Heartbeat from 93e82857-4fe6-45de-bab9-be23046fd326
[2m2026-05-03T09:45:17.901966Z[0m [32m INFO[0m [2mphantom_core::api::routes::devices[0m[2m:[0m Heartbeat from 93e82857-4fe6-45de-bab9-be23046fd326
[2m2026-05-03T09:45:47.906460Z[0m [32m INFO[0m [2mphantom_core::api::routes::devices[0m[2m:[0m Heartbeat from 93e82857-4fe6-45de-bab9-be23046fd326
[2m2026-05-03T09:46:23.341400Z[0m [32m INFO[0m [2mphantom_core::api::routes::devices[0m[2m:[0m Heartbeat from 93e82857-4fe6-45de-bab9-be23046fd326
[2m2026-05-03T09:46:53.354324Z[0m [32m INFO[0m [2mphantom_core::api::routes::devices[0m[2m:[0m Heartbeat from 93e82857-4fe6-45de-bab9-be23046fd326
[2m2026-05-03T09:47:41.453897Z[0m [32m INFO[0m [2mphantom_core::api::routes::devices[0m[2m:[0m Heartbeat from 93e82857-4fe6-45de-bab9-be23046fd326
[2m2026-05-03T09:48:11.470603Z[0m [32m INFO[0m [2mphantom_core::api::routes::devices[0m[2m:[0m Heartbeat from 93e82857-4fe6-45de-bab9-be23046fd326
[2m2026-05-03T09:49:00.227681Z[0m [32m INFO[0m [2mphantom_core::api::routes::devices[0m[2m:[0m Heartbeat from 93e82857-4fe6-45de-bab9-be23046fd326
[2m2026-05-03T09:49:30.241724Z[0m [32m INFO[0m [2mphantom_core::api::routes::devices[0m[2m:[0m Heartbeat from 93e82857-4fe6-45de-bab9-be23046fd326
[2m2026-05-03T09:50:06.521424Z[0m [32m INFO[0m [2mphantom_core::api::routes::devices[0m[2m:[0m Heartbeat from 93e82857-4fe6-45de-bab9-be23046fd326
[2m2026-05-03T09:50:36.530883Z[0m [32m INFO[0m [2mphantom_core::api::routes::devices[0m[2m:[0m Heartbeat from 93e82857-4fe6-45de-bab9-be23046fd326
[2m2026-05-03T09:51:13.079407Z[0m [32m INFO[0m [2mphantom_core::api::routes::devices[0m[2m:[0m Heartbeat from 93e82857-4fe6-45de-bab9-be23046fd326
[2m2026-05-03T09:51:43.092332Z[0m [32m INFO[0m [2mphantom_core::api::routes::devices[0m[2m:[0m Heartbeat from 93e82857-4fe6-45de-bab9-be23046fd326
[2m2026-05-03T09:52:23.481800Z[0m [32m INFO[0m [2mphantom_core::api::routes::devices[0m[2m:[0m Heartbeat from 93e82857-4fe6-45de-bab9-be23046fd326
[2m2026-05-03T09:52:53.495971Z[0m [32m INFO[0m [2mphantom_core::api::routes::devices[0m[2m:[0m Heartbeat from 93e82857-4fe6-45de-bab9-be23046fd326
[2m2026-05-03T09:53:27.511670Z[0m [32m INFO[0m [2mphantom_core::api::routes::devices[0m[2m:[0m Heartbeat from 93e82857-4fe6-45de-bab9-be23046fd326
[2m2026-05-03T09:53:57.516781Z[0m [32m INFO[0m [2mphantom_core::api::routes::devices[0m[2m:[0m Heartbeat from 93e82857-4fe6-45de-bab9-be23046fd326
[2m2026-05-03T09:54:35.564657Z[0m [32m INFO[0m [2mphantom_core::api::routes::devices[0m[2m:[0m Heartbeat from 93e82857-4fe6-45de-bab9-be23046fd326
[2m2026-05-03T09:55:05.573930Z[0m [32m INFO[0m [2mphantom_core::api::routes::devices[0m[2m:[0m Heartbeat from 93e82857-4fe6-45de-bab9-be23046fd326
[2m2026-05-03T09:55:44.343624Z[0m [32m INFO[0m [2mphantom_core::api::routes::devices[0m[2m:[0m Heartbeat from 93e82857-4fe6-45de-bab9-be23046fd326
[2m2026-05-03T09:56:14.353083Z[0m [32m INFO[0m [2mphantom_core::api::routes::devices[0m[2m:[0m Heartbeat from 93e82857-4fe6-45de-bab9-be23046fd326
[2m2026-05-03T09:56:53.953689Z[0m [32m INFO[0m [2mphantom_core::api::routes::devices[0m[2m:[0m Heartbeat from 93e82857-4fe6-45de-bab9-be23046fd326
[2m2026-05-03T09:57:23.978426Z[0m [32m INFO[0m [2mphantom_core::api::routes::devices[0m[2m:[0m Heartbeat from 93e82857-4fe6-45de-bab9-be23046fd326
[2m2026-05-03T09:58:02.946358Z[0m [32m INFO[0m [2mphantom_core::api::routes::devices[0m[2m:[0m Heartbeat from 93e82857-4fe6-45de-bab9-be23046fd326
[2m2026-05-03T09:58:32.956220Z[0m [32m INFO[0m [2mphantom_core::api::routes::devices[0m[2m:[0m Heartbeat from 93e82857-4fe6-45de-bab9-be23046fd326
[2m2026-05-03T09:59:10.709059Z[0m [32m INFO[0m [2mphantom_core::api::routes::devices[0m[2m:[0m Heartbeat from 93e82857-4fe6-45de-bab9-be23046fd326
[2m2026-05-03T09:59:40.721178Z[0m [32m INFO[0m [2mphantom_core::api::routes::devices[0m[2m:[0m Heartbeat from 93e82857-4fe6-45de-bab9-be23046fd326
[2m2026-05-03T10:00:55.247863Z[0m [32m INFO[0m [2mphantom_core::api::routes::devices[0m[2m:[0m Heartbeat from 93e82857-4fe6-45de-bab9-be23046fd326
[2m2026-05-03T10:01:25.252590Z[0m [32m INFO[0m [2mphantom_core::api::routes::devices[0m[2m:[0m Heartbeat from 93e82857-4fe6-45de-bab9-be23046fd326
[2m2026-05-03T10:02:04.185220Z[0m [32m INFO[0m [2mphantom_core::api::routes::devices[0m[2m:[0m Heartbeat from 93e82857-4fe6-45de-bab9-be23046fd326
[2m2026-05-03T10:02:34.188274Z[0m [32m INFO[0m [2mphantom_core::api::routes::devices[0m[2m:[0m Heartbeat from 93e82857-4fe6-45de-bab9-be23046fd326
[2m2026-05-03T10:03:08.630692Z[0m [32m INFO[0m [2mphantom_core::api::routes::devices[0m[2m:[0m Heartbeat from 93e82857-4fe6-45de-bab9-be23046fd326
[2m2026-05-03T10:03:38.647300Z[0m [32m INFO[0m [2mphantom_core::api::routes::devices[0m[2m:[0m Heartbeat from 93e82857-4fe6-45de-bab9-be23046fd326
[2m2026-05-03T10:04:14.434774Z[0m [32m INFO[0m [2mphantom_core::api::routes::devices[0m[2m:[0m Heartbeat from 93e82857-4fe6-45de-bab9-be23046fd326
[2m2026-05-03T10:04:44.440869Z[0m [32m INFO[0m [2mphantom_core::api::routes::devices[0m[2m:[0m Heartbeat from 93e82857-4fe6-45de-bab9-be23046fd326
[2m2026-05-03T10:05:21.200574Z[0m [32m INFO[0m [2mphantom_core::api::routes::devices[0m[2m:[0m Heartbeat from 93e82857-4fe6-45de-bab9-be23046fd326
[2m2026-05-03T10:05:51.214690Z[0m [32m INFO[0m [2mphantom_core::api::routes::devices[0m[2m:[0m Heartbeat from 93e82857-4fe6-45de-bab9-be23046fd326
[2m2026-05-03T10:06:26.636387Z[0m [32m INFO[0m [2mphantom_core::api::routes::devices[0m[2m:[0m Heartbeat from 93e82857-4fe6-45de-bab9-be23046fd326
[2m2026-05-03T10:06:56.639956Z[0m [32m INFO[0m [2mphantom_core::api::routes::devices[0m[2m:[0m Heartbeat from 93e82857-4fe6-45de-bab9-be23046fd326
[2m2026-05-03T10:07:33.843724Z[0m [32m INFO[0m [2mphantom_core::api::routes::devices[0m[2m:[0m Heartbeat from 93e82857-4fe6-45de-bab9-be23046fd326
[2m2026-05-03T10:08:03.846285Z[0m [32m INFO[0m [2mphantom_core::api::routes::devices[0m[2m:[0m Heartbeat from 93e82857-4fe6-45de-bab9-be23046fd326
[2m2026-05-03T10:08:43.740220Z[0m [32m INFO[0m [2mphantom_core::api::routes::devices[0m[2m:[0m Heartbeat from 93e82857-4fe6-45de-bab9-be23046fd326
[2m2026-05-03T10:09:13.751403Z[0m [32m INFO[0m [2mphantom_core::api::routes::devices[0m[2m:[0m Heartbeat from 93e82857-4fe6-45de-bab9-be23046fd326
[2m2026-05-03T10:09:52.835360Z[0m [32m INFO[0m [2mphantom_core::api::routes::devices[0m[2m:[0m Heartbeat from 93e82857-4fe6-45de-bab9-be23046fd326
[2m2026-05-03T10:10:22.845630Z[0m [32m INFO[0m [2mphantom_core::api::routes::devices[0m[2m:[0m Heartbeat from 93e82857-4fe6-45de-bab9-be23046fd326
[2m2026-05-03T10:11:01.977094Z[0m [32m INFO[0m [2mphantom_core::api::routes::devices[0m[2m:[0m Heartbeat from 93e82857-4fe6-45de-bab9-be23046fd326
[2m2026-05-03T10:11:31.983680Z[0m [32m INFO[0m [2mphantom_core::api::routes::devices[0m[2m:[0m Heartbeat from 93e82857-4fe6-45de-bab9-be23046fd326
[2m2026-05-03T10:12:07.371961Z[0m [32m INFO[0m [2mphantom_core::api::routes::devices[0m[2m:[0m Heartbeat from 93e82857-4fe6-45de-bab9-be23046fd326
[2m2026-05-03T10:12:37.376996Z[0m [32m INFO[0m [2mphantom_core::api::routes::devices[0m[2m:[0m Heartbeat from 93e82857-4fe6-45de-bab9-be23046fd326
[2m2026-05-03T10:13:14.612360Z[0m [32m INFO[0m [2mphantom_core::api::routes::devices[0m[2m:[0m Heartbeat from 93e82857-4fe6-45de-bab9-be23046fd326
[2m2026-05-03T10:13:44.634867Z[0m [32m INFO[0m [2mphantom_core::api::routes::devices[0m[2m:[0m Heartbeat from 93e82857-4fe6-45de-bab9-be23046fd326
[2m2026-05-03T10:14:24.352113Z[0m [32m INFO[0m [2mphantom_core::api::routes::devices[0m[2m:[0m Heartbeat from 93e82857-4fe6-45de-bab9-be23046fd326
[2m2026-05-03T10:14:54.367171Z[0m [32m INFO[0m [2mphantom_core::api::routes::devices[0m[2m:[0m Heartbeat from 93e82857-4fe6-45de-bab9-be23046fd326
[2m2026-05-03T10:15:28.413026Z[0m [32m INFO[0m [2mphantom_core::api::routes::devices[0m[2m:[0m Heartbeat from 93e82857-4fe6-45de-bab9-be23046fd326
[2m2026-05-03T10:15:58.418463Z[0m [32m INFO[0m [2mphantom_core::api::routes::devices[0m[2m:[0m Heartbeat from 93e82857-4fe6-45de-bab9-be23046fd326
[2m2026-05-03T10:16:36.743426Z[0m [32m INFO[0m [2mphantom_core::api::routes::devices[0m[2m:[0m Heartbeat from 93e82857-4fe6-45de-bab9-be23046fd326
[2m2026-05-03T10:17:06.757290Z[0m [32m INFO[0m [2mphantom_core::api::routes::devices[0m[2m:[0m Heartbeat from 93e82857-4fe6-45de-bab9-be23046fd326
[2m2026-05-03T10:17:41.179128Z[0m [32m INFO[0m [2mphantom_core::api::routes::devices[0m[2m:[0m Heartbeat from 93e82857-4fe6-45de-bab9-be23046fd326
[2m2026-05-03T10:18:11.184478Z[0m [32m INFO[0m [2mphantom_core::api::routes::devices[0m[2m:[0m Heartbeat from 93e82857-4fe6-45de-bab9-be23046fd326
[2m2026-05-03T10:18:49.995760Z[0m [32m INFO[0m [2mphantom_core::api::routes::devices[0m[2m:[0m Heartbeat from 93e82857-4fe6-45de-bab9-be23046fd326
[2m2026-05-03T10:19:19.997761Z[0m [32m INFO[0m [2mphantom_core::api::routes::devices[0m[2m:[0m Heartbeat from 93e82857-4fe6-45de-bab9-be23046fd326
[2m2026-05-03T10:19:57.273047Z[0m [32m INFO[0m [2mphantom_core::api::routes::devices[0m[2m:[0m Heartbeat from 93e82857-4fe6-45de-bab9-be23046fd326
[2m2026-05-03T10:20:27.287050Z[0m [32m INFO[0m [2mphantom_core::api::routes::devices[0m[2m:[0m Heartbeat from 93e82857-4fe6-45de-bab9-be23046fd326
[2m2026-05-03T10:21:18.568900Z[0m [32m INFO[0m [2mphantom_core::api::routes::devices[0m[2m:[0m Heartbeat from 93e82857-4fe6-45de-bab9-be23046fd326
[2m2026-05-03T10:21:48.572296Z[0m [32m INFO[0m [2mphantom_core::api::routes::devices[0m[2m:[0m Heartbeat from 93e82857-4fe6-45de-bab9-be23046fd326
[2m2026-05-03T10:22:28.368380Z[0m [32m INFO[0m [2mphantom_core::api::routes::devices[0m[2m:[0m Heartbeat from 93e82857-4fe6-45de-bab9-be23046fd326
[2m2026-05-03T10:22:58.374699Z[0m [32m INFO[0m [2mphantom_core::api::routes::devices[0m[2m:[0m Heartbeat from 93e82857-4fe6-45de-bab9-be23046fd326
[2m2026-05-03T10:23:37.131764Z[0m [32m INFO[0m [2mphantom_core::api::routes::devices[0m[2m:[0m Heartbeat from 93e82857-4fe6-45de-bab9-be23046fd326
[2m2026-05-03T10:24:07.147789Z[0m [32m INFO[0m [2mphantom_core::api::routes::devices[0m[2m:[0m Heartbeat from 93e82857-4fe6-45de-bab9-be23046fd326
[2m2026-05-03T10:24:42.616587Z[0m [32m INFO[0m [2mphantom_core::api::routes::devices[0m[2m:[0m Heartbeat from 93e82857-4fe6-45de-bab9-be23046fd326
[2m2026-05-03T10:25:12.622886Z[0m [32m INFO[0m [2mphantom_core::api::routes::devices[0m[2m:[0m Heartbeat from 93e82857-4fe6-45de-bab9-be23046fd326
[2m2026-05-03T10:25:53.591502Z[0m [32m INFO[0m [2mphantom_core::api::routes::devices[0m[2m:[0m Heartbeat from 93e82857-4fe6-45de-bab9-be23046fd326
[2m2026-05-03T10:26:23.605824Z[0m [32m INFO[0m [2mphantom_core::api::routes::devices[0m[2m:[0m Heartbeat from 93e82857-4fe6-45de-bab9-be23046fd326
[2m2026-05-03T10:27:06.358113Z[0m [32m INFO[0m [2mphantom_core::api::routes::devices[0m[2m:[0m Heartbeat from 93e82857-4fe6-45de-bab9-be23046fd326
[2m2026-05-03T10:27:36.374584Z[0m [32m INFO[0m [2mphantom_core::api::routes::devices[0m[2m:[0m Heartbeat from 93e82857-4fe6-45de-bab9-be23046fd326
[2m2026-05-03T10:28:10.585735Z[0m [32m INFO[0m [2mphantom_core::api::routes::devices[0m[2m:[0m Heartbeat from 93e82857-4fe6-45de-bab9-be23046fd326
[2m2026-05-03T10:28:40.590927Z[0m [32m INFO[0m [2mphantom_core::api::routes::devices[0m[2m:[0m Heartbeat from 93e82857-4fe6-45de-bab9-be23046fd326
[2m2026-05-03T10:28:48.054782Z[0m [32m INFO[0m [2mphantom_core::api::routes::parental[0m[2m:[0m Blocked device: 192.168.1.6
[2m2026-05-03T10:29:04.645747Z[0m [32m INFO[0m [2mphantom_core::api::routes::parental[0m[2m:[0m Unblocked device: 192.168.1.6
[2m2026-05-03T10:29:20.004557Z[0m [32m INFO[0m [2mphantom_core::api::routes::devices[0m[2m:[0m Heartbeat from 93e82857-4fe6-45de-bab9-be23046fd326
[2m2026-05-03T10:29:50.022851Z[0m [32m INFO[0m [2mphantom_core::api::routes::devices[0m[2m:[0m Heartbeat from 93e82857-4fe6-45de-bab9-be23046fd326
[2m2026-05-03T10:30:28.799937Z[0m [32m INFO[0m [2mphantom_core::api::routes::devices[0m[2m:[0m Heartbeat from 93e82857-4fe6-45de-bab9-be23046fd326
[2m2026-05-03T10:30:58.804611Z[0m [32m INFO[0m [2mphantom_core::api::routes::devices[0m[2m:[0m Heartbeat from 93e82857-4fe6-45de-bab9-be23046fd326
[2m2026-05-03T10:31:38.910986Z[0m [32m INFO[0m [2mphantom_core::api::routes::devices[0m[2m:[0m Heartbeat from 93e82857-4fe6-45de-bab9-be23046fd326
[2m2026-05-03T10:32:08.931101Z[0m [32m INFO[0m [2mphantom_core::api::routes::devices[0m[2m:[0m Heartbeat from 93e82857-4fe6-45de-bab9-be23046fd326
[2m2026-05-03T10:32:43.799103Z[0m [32m INFO[0m [2mphantom_core::api::routes::devices[0m[2m:[0m Heartbeat from 93e82857-4fe6-45de-bab9-be23046fd326
[2m2026-05-03T10:33:13.805857Z[0m [32m INFO[0m [2mphantom_core::api::routes::devices[0m[2m:[0m Heartbeat from 93e82857-4fe6-45de-bab9-be23046fd326
[2m2026-05-03T10:33:54.586557Z[0m [32m INFO[0m [2mphantom_core::api::routes::devices[0m[2m:[0m Heartbeat from 93e82857-4fe6-45de-bab9-be23046fd326
[2m2026-05-03T10:34:24.603760Z[0m [32m INFO[0m [2mphantom_core::api::routes::devices[0m[2m:[0m Heartbeat from 93e82857-4fe6-45de-bab9-be23046fd326
[2m2026-05-03T10:35:03.117936Z[0m [32m INFO[0m [2mphantom_core::api::routes::devices[0m[2m:[0m Heartbeat from 93e82857-4fe6-45de-bab9-be23046fd326
[2m2026-05-03T10:35:33.127280Z[0m [32m INFO[0m [2mphantom_core::api::routes::devices[0m[2m:[0m Heartbeat from 93e82857-4fe6-45de-bab9-be23046fd326
[2m2026-05-03T10:36:07.156333Z[0m [32m INFO[0m [2mphantom_core::api::routes::devices[0m[2m:[0m Heartbeat from 93e82857-4fe6-45de-bab9-be23046fd326
[2m2026-05-03T10:36:37.161487Z[0m [32m INFO[0m [2mphantom_core::api::routes::devices[0m[2m:[0m Heartbeat from 93e82857-4fe6-45de-bab9-be23046fd326
[2m2026-05-03T10:37:14.850892Z[0m [32m INFO[0m [2mphantom_core::api::routes::devices[0m[2m:[0m Heartbeat from 93e82857-4fe6-45de-bab9-be23046fd326
[2m2026-05-03T10:37:44.858476Z[0m [32m INFO[0m [2mphantom_core::api::routes::devices[0m[2m:[0m Heartbeat from 93e82857-4fe6-45de-bab9-be23046fd326
[2m2026-05-03T10:38:19.352506Z[0m [32m INFO[0m [2mphantom_core::api::routes::devices[0m[2m:[0m Heartbeat from 93e82857-4fe6-45de-bab9-be23046fd326
[2m2026-05-03T10:38:49.360362Z[0m [32m INFO[0m [2mphantom_core::api::routes::devices[0m[2m:[0m Heartbeat from 93e82857-4fe6-45de-bab9-be23046fd326
[2m2026-05-03T10:39:26.577993Z[0m [32m INFO[0m [2mphantom_core::api::routes::devices[0m[2m:[0m Heartbeat from 93e82857-4fe6-45de-bab9-be23046fd326
[2m2026-05-03T10:39:56.585434Z[0m [32m INFO[0m [2mphantom_core::api::routes::devices[0m[2m:[0m Heartbeat from 93e82857-4fe6-45de-bab9-be23046fd326
[2m2026-05-03T10:40:32.564393Z[0m [32m INFO[0m [2mphantom_core::api::routes::devices[0m[2m:[0m Heartbeat from 93e82857-4fe6-45de-bab9-be23046fd326
[2m2026-05-03T10:41:02.569940Z[0m [32m INFO[0m [2mphantom_core::api::routes::devices[0m[2m:[0m Heartbeat from 93e82857-4fe6-45de-bab9-be23046fd326
[2m2026-05-03T10:41:53.862680Z[0m [32m INFO[0m [2mphantom_core::api::routes::devices[0m[2m:[0m Heartbeat from 93e82857-4fe6-45de-bab9-be23046fd326
[2m2026-05-03T10:42:23.869049Z[0m [32m INFO[0m [2mphantom_core::api::routes::devices[0m[2m:[0m Heartbeat from 93e82857-4fe6-45de-bab9-be23046fd326
[2m2026-05-03T10:43:01.428545Z[0m [32m INFO[0m [2mphantom_core::api::routes::devices[0m[2m:[0m Heartbeat from 93e82857-4fe6-45de-bab9-be23046fd326
[2m2026-05-03T10:43:31.445590Z[0m [32m INFO[0m [2mphantom_core::api::routes::devices[0m[2m:[0m Heartbeat from 93e82857-4fe6-45de-bab9-be23046fd326
[2m2026-05-03T10:44:09.286840Z[0m [32m INFO[0m [2mphantom_core::api::routes::devices[0m[2m:[0m Heartbeat from 93e82857-4fe6-45de-bab9-be23046fd326
[2m2026-05-03T10:44:39.307188Z[0m [32m INFO[0m [2mphantom_core::api::routes::devices[0m[2m:[0m Heartbeat from 93e82857-4fe6-45de-bab9-be23046fd326
[2m2026-05-03T10:45:13.584144Z[0m [32m INFO[0m [2mphantom_core::api::routes::devices[0m[2m:[0m Heartbeat from 93e82857-4fe6-45de-bab9-be23046fd326
[2m2026-05-03T10:45:43.605584Z[0m [32m INFO[0m [2mphantom_core::api::routes::devices[0m[2m:[0m Heartbeat from 93e82857-4fe6-45de-bab9-be23046fd326
[2m2026-05-03T10:46:18.089409Z[0m [32m INFO[0m [2mphantom_core::api::routes::devices[0m[2m:[0m Heartbeat from 93e82857-4fe6-45de-bab9-be23046fd326
[2m2026-05-03T10:46:48.113275Z[0m [32m INFO[0m [2mphantom_core::api::routes::devices[0m[2m:[0m Heartbeat from 93e82857-4fe6-45de-bab9-be23046fd326
[2m2026-05-03T10:47:27.382198Z[0m [32m INFO[0m [2mphantom_core::api::routes::devices[0m[2m:[0m Heartbeat from 93e82857-4fe6-45de-bab9-be23046fd326
[2m2026-05-03T10:47:57.399304Z[0m [32m INFO[0m [2mphantom_core::api::routes::devices[0m[2m:[0m Heartbeat from 93e82857-4fe6-45de-bab9-be23046fd326
[2m2026-05-03T10:48:31.530599Z[0m [32m INFO[0m [2mphantom_core::api::routes::devices[0m[2m:[0m Heartbeat from 93e82857-4fe6-45de-bab9-be23046fd326
[2m2026-05-03T10:49:01.537307Z[0m [32m INFO[0m [2mphantom_core::api::routes::devices[0m[2m:[0m Heartbeat from 93e82857-4fe6-45de-bab9-be23046fd326
[2m2026-05-03T10:49:47.651290Z[0m [32m INFO[0m [2mphantom_core::api::routes::devices[0m[2m:[0m Heartbeat from 93e82857-4fe6-45de-bab9-be23046fd326
[2m2026-05-03T10:50:17.665780Z[0m [32m INFO[0m [2mphantom_core::api::routes::devices[0m[2m:[0m Heartbeat from 93e82857-4fe6-45de-bab9-be23046fd326
[2m2026-05-03T10:50:51.695312Z[0m [32m INFO[0m [2mphantom_core::api::routes::devices[0m[2m:[0m Heartbeat from 93e82857-4fe6-45de-bab9-be23046fd326
[2m2026-05-03T10:51:21.699878Z[0m [32m INFO[0m [2mphantom_core::api::routes::devices[0m[2m:[0m Heartbeat from 93e82857-4fe6-45de-bab9-be23046fd326
[2m2026-05-03T10:52:45.753316Z[0m [32m INFO[0m [2mphantom_core::api::routes::devices[0m[2m:[0m Heartbeat from 93e82857-4fe6-45de-bab9-be23046fd326
[2m2026-05-03T10:53:15.770972Z[0m [32m INFO[0m [2mphantom_core::api::routes::devices[0m[2m:[0m Heartbeat from 93e82857-4fe6-45de-bab9-be23046fd326
[2m2026-05-03T10:53:51.508061Z[0m [32m INFO[0m [2mphantom_core::api::routes::devices[0m[2m:[0m Heartbeat from 93e82857-4fe6-45de-bab9-be23046fd326
[2m2026-05-03T10:54:21.525855Z[0m [32m INFO[0m [2mphantom_core::api::routes::devices[0m[2m:[0m Heartbeat from 93e82857-4fe6-45de-bab9-be23046fd326
[2m2026-05-03T10:54:59.276735Z[0m [32m INFO[0m [2mphantom_core::api::routes::devices[0m[2m:[0m Heartbeat from 93e82857-4fe6-45de-bab9-be23046fd326
[2m2026-05-03T10:55:29.280997Z[0m [32m INFO[0m [2mphantom_core::api::routes::devices[0m[2m:[0m Heartbeat from 93e82857-4fe6-45de-bab9-be23046fd326
[2m2026-05-03T10:56:05.179470Z[0m [32m INFO[0m [2mphantom_core::api::routes::devices[0m[2m:[0m Heartbeat from 93e82857-4fe6-45de-bab9-be23046fd326
[2m2026-05-03T10:56:35.186125Z[0m [32m INFO[0m [2mphantom_core::api::routes::devices[0m[2m:[0m Heartbeat from 93e82857-4fe6-45de-bab9-be23046fd326
[2m2026-05-03T10:57:35.492839Z[0m [32m INFO[0m [2mphantom_core::api::routes::devices[0m[2m:[0m Heartbeat from 93e82857-4fe6-45de-bab9-be23046fd326
[2m2026-05-03T10:57:53.944114Z[0m [32m INFO[0m [2mphantom_core::api::routes::parental[0m[2m:[0m Blocked device: 192.168.1.6
[2m2026-05-03T10:57:55.578180Z[0m [32m INFO[0m [2mphantom_core::api::routes::parental[0m[2m:[0m Blocked device: 192.168.1.5
[2m2026-05-03T10:58:00.380198Z[0m [32m INFO[0m [2mphantom_core::api::routes::parental[0m[2m:[0m Unblocked device: 192.168.1.5
[2m2026-05-03T10:58:01.552262Z[0m [32m INFO[0m [2mphantom_core::api::routes::parental[0m[2m:[0m Unblocked device: 192.168.1.6
[2m2026-05-03T10:58:05.497978Z[0m [32m INFO[0m [2mphantom_core::api::routes::devices[0m[2m:[0m Heartbeat from 93e82857-4fe6-45de-bab9-be23046fd326
